#
# There is insufficient memory for the Java Runtime Environment to continue.
# Native memory allocation (mmap) failed to map 99614720 bytes. Error detail: G1 virtual space
# Possible reasons:
#   The system is out of physical RAM or swap space
#   This process is running with CompressedOops enabled, and the Java Heap may be blocking the growth of the native heap
# Possible solutions:
#   Reduce memory load on the system
#   Increase physical memory or swap space
#   Check if swap backing store is full
#   Decrease Java heap size (-Xmx/-Xms)
#   Decrease number of Java threads
#   Decrease Java thread stack sizes (-Xss)
#   Set larger code cache with -XX:ReservedCodeCacheSize=
#   JVM is running with Unscaled Compressed Oops mode in which the Java heap is
#     placed in the first 4GB address space. The Java Heap base address is the
#     maximum limit for the native heap growth. Please use -XX:HeapBaseMinAddress
#     to set the Java Heap base and to place the Java Heap above 4GB virtual address.
# This output file may be truncated or incomplete.
#
#  Out of Memory Error (os_windows.cpp:3714), pid=19992, tid=14064
#
# JRE version: OpenJDK Runtime Environment Temurin-21.0.10+7 (21.0.10+7) (build 21.0.10+7-LTS)
# Java VM: OpenJDK 64-Bit Server VM Temurin-21.0.10+7 (21.0.10+7-LTS, mixed mode, sharing, tiered, compressed oops, compressed class ptrs, g1 gc, windows-amd64)
# No core dump will be written. Minidumps are not enabled by default on client versions of Windows
#

---------------  S U M M A R Y ------------

Command Line: --add-opens=java.base/java.lang=ALL-UNNAMED --add-opens=java.base/java.lang.invoke=ALL-UNNAMED --add-opens=java.base/java.util=ALL-UNNAMED --add-opens=java.prefs/java.util.prefs=ALL-UNNAMED --add-exports=jdk.compiler/com.sun.tools.javac.api=ALL-UNNAMED --add-exports=jdk.compiler/com.sun.tools.javac.util=ALL-UNNAMED --add-opens=java.base/java.util=ALL-UNNAMED --add-opens=java.prefs/java.util.prefs=ALL-UNNAMED --add-opens=java.base/java.nio.charset=ALL-UNNAMED --add-opens=java.base/java.net=ALL-UNNAMED --add-opens=java.base/java.util.concurrent=ALL-UNNAMED --add-opens=java.base/java.util.concurrent.atomic=ALL-UNNAMED --add-opens=java.xml/javax.xml.namespace=ALL-UNNAMED -XX:MaxMetaspaceSize=512m -Xmx2048m -Dfile.encoding=UTF-8 -Duser.country=US -Duser.language=en -Duser.variant -javaagent:C:\Users\notai\.gradle\wrapper\dists\gradle-9.0.0-bin\d6wjpkvcgsg3oed0qlfss3wgl\gradle-9.0.0\lib\agents\gradle-instrumentation-agent-9.0.0.jar org.gradle.launcher.daemon.bootstrap.GradleDaemon 9.0.0

Host: Intel(R) Core(TM) i5-1035G1 CPU @ 1.00GHz, 8 cores, 31G,  Windows 11 , 64 bit Build 22621 (10.0.22621.5415)
Time: Thu May  7 13:54:27 2026 W. Central Africa Standard Time elapsed time: 82.172210 seconds (0d 0h 1m 22s)

---------------  T H R E A D  ---------------

Current thread (0x000002657a6242d0):  VMThread "VM Thread"          [id=14064, stack(0x000000c29f700000,0x000000c29f800000) (1024K)]

Stack: [0x000000c29f700000,0x000000c29f800000]
Native frames: (J=compiled Java code, j=interpreted, Vv=VM code, C=native code)
V  [jvm.dll+0x6d7a39]
V  [jvm.dll+0x8b4b26]
V  [jvm.dll+0x8b70de]
V  [jvm.dll+0x8b77c3]
V  [jvm.dll+0x284346]
V  [jvm.dll+0x6d4355]
V  [jvm.dll+0x6c808a]
V  [jvm.dll+0x35edb8]
V  [jvm.dll+0x3669f6]
V  [jvm.dll+0x3b7afe]
V  [jvm.dll+0x3b7da8]
V  [jvm.dll+0x332fbc]
V  [jvm.dll+0x3357d6]
V  [jvm.dll+0x33f7cd]
V  [jvm.dll+0x374e8f]
V  [jvm.dll+0x8bd4b0]
V  [jvm.dll+0x8be824]
V  [jvm.dll+0x8bed50]
V  [jvm.dll+0x8beff3]
V  [jvm.dll+0x85f59d]
V  [jvm.dll+0x6d626d]
C  [ucrtbase.dll+0x29333]
C  [KERNEL32.DLL+0x1259d]
C  [ntdll.dll+0x5af78]

VM_Operation (0x000000c29f2ff380): G1PauseRemark, mode: safepoint, requested by thread 0x0000026571eff760


---------------  P R O C E S S  ---------------

Threads class SMR info:
_java_thread_list=0x000002652faac590, length=169, elements={
0x0000026571e96770, 0x000002657a6372c0, 0x000002657a638b30, 0x000002657a63b930,
0x000002657a75df60, 0x000002657a761180, 0x000002657a762380, 0x000002657a76ad00,
0x000002657a769040, 0x000002657f038830, 0x000002657a988120, 0x000002652b0a1230,
0x000002652b015930, 0x000002652b1ed940, 0x000002652b17b390, 0x000002652b38f0f0,
0x000002652b382350, 0x000002652b381cc0, 0x000002652b3829e0, 0x000002652bff8c50,
0x000002652bff6b80, 0x000002652bff7210, 0x000002652bff78a0, 0x000002652bff92e0,
0x000002652bff9970, 0x000002652bff3700, 0x000002652bffad20, 0x000002652f793d90,
0x000002652bc7c8b0, 0x000002652bc803c0, 0x000002652bc7f6a0, 0x000002652bc7fd30,
0x000002652bc831b0, 0x000002652bc7cf40, 0x000002652bc7e2f0, 0x000002652d996930,
0x000002652d996fc0, 0x000002652cfa3e30, 0x000002652b87bf70, 0x000002652e7e5430,
0x000002652e7e8220, 0x000002652e7e7b90, 0x000002652e2a9a20, 0x000002652f031d80,
0x000002652f032aa0, 0x000002652d03acf0, 0x000002652d03b380, 0x000002652d0340b0,
0x000002657f09c5b0, 0x000002652c611d70, 0x000002652c60ef80, 0x00000265369d1e30,
0x00000265369d24c0, 0x00000265369d31e0, 0x00000265369d2b50, 0x00000265369d3870,
0x000002653725ab90, 0x000002653725b220, 0x000002653725b8b0, 0x000002652f0344e0,
0x000002652f0316f0, 0x000002652f033e50, 0x000002652d36c460, 0x000002652d36caf0,
0x000002652cfa3110, 0x000002652cfa16d0, 0x000002652cfa2a80, 0x000002652cfa44c0,
0x000002652cfa1040, 0x000002652cfa37a0, 0x00000265393104a0, 0x000002653930ea60,
0x000002652d36d180, 0x0000026537f3aca0, 0x0000026537f3b330, 0x0000026537f38540,
0x0000026537f39260, 0x0000026537f37eb0, 0x0000026537f398f0, 0x0000026537f39f80,
0x000002653930f0f0, 0x000002653930d6b0, 0x000002653930dd40, 0x000002652d031950,
0x000002652d0312c0, 0x000002652d032670, 0x000002652d031fe0, 0x000002652d033390,
0x000002652d030c30, 0x000002652edd8dd0, 0x000002652edda810, 0x000002652edd9af0,
0x000002652edda180, 0x000002652edd80b0, 0x000002652d80fb50, 0x000002652d80e7a0,
0x000002652c610330, 0x000002652c60fca0, 0x000002652c611050, 0x000002652c6109c0,
0x000002652e2a9390, 0x0000026539c6a300, 0x0000026538b40ad0, 0x0000026538b3f090,
0x0000026539c6c3d0, 0x0000026539c6ca60, 0x0000026539c6a990, 0x0000026539c6bd40,
0x0000026539c6b020, 0x0000026539c6d0f0, 0x0000026539c6d780, 0x0000026539c6b6b0,
0x000002652e1f1dc0, 0x000002657f09cc40, 0x000002657f09dff0, 0x00000265375444a0,
0x000002652bcc4280, 0x000002652bcc7070, 0x000002652bcc5cc0, 0x000002652bcc5630,
0x000002652bcc4fa0, 0x000002652bcc4910, 0x000002652bcc6350, 0x000002657f084fb0,
0x000002652bcc69e0, 0x00000265367d93b0, 0x000002657f087080, 0x00000265367da0d0,
0x000002657f084920, 0x000002657f083570, 0x0000026538b41160, 0x000002657f084290,
0x0000026538b3fdb0, 0x000002657f086360, 0x0000026538b417f0, 0x000002657f085640,
0x0000026538b41e80, 0x000002657f085cd0, 0x000002652d03c0a0, 0x00000265367d8690,
0x00000265367d9a40, 0x00000265367da760, 0x00000265367dadf0, 0x000002652bcc3bf0,
0x0000026537e7b320, 0x0000026537e78bc0, 0x0000026538b40440, 0x000002652d039fd0,
0x000002652d039940, 0x00000265370027f0, 0x0000026537000db0, 0x0000026537002e80,
0x0000026537001ad0, 0x0000026537545ee0, 0x00000265367db480, 0x0000026538b3f720,
0x0000026538b42510, 0x0000026537e7b9b0, 0x0000026537e7c040, 0x0000026537e79250,
0x00000265367d8000, 0x00000265369d1110, 0x000002652e1f10a0, 0x0000026537003510,
0x00000265369d3f00, 0x000002653859e2e0, 0x000002653859d5c0, 0x000002653859e970,
0x0000026538b1b470
}

Java Threads: ( => current thread )
  0x0000026571e96770 JavaThread "main"                              [_thread_blocked, id=29252, stack(0x000000c29f000000,0x000000c29f100000) (1024K)]
  0x000002657a6372c0 JavaThread "Reference Handler"          daemon [_thread_blocked, id=23888, stack(0x000000c29f800000,0x000000c29f900000) (1024K)]
  0x000002657a638b30 JavaThread "Finalizer"                  daemon [_thread_blocked, id=21988, stack(0x000000c29f900000,0x000000c29fa00000) (1024K)]
  0x000002657a63b930 JavaThread "Signal Dispatcher"          daemon [_thread_blocked, id=1996, stack(0x000000c29fa00000,0x000000c29fb00000) (1024K)]
  0x000002657a75df60 JavaThread "Attach Listener"            daemon [_thread_blocked, id=26964, stack(0x000000c29fb00000,0x000000c29fc00000) (1024K)]
  0x000002657a761180 JavaThread "Service Thread"             daemon [_thread_blocked, id=5976, stack(0x000000c29fc00000,0x000000c29fd00000) (1024K)]
  0x000002657a762380 JavaThread "Monitor Deflation Thread"   daemon [_thread_blocked, id=28028, stack(0x000000c29fd00000,0x000000c29fe00000) (1024K)]
  0x000002657a76ad00 JavaThread "C2 CompilerThread0"         daemon [_thread_in_native, id=22392, stack(0x000000c29fe00000,0x000000c29ff00000) (1024K)]
  0x000002657a769040 JavaThread "C1 CompilerThread0"         daemon [_thread_blocked, id=4992, stack(0x000000c29ff00000,0x000000c2a0000000) (1024K)]
  0x000002657f038830 JavaThread "Common-Cleaner"             daemon [_thread_blocked, id=24228, stack(0x000000c2a0000000,0x000000c2a0100000) (1024K)]
  0x000002657a988120 JavaThread "Notification Thread"        daemon [_thread_blocked, id=28304, stack(0x000000c2a0100000,0x000000c2a0200000) (1024K)]
  0x000002652b0a1230 JavaThread "Daemon health stats"               [_thread_blocked, id=17048, stack(0x000000c2a0300000,0x000000c2a0400000) (1024K)]
  0x000002652b015930 JavaThread "Incoming local TCP Connector on port 58917"        [_thread_in_native, id=27760, stack(0x000000c2a0b00000,0x000000c2a0c00000) (1024K)]
  0x000002652b1ed940 JavaThread "Daemon periodic checks"            [_thread_blocked, id=16220, stack(0x000000c2a0c00000,0x000000c2a0d00000) (1024K)]
  0x000002652b17b390 JavaThread "Daemon"                            [_thread_blocked, id=30200, stack(0x000000c2a0d00000,0x000000c2a0e00000) (1024K)]
  0x000002652b38f0f0 JavaThread "Daemon worker"                     [_thread_blocked, id=31564, stack(0x000000c2a1000000,0x000000c2a1100000) (1024K)]
  0x000002652b382350 JavaThread "Cache worker for journal cache (C:\Users\notai\.gradle\caches\journal-1)"        [_thread_blocked, id=33696, stack(0x000000c2a1400000,0x000000c2a1500000) (1024K)]
  0x000002652b381cc0 JavaThread "File lock request listener"        [_thread_in_native, id=2704, stack(0x000000c2a1500000,0x000000c2a1600000) (1024K)]
  0x000002652b3829e0 JavaThread "Cache worker for file hash cache (C:\Users\notai\.gradle\caches\9.0.0\fileHashes)"        [_thread_blocked, id=28716, stack(0x000000c2a1600000,0x000000c2a1700000) (1024K)]
  0x000002652bff8c50 JavaThread "File lock release action executor"        [_thread_blocked, id=25504, stack(0x000000c2a1900000,0x000000c2a1a00000) (1024K)]
  0x000002652bff6b80 JavaThread "File watcher server"        daemon [_thread_in_native, id=28968, stack(0x000000c2a0200000,0x000000c2a0300000) (1024K)]
  0x000002652bff7210 JavaThread "File watcher consumer"      daemon [_thread_blocked, id=22992, stack(0x000000c2a1700000,0x000000c2a1800000) (1024K)]
  0x000002652bff78a0 JavaThread "Cache worker for file content cache (C:\Users\notai\.gradle\caches\9.0.0\fileContent)"        [_thread_blocked, id=10804, stack(0x000000c2a1d00000,0x000000c2a1e00000) (1024K)]
  0x000002652bff92e0 JavaThread "jar transforms"                    [_thread_blocked, id=30012, stack(0x000000c2a2000000,0x000000c2a2100000) (1024K)]
  0x000002652bff9970 JavaThread "Exec process"                      [_thread_blocked, id=22240, stack(0x000000c2a2200000,0x000000c2a2300000) (1024K)]
  0x000002652bff3700 JavaThread "Exec process Thread 2"             [_thread_blocked, id=15316, stack(0x000000c2a2300000,0x000000c2a2400000) (1024K)]
  0x000002652bffad20 JavaThread "Exec process Thread 3"             [_thread_blocked, id=33372, stack(0x000000c2a2400000,0x000000c2a2500000) (1024K)]
  0x000002652f793d90 JavaThread "Memory manager"                    [_thread_blocked, id=32216, stack(0x000000c2a4300000,0x000000c2a4400000) (1024K)]
  0x000002652bc7c8b0 JavaThread "ForkJoinPool.commonPool-worker-1" daemon [_thread_blocked, id=2936, stack(0x000000c2a6200000,0x000000c2a6300000) (1024K)]
  0x000002652bc803c0 JavaThread "ForkJoinPool.commonPool-worker-2" daemon [_thread_blocked, id=25928, stack(0x000000c2a6300000,0x000000c2a6400000) (1024K)]
  0x000002652bc7f6a0 JavaThread "ForkJoinPool.commonPool-worker-3" daemon [_thread_blocked, id=11096, stack(0x000000c2a6400000,0x000000c2a6500000) (1024K)]
  0x000002652bc7fd30 JavaThread "ForkJoinPool.commonPool-worker-4" daemon [_thread_blocked, id=22912, stack(0x000000c2a6500000,0x000000c2a6600000) (1024K)]
  0x000002652bc831b0 JavaThread "ForkJoinPool.commonPool-worker-5" daemon [_thread_blocked, id=22156, stack(0x000000c2a6600000,0x000000c2a6700000) (1024K)]
  0x000002652bc7cf40 JavaThread "ForkJoinPool.commonPool-worker-6" daemon [_thread_blocked, id=24776, stack(0x000000c2a6700000,0x000000c2a6800000) (1024K)]
  0x000002652bc7e2f0 JavaThread "ForkJoinPool.commonPool-worker-7" daemon [_thread_blocked, id=26748, stack(0x000000c2a6800000,0x000000c2a6900000) (1024K)]
  0x000002652d996930 JavaThread "included builds"                   [_thread_blocked, id=18276, stack(0x000000c2a2700000,0x000000c2a2800000) (1024K)]
  0x000002652d996fc0 JavaThread "included builds Thread 2"          [_thread_blocked, id=6860, stack(0x000000c2a5e00000,0x000000c2a5f00000) (1024K)]
  0x000002652cfa3e30 JavaThread "jar transforms Thread 2"           [_thread_blocked, id=9968, stack(0x000000c2a7600000,0x000000c2a7700000) (1024K)]
  0x000002652b87bf70 JavaThread "jar transforms Thread 3"           [_thread_blocked, id=16972, stack(0x000000c2a9200000,0x000000c2a9300000) (1024K)]
  0x000002652e7e5430 JavaThread "included builds Thread 3"          [_thread_blocked, id=11880, stack(0x000000c2a9800000,0x000000c2a9900000) (1024K)]
  0x000002652e7e8220 JavaThread "included builds Thread 4"          [_thread_blocked, id=28092, stack(0x000000c2a9900000,0x000000c2a9a00000) (1024K)]
  0x000002652e7e7b90 JavaThread "included builds Thread 5"          [_thread_blocked, id=20988, stack(0x000000c2a9b00000,0x000000c2a9c00000) (1024K)]
  0x000002652e2a9a20 JavaThread "jar transforms Thread 4"           [_thread_blocked, id=17032, stack(0x000000c2a9e00000,0x000000c2a9f00000) (1024K)]
  0x000002652f031d80 JavaThread "jar transforms Thread 5"           [_thread_blocked, id=13316, stack(0x000000c2aa000000,0x000000c2aa100000) (1024K)]
  0x000002652f032aa0 JavaThread "jar transforms Thread 6"           [_thread_blocked, id=29704, stack(0x000000c2aa100000,0x000000c2aa200000) (1024K)]
  0x000002652d03acf0 JavaThread "jar transforms Thread 7"           [_thread_blocked, id=20048, stack(0x000000c29ef00000,0x000000c29f000000) (1024K)]
  0x000002652d03b380 JavaThread "jar transforms Thread 8"           [_thread_blocked, id=13532, stack(0x000000c2a9600000,0x000000c2a9700000) (1024K)]
  0x000002652d0340b0 JavaThread "pool-3-thread-1"                   [_thread_blocked, id=32120, stack(0x000000c2aa400000,0x000000c2aa500000) (1024K)]
  0x000002657f09c5b0 JavaThread "VFS cleanup"                       [_thread_blocked, id=24520, stack(0x000000c2a1100000,0x000000c2a1200000) (1024K)]
  0x000002652c611d70 JavaThread "Handler for socket connection from /127.0.0.1:58917 to /127.0.0.1:50220"        [_thread_in_native, id=2908, stack(0x000000c29ed00000,0x000000c29ee00000) (1024K)]
  0x000002652c60ef80 JavaThread "Cancel handler"                    [_thread_blocked, id=33280, stack(0x000000c29ee00000,0x000000c29ef00000) (1024K)]
  0x00000265369d1e30 JavaThread "Asynchronous log dispatcher for DefaultDaemonConnection: socket connection from /127.0.0.1:58917 to /127.0.0.1:50220"        [_thread_blocked, id=3280, stack(0x000000c2a0f00000,0x000000c2a1000000) (1024K)]
  0x00000265369d24c0 JavaThread "Stdin handler"                     [_thread_blocked, id=14312, stack(0x000000c2a1200000,0x000000c2a1300000) (1024K)]
  0x00000265369d31e0 JavaThread "Daemon client event forwarder"        [_thread_blocked, id=25840, stack(0x000000c2a1300000,0x000000c2a1400000) (1024K)]
  0x00000265369d2b50 JavaThread "Cache worker for file hash cache (D:\Software Projects\jagabans-rewards-app-zbaymg\android\.gradle\9.0.0\fileHashes)"        [_thread_blocked, id=31820, stack(0x000000c2a1a00000,0x000000c2a1b00000) (1024K)]
  0x00000265369d3870 JavaThread "Cache worker for Build Output Cleanup Cache (D:\Software Projects\jagabans-rewards-app-zbaymg\android\.gradle\buildOutputCleanup)"        [_thread_blocked, id=15968, stack(0x000000c2a1b00000,0x000000c2a1c00000) (1024K)]
  0x000002653725ab90 JavaThread "Cache worker for checksums cache (D:\Software Projects\jagabans-rewards-app-zbaymg\android\.gradle\9.0.0\checksums)"        [_thread_blocked, id=20432, stack(0x000000c2a1c00000,0x000000c2a1d00000) (1024K)]
  0x000002653725b220 JavaThread "Cache worker for cache directory md-supplier (C:\Users\notai\.gradle\caches\9.0.0\md-supplier)"        [_thread_blocked, id=32068, stack(0x000000c2a1e00000,0x000000c2a1f00000) (1024K)]
  0x000002653725b8b0 JavaThread "Cache worker for cache directory md-rule (C:\Users\notai\.gradle\caches\9.0.0\md-rule)"        [_thread_blocked, id=33332, stack(0x000000c2a1f00000,0x000000c2a2000000) (1024K)]
  0x000002652f0344e0 JavaThread "Cache worker for Build Output Cleanup Cache (D:\Software Projects\jagabans-rewards-app-zbaymg\node_modules\@react-native\gradle-plugin\.gradle\buildOutputCleanup)"        [_thread_blocked, id=20824, stack(0x000000c2a0e00000,0x000000c2a0f00000) (1024K)]
  0x000002652f0316f0 JavaThread "Unconstrained build operations"        [_thread_blocked, id=14836, stack(0x000000c2a2100000,0x000000c2a2200000) (1024K)]
  0x000002652f033e50 JavaThread "Unconstrained build operations Thread 2"        [_thread_blocked, id=21136, stack(0x000000c2a2500000,0x000000c2a2600000) (1024K)]
  0x000002652d36c460 JavaThread "Unconstrained build operations Thread 3"        [_thread_blocked, id=18096, stack(0x000000c2a2600000,0x000000c2a2700000) (1024K)]
  0x000002652d36caf0 JavaThread "Unconstrained build operations Thread 4"        [_thread_blocked, id=28276, stack(0x000000c2a2800000,0x000000c2a2900000) (1024K)]
  0x000002652cfa3110 JavaThread "Cache worker for Build Output Cleanup Cache (D:\Software Projects\jagabans-rewards-app-zbaymg\node_modules\expo-modules-autolinking\android\expo-gradle-plugin\.gradle\buildOutputCleanup)"        [_thread_blocked, id=15672, stack(0x000000c2a2900000,0x000000c2a2a00000) (1024K)]
  0x000002652cfa16d0 JavaThread "Unconstrained build operations Thread 5"        [_thread_blocked, id=33516, stack(0x000000c2a2a00000,0x000000c2a2b00000) (1024K)]
  0x000002652cfa2a80 JavaThread "Unconstrained build operations Thread 6"        [_thread_blocked, id=24360, stack(0x000000c2a2b00000,0x000000c2a2c00000) (1024K)]
  0x000002652cfa44c0 JavaThread "Unconstrained build operations Thread 7"        [_thread_blocked, id=26052, stack(0x000000c2a2c00000,0x000000c2a2d00000) (1024K)]
  0x000002652cfa1040 JavaThread "Unconstrained build operations Thread 8"        [_thread_blocked, id=9728, stack(0x000000c2a2d00000,0x000000c2a2e00000) (1024K)]
  0x000002652cfa37a0 JavaThread "Unconstrained build operations Thread 9"        [_thread_blocked, id=6720, stack(0x000000c2a2e00000,0x000000c2a2f00000) (1024K)]
  0x00000265393104a0 JavaThread "Unconstrained build operations Thread 10"        [_thread_blocked, id=21008, stack(0x000000c2a2f00000,0x000000c2a3000000) (1024K)]
  0x000002653930ea60 JavaThread "Unconstrained build operations Thread 11"        [_thread_blocked, id=10028, stack(0x000000c2a3000000,0x000000c2a3100000) (1024K)]
  0x000002652d36d180 JavaThread "Unconstrained build operations Thread 12"        [_thread_blocked, id=29524, stack(0x000000c2a3100000,0x000000c2a3200000) (1024K)]
  0x0000026537f3aca0 JavaThread "Unconstrained build operations Thread 13"        [_thread_blocked, id=19404, stack(0x000000c2a3200000,0x000000c2a3300000) (1024K)]
  0x0000026537f3b330 JavaThread "Unconstrained build operations Thread 14"        [_thread_blocked, id=18648, stack(0x000000c2a3300000,0x000000c2a3400000) (1024K)]
  0x0000026537f38540 JavaThread "Unconstrained build operations Thread 15"        [_thread_blocked, id=14720, stack(0x000000c2a3400000,0x000000c2a3500000) (1024K)]
  0x0000026537f39260 JavaThread "Unconstrained build operations Thread 16"        [_thread_blocked, id=21628, stack(0x000000c2a3500000,0x000000c2a3600000) (1024K)]
  0x0000026537f37eb0 JavaThread "Unconstrained build operations Thread 17"        [_thread_blocked, id=31580, stack(0x000000c2a3600000,0x000000c2a3700000) (1024K)]
  0x0000026537f398f0 JavaThread "Unconstrained build operations Thread 18"        [_thread_blocked, id=18948, stack(0x000000c2a3700000,0x000000c2a3800000) (1024K)]
  0x0000026537f39f80 JavaThread "build event listener"              [_thread_blocked, id=22868, stack(0x000000c2a3800000,0x000000c2a3900000) (1024K)]
  0x000002653930f0f0 JavaThread "Unconstrained build operations Thread 19"        [_thread_blocked, id=32108, stack(0x000000c2a3b00000,0x000000c2a3c00000) (1024K)]
  0x000002653930d6b0 JavaThread "Unconstrained build operations Thread 20"        [_thread_blocked, id=5484, stack(0x000000c2a3c00000,0x000000c2a3d00000) (1024K)]
  0x000002653930dd40 JavaThread "Unconstrained build operations Thread 21"        [_thread_blocked, id=17976, stack(0x000000c2a3d00000,0x000000c2a3e00000) (1024K)]
  0x000002652d031950 JavaThread "Unconstrained build operations Thread 22"        [_thread_blocked, id=30192, stack(0x000000c2a3e00000,0x000000c2a3f00000) (1024K)]
  0x000002652d0312c0 JavaThread "Unconstrained build operations Thread 23"        [_thread_blocked, id=21944, stack(0x000000c2a3f00000,0x000000c2a4000000) (1024K)]
  0x000002652d032670 JavaThread "Unconstrained build operations Thread 24"        [_thread_blocked, id=5964, stack(0x000000c2a4000000,0x000000c2a4100000) (1024K)]
  0x000002652d031fe0 JavaThread "Unconstrained build operations Thread 25"        [_thread_blocked, id=15104, stack(0x000000c2a4100000,0x000000c2a4200000) (1024K)]
  0x000002652d033390 JavaThread "build event listener"              [_thread_blocked, id=11592, stack(0x000000c2a4200000,0x000000c2a4300000) (1024K)]
  0x000002652d030c30 JavaThread "Unconstrained build operations Thread 26"        [_thread_blocked, id=10808, stack(0x000000c2a3a00000,0x000000c2a3b00000) (1024K)]
  0x000002652edd8dd0 JavaThread "Unconstrained build operations Thread 27"        [_thread_blocked, id=12404, stack(0x000000c2a4400000,0x000000c2a4500000) (1024K)]
  0x000002652edda810 JavaThread "Unconstrained build operations Thread 28"        [_thread_blocked, id=28068, stack(0x000000c2a4500000,0x000000c2a4600000) (1024K)]
  0x000002652edd9af0 JavaThread "Unconstrained build operations Thread 29"        [_thread_blocked, id=29572, stack(0x000000c2a4600000,0x000000c2a4700000) (1024K)]
  0x000002652edda180 JavaThread "Unconstrained build operations Thread 30"        [_thread_blocked, id=25544, stack(0x000000c2a4700000,0x000000c2a4800000) (1024K)]
  0x000002652edd80b0 JavaThread "Unconstrained build operations Thread 31"        [_thread_blocked, id=25180, stack(0x000000c2a4800000,0x000000c2a4900000) (1024K)]
  0x000002652d80fb50 JavaThread "Unconstrained build operations Thread 32"        [_thread_blocked, id=13836, stack(0x000000c2a4900000,0x000000c2a4a00000) (1024K)]
  0x000002652d80e7a0 JavaThread "Unconstrained build operations Thread 33"        [_thread_blocked, id=18176, stack(0x000000c2a3900000,0x000000c2a3a00000) (1024K)]
  0x000002652c610330 JavaThread "Unconstrained build operations Thread 34"        [_thread_blocked, id=3004, stack(0x000000c2a4a00000,0x000000c2a4b00000) (1024K)]
  0x000002652c60fca0 JavaThread "Unconstrained build operations Thread 35"        [_thread_blocked, id=17372, stack(0x000000c2a4c00000,0x000000c2a4d00000) (1024K)]
  0x000002652c611050 JavaThread "Unconstrained build operations Thread 36"        [_thread_blocked, id=10560, stack(0x000000c2a4d00000,0x000000c2a4e00000) (1024K)]
  0x000002652c6109c0 JavaThread "Unconstrained build operations Thread 37"        [_thread_blocked, id=17576, stack(0x000000c2a4e00000,0x000000c2a4f00000) (1024K)]
  0x000002652e2a9390 JavaThread "Unconstrained build operations Thread 38"        [_thread_blocked, id=14888, stack(0x000000c2a4f00000,0x000000c2a5000000) (1024K)]
  0x0000026539c6a300 JavaThread "Unconstrained build operations Thread 39"        [_thread_blocked, id=31376, stack(0x000000c2a5000000,0x000000c2a5100000) (1024K)]
  0x0000026538b40ad0 JavaThread "included builds"                   [_thread_blocked, id=33260, stack(0x000000c2a5200000,0x000000c2a5300000) (1024K)]
  0x0000026538b3f090 JavaThread "included builds Thread 2"          [_thread_blocked, id=11220, stack(0x000000c2a5300000,0x000000c2a5400000) (1024K)]
  0x0000026539c6c3d0 JavaThread "Execution worker"                  [_thread_blocked, id=25104, stack(0x000000c2a5400000,0x000000c2a5500000) (1024K)]
  0x0000026539c6ca60 JavaThread "Execution worker Thread 2"         [_thread_blocked, id=22700, stack(0x000000c2a5500000,0x000000c2a5600000) (1024K)]
  0x0000026539c6a990 JavaThread "Execution worker Thread 3"         [_thread_blocked, id=24784, stack(0x000000c2a5600000,0x000000c2a5700000) (1024K)]
  0x0000026539c6bd40 JavaThread "Execution worker Thread 4"         [_thread_blocked, id=14716, stack(0x000000c2a5700000,0x000000c2a5800000) (1024K)]
  0x0000026539c6b020 JavaThread "Execution worker Thread 5"         [_thread_blocked, id=16700, stack(0x000000c2a5800000,0x000000c2a5900000) (1024K)]
  0x0000026539c6d0f0 JavaThread "Execution worker Thread 6"         [_thread_blocked, id=33128, stack(0x000000c2a5900000,0x000000c2a5a00000) (1024K)]
  0x0000026539c6d780 JavaThread "Execution worker Thread 7"         [_thread_blocked, id=14052, stack(0x000000c2a5a00000,0x000000c2a5b00000) (1024K)]
  0x0000026539c6b6b0 JavaThread "Cache worker for execution history cache (D:\Software Projects\jagabans-rewards-app-zbaymg\node_modules\@react-native\gradle-plugin\.gradle\9.0.0\executionHistory)"        [_thread_blocked, id=16648, stack(0x000000c2a5b00000,0x000000c2a5c00000) (1024K)]
  0x000002652e1f1dc0 JavaThread "Cache worker for execution history cache (D:\Software Projects\jagabans-rewards-app-zbaymg\node_modules\expo-modules-autolinking\android\expo-gradle-plugin\.gradle\9.0.0\executionHistory)"        [_thread_blocked, id=9864, stack(0x000000c2a5c00000,0x000000c2a5d00000) (1024K)]
  0x000002657f09cc40 JavaThread "Unconstrained build operations Thread 40"        [_thread_blocked, id=16472, stack(0x000000c2a5100000,0x000000c2a5200000) (1024K)]
  0x000002657f09dff0 JavaThread "Unconstrained build operations Thread 41"        [_thread_blocked, id=14628, stack(0x000000c2a5d00000,0x000000c2a5e00000) (1024K)]
  0x00000265375444a0 JavaThread "Unconstrained build operations Thread 42"        [_thread_blocked, id=26336, stack(0x000000c2a5f00000,0x000000c2a6000000) (1024K)]
  0x000002652bcc4280 JavaThread "Unconstrained build operations Thread 43"        [_thread_blocked, id=32684, stack(0x000000c2a6000000,0x000000c2a6100000) (1024K)]
  0x000002652bcc7070 JavaThread "Unconstrained build operations Thread 44"        [_thread_blocked, id=14576, stack(0x000000c2a6100000,0x000000c2a6200000) (1024K)]
  0x000002652bcc5cc0 JavaThread "Unconstrained build operations Thread 45"        [_thread_blocked, id=17736, stack(0x000000c2a6c00000,0x000000c2a6d00000) (1024K)]
  0x000002652bcc5630 JavaThread "Unconstrained build operations Thread 46"        [_thread_blocked, id=3736, stack(0x000000c2a6d00000,0x000000c2a6e00000) (1024K)]
  0x000002652bcc4fa0 JavaThread "Unconstrained build operations Thread 47"        [_thread_blocked, id=3080, stack(0x000000c2a6e00000,0x000000c2a6f00000) (1024K)]
  0x000002652bcc4910 JavaThread "Unconstrained build operations Thread 48"        [_thread_blocked, id=33712, stack(0x000000c2a6f00000,0x000000c2a7000000) (1024K)]
  0x000002652bcc6350 JavaThread "Unconstrained build operations Thread 49"        [_thread_blocked, id=2000, stack(0x000000c2a7000000,0x000000c2a7100000) (1024K)]
  0x000002657f084fb0 JavaThread "Unconstrained build operations Thread 50"        [_thread_blocked, id=29328, stack(0x000000c2a7100000,0x000000c2a7200000) (1024K)]
  0x000002652bcc69e0 JavaThread "Unconstrained build operations Thread 51"        [_thread_blocked, id=15720, stack(0x000000c2a7200000,0x000000c2a7300000) (1024K)]
  0x00000265367d93b0 JavaThread "Unconstrained build operations Thread 52"        [_thread_blocked, id=15612, stack(0x000000c2a7300000,0x000000c2a7400000) (1024K)]
  0x000002657f087080 JavaThread "Unconstrained build operations Thread 53"        [_thread_blocked, id=16924, stack(0x000000c2a7400000,0x000000c2a7500000) (1024K)]
  0x00000265367da0d0 JavaThread "Unconstrained build operations Thread 54"        [_thread_blocked, id=9828, stack(0x000000c2a7500000,0x000000c2a7600000) (1024K)]
  0x000002657f084920 JavaThread "Unconstrained build operations Thread 55"        [_thread_blocked, id=30352, stack(0x000000c2a7700000,0x000000c2a7800000) (1024K)]
  0x000002657f083570 JavaThread "Unconstrained build operations Thread 56"        [_thread_blocked, id=14624, stack(0x000000c2a7800000,0x000000c2a7900000) (1024K)]
  0x0000026538b41160 JavaThread "Unconstrained build operations Thread 57"        [_thread_blocked, id=16840, stack(0x000000c2a7900000,0x000000c2a7a00000) (1024K)]
  0x000002657f084290 JavaThread "Unconstrained build operations Thread 58"        [_thread_blocked, id=14816, stack(0x000000c2a7a00000,0x000000c2a7b00000) (1024K)]
  0x0000026538b3fdb0 JavaThread "Unconstrained build operations Thread 59"        [_thread_blocked, id=14444, stack(0x000000c2a7b00000,0x000000c2a7c00000) (1024K)]
  0x000002657f086360 JavaThread "Unconstrained build operations Thread 60"        [_thread_blocked, id=16016, stack(0x000000c2a7c00000,0x000000c2a7d00000) (1024K)]
  0x0000026538b417f0 JavaThread "Unconstrained build operations Thread 61"        [_thread_blocked, id=24616, stack(0x000000c2a7d00000,0x000000c2a7e00000) (1024K)]
  0x000002657f085640 JavaThread "Unconstrained build operations Thread 62"        [_thread_blocked, id=11684, stack(0x000000c2a7e00000,0x000000c2a7f00000) (1024K)]
  0x0000026538b41e80 JavaThread "Unconstrained build operations Thread 63"        [_thread_blocked, id=17240, stack(0x000000c2a7f00000,0x000000c2a8000000) (1024K)]
  0x000002657f085cd0 JavaThread "Unconstrained build operations Thread 64"        [_thread_blocked, id=26316, stack(0x000000c2a8000000,0x000000c2a8100000) (1024K)]
  0x000002652d03c0a0 JavaThread "Unconstrained build operations Thread 65"        [_thread_blocked, id=21848, stack(0x000000c2a8100000,0x000000c2a8200000) (1024K)]
  0x00000265367d8690 JavaThread "Unconstrained build operations Thread 66"        [_thread_blocked, id=15248, stack(0x000000c2a8300000,0x000000c2a8400000) (1024K)]
  0x00000265367d9a40 JavaThread "Unconstrained build operations Thread 67"        [_thread_blocked, id=23948, stack(0x000000c2a8400000,0x000000c2a8500000) (1024K)]
  0x00000265367da760 JavaThread "Unconstrained build operations Thread 68"        [_thread_blocked, id=22224, stack(0x000000c2a8500000,0x000000c2a8600000) (1024K)]
  0x00000265367dadf0 JavaThread "Unconstrained build operations Thread 69"        [_thread_blocked, id=19460, stack(0x000000c2a8600000,0x000000c2a8700000) (1024K)]
  0x000002652bcc3bf0 JavaThread "Unconstrained build operations Thread 70"        [_thread_blocked, id=17396, stack(0x000000c2a8700000,0x000000c2a8800000) (1024K)]
  0x0000026537e7b320 JavaThread "Unconstrained build operations Thread 71"        [_thread_blocked, id=17444, stack(0x000000c2a8800000,0x000000c2a8900000) (1024K)]
  0x0000026537e78bc0 JavaThread "Unconstrained build operations Thread 72"        [_thread_blocked, id=26640, stack(0x000000c2a8900000,0x000000c2a8a00000) (1024K)]
  0x0000026538b40440 JavaThread "Unconstrained build operations Thread 73"        [_thread_blocked, id=15192, stack(0x000000c2a8a00000,0x000000c2a8b00000) (1024K)]
  0x000002652d039fd0 JavaThread "Unconstrained build operations Thread 74"        [_thread_blocked, id=21484, stack(0x000000c2a8b00000,0x000000c2a8c00000) (1024K)]
  0x000002652d039940 JavaThread "Unconstrained build operations Thread 75"        [_thread_blocked, id=2076, stack(0x000000c2a8c00000,0x000000c2a8d00000) (1024K)]
  0x00000265370027f0 JavaThread "Unconstrained build operations Thread 76"        [_thread_blocked, id=4860, stack(0x000000c2a8d00000,0x000000c2a8e00000) (1024K)]
  0x0000026537000db0 JavaThread "Unconstrained build operations Thread 77"        [_thread_blocked, id=1524, stack(0x000000c2a8e00000,0x000000c2a8f00000) (1024K)]
  0x0000026537002e80 JavaThread "Unconstrained build operations Thread 78"        [_thread_blocked, id=21024, stack(0x000000c2a8f00000,0x000000c2a9000000) (1024K)]
  0x0000026537001ad0 JavaThread "Unconstrained build operations Thread 79"        [_thread_blocked, id=21512, stack(0x000000c2a9000000,0x000000c2a9100000) (1024K)]
  0x0000026537545ee0 JavaThread "Unconstrained build operations Thread 80"        [_thread_blocked, id=32228, stack(0x000000c2a9100000,0x000000c2a9200000) (1024K)]
  0x00000265367db480 JavaThread "Cache worker for Build Output Cleanup Cache (D:\Software Projects\jagabans-rewards-app-zbaymg\node_modules\expo-dev-launcher\expo-dev-launcher-gradle-plugin\.gradle\buildOutputCleanup)"        [_thread_blocked, id=32880, stack(0x000000c2a8200000,0x000000c2a8300000) (1024K)]
  0x0000026538b3f720 JavaThread "Cache worker for Build Output Cleanup Cache (D:\Software Projects\jagabans-rewards-app-zbaymg\node_modules\expo-modules-core\expo-module-gradle-plugin\.gradle\buildOutputCleanup)"        [_thread_blocked, id=20352, stack(0x000000c2a9300000,0x000000c2a9400000) (1024K)]
  0x0000026538b42510 JavaThread "Cache worker for Build Output Cleanup Cache (D:\Software Projects\jagabans-rewards-app-zbaymg\node_modules\expo-updates\expo-updates-gradle-plugin\.gradle\buildOutputCleanup)"        [_thread_blocked, id=26284, stack(0x000000c2a9400000,0x000000c2a9500000) (1024K)]
  0x0000026537e7b9b0 JavaThread "build event listener"              [_thread_blocked, id=32096, stack(0x000000c2a9500000,0x000000c2a9600000) (1024K)]
  0x0000026537e7c040 JavaThread "build event listener"              [_thread_blocked, id=26128, stack(0x000000c2a9700000,0x000000c2a9800000) (1024K)]
  0x0000026537e79250 JavaThread "build event listener"              [_thread_blocked, id=33040, stack(0x000000c2a9a00000,0x000000c2a9b00000) (1024K)]
  0x00000265367d8000 JavaThread "included builds Thread 3"          [_thread_blocked, id=6844, stack(0x000000c2a9d00000,0x000000c2a9e00000) (1024K)]
  0x00000265369d1110 JavaThread "included builds Thread 4"          [_thread_blocked, id=31036, stack(0x000000c2a9f00000,0x000000c2aa000000) (1024K)]
  0x000002652e1f10a0 JavaThread "included builds Thread 5"          [_thread_blocked, id=4436, stack(0x000000c2aa200000,0x000000c2aa300000) (1024K)]
  0x0000026537003510 JavaThread "Cache worker for execution history cache (D:\Software Projects\jagabans-rewards-app-zbaymg\node_modules\expo-updates\expo-updates-gradle-plugin\.gradle\9.0.0\executionHistory)"        [_thread_blocked, id=13660, stack(0x000000c2aa300000,0x000000c2aa400000) (1024K)]
  0x00000265369d3f00 JavaThread "Cache worker for execution history cache (D:\Software Projects\jagabans-rewards-app-zbaymg\node_modules\expo-modules-core\expo-module-gradle-plugin\.gradle\9.0.0\executionHistory)"        [_thread_blocked, id=9656, stack(0x000000c2aa500000,0x000000c2aa600000) (1024K)]
  0x000002653859e2e0 JavaThread "Cache worker for execution history cache (D:\Software Projects\jagabans-rewards-app-zbaymg\node_modules\expo-dev-launcher\expo-dev-launcher-gradle-plugin\.gradle\9.0.0\executionHistory)"        [_thread_blocked, id=31920, stack(0x000000c2aa600000,0x000000c2aa700000) (1024K)]
  0x000002653859d5c0 JavaThread "Problems report writer"            [_thread_blocked, id=24020, stack(0x000000c2aa800000,0x000000c2aa900000) (1024K)]
  0x000002653859e970 JavaThread "build event listener"              [_thread_blocked, id=24860, stack(0x000000c2aa900000,0x000000c2aaa00000) (1024K)]
  0x0000026538b1b470 JavaThread "C2 CompilerThread1"         daemon [_thread_blocked, id=21720, stack(0x000000c2a6900000,0x000000c2a6a00000) (1024K)]
Total: 169

Other Threads:
=>0x000002657a6242d0 VMThread "VM Thread"                           [id=14064, stack(0x000000c29f700000,0x000000c29f800000) (1024K)]
  0x000002657a60d5b0 WatcherThread "VM Periodic Task Thread"        [id=9208, stack(0x000000c29f600000,0x000000c29f700000) (1024K)]
  0x0000026571eee5c0 WorkerThread "GC Thread#0"                     [id=10556, stack(0x000000c29f100000,0x000000c29f200000) (1024K)]
  0x000002657f4cfda0 WorkerThread "GC Thread#1"                     [id=424, stack(0x000000c2a0400000,0x000000c2a0500000) (1024K)]
  0x000002657f4d0150 WorkerThread "GC Thread#2"                     [id=29052, stack(0x000000c2a0500000,0x000000c2a0600000) (1024K)]
  0x000002657f4fc010 WorkerThread "GC Thread#3"                     [id=7864, stack(0x000000c2a0600000,0x000000c2a0700000) (1024K)]
  0x000002657f4fc3c0 WorkerThread "GC Thread#4"                     [id=26368, stack(0x000000c2a0700000,0x000000c2a0800000) (1024K)]
  0x000002657f4fc770 WorkerThread "GC Thread#5"                     [id=29348, stack(0x000000c2a0800000,0x000000c2a0900000) (1024K)]
  0x000002657f5ee160 WorkerThread "GC Thread#6"                     [id=26440, stack(0x000000c2a0900000,0x000000c2a0a00000) (1024K)]
  0x000002657f5ee510 WorkerThread "GC Thread#7"                     [id=15820, stack(0x000000c2a0a00000,0x000000c2a0b00000) (1024K)]
  0x0000026571eff760 ConcurrentGCThread "G1 Main Marker"            [id=17384, stack(0x000000c29f200000,0x000000c29f300000) (1024K)]
  0x0000026571f00a10 WorkerThread "G1 Conc#0"                       [id=29416, stack(0x000000c29f300000,0x000000c29f400000) (1024K)]
  0x000002652b00af60 WorkerThread "G1 Conc#1"                       [id=19644, stack(0x000000c2a1800000,0x000000c2a1900000) (1024K)]
  0x000002657a5fd470 ConcurrentGCThread "G1 Refine#0"               [id=17536, stack(0x000000c29f400000,0x000000c29f500000) (1024K)]
  0x000002657a5fdc00 ConcurrentGCThread "G1 Service"                [id=2892, stack(0x000000c29f500000,0x000000c29f600000) (1024K)]
Total: 15

Threads with active compile tasks:
C2 CompilerThread0  82225 26388       4       com.android.build.gradle.internal.cxx.settings.BuiltInSettingsJsonKt::getNdkMetaSettingsJson (847 bytes)
C1 CompilerThread0  82226 26620       3       com.android.build.api.component.impl.HostTestImpl_Decorated::getUseBuiltInKotlinSupport (46 bytes)
C2 CompilerThread1  82226 26619       4       org.gradle.api.internal.attributes.DefaultMutableAttributeContainer::asImmutable (14 bytes)
Total: 3

VM state: at safepoint (normal execution)

VM Mutex/Monitor currently owned by a thread:  ([mutex/lock_event])
[0x00007ffce596e560] Threads_lock - owner thread: 0x000002657a6242d0
[0x00007ffce596e660] Heap_lock - owner thread: 0x0000026571eff760

Heap address: 0x0000000080000000, size: 2048 MB, Compressed Oops mode: 32-bit

CDS archive(s) mapped at: [0x000002650f000000-0x000002650fba0000-0x000002650fba0000), size 12189696, SharedBaseAddress: 0x000002650f000000, ArchiveRelocationMode: 1.
Compressed class space mapped at: 0x0000026510000000-0x000002652a000000, reserved size: 436207616
Narrow klass base: 0x000002650f000000, Narrow klass shift: 0, Narrow klass range: 0x100000000

GC Precious Log:
 CardTable entry size: 512
 Card Set container configuration: InlinePtr #cards 5 size 8 Array Of Cards #cards 12 size 40 Howl #buckets 4 coarsen threshold 1843 Howl Bitmap #cards 512 size 80 coarsen threshold 460 Card regions per heap region 1 cards per card region 2048
 CPUs: 8 total, 8 available
 Memory: 32455M
 Large Page Support: Disabled
 NUMA Support: Disabled
 Compressed Oops: Enabled (32-bit)
 Heap Region Size: 1M
 Heap Min Capacity: 8M
 Heap Initial Capacity: 508M
 Heap Max Capacity: 2G
 Pre-touch: Disabled
 Parallel Workers: 8
 Concurrent Workers: 2
 Concurrent Refinement Workers: 8
 Periodic GC: Disabled

Heap:
 garbage-first heap   total 737280K, used 514560K [0x0000000080000000, 0x0000000100000000)
  region size 1024K, 40 young (40960K), 25 survivors (25600K)
 Metaspace       used 153497K, committed 157376K, reserved 622592K
  class space    used 21266K, committed 23104K, reserved 425984K

Heap Regions: E=young(eden), S=young(survivor), O=old, HS=humongous(starts), HC=humongous(continues), CS=collection set, F=free, TAMS=top-at-mark-start, PB=parsable bottom
|   0|0x0000000080000000, 0x0000000080100000, 0x0000000080100000|100%|HS|  |TAMS 0x0000000080100000| PB 0x0000000080000000| Complete 
|   1|0x0000000080100000, 0x0000000080200000, 0x0000000080200000|100%|HC|  |TAMS 0x0000000080200000| PB 0x0000000080100000| Complete 
|   2|0x0000000080200000, 0x0000000080300000, 0x0000000080300000|100%|HC|  |TAMS 0x0000000080300000| PB 0x0000000080200000| Complete 
|   3|0x0000000080300000, 0x0000000080400000, 0x0000000080400000|100%| O|  |TAMS 0x0000000080400000| PB 0x0000000080400000| Untracked 
|   4|0x0000000080400000, 0x0000000080500000, 0x0000000080500000|100%| O|  |TAMS 0x0000000080500000| PB 0x0000000080500000| Untracked 
|   5|0x0000000080500000, 0x0000000080600000, 0x0000000080600000|100%| O|  |TAMS 0x0000000080600000| PB 0x0000000080600000| Untracked 
|   6|0x0000000080600000, 0x0000000080700000, 0x0000000080700000|100%|HS|  |TAMS 0x0000000080700000| PB 0x0000000080600000| Complete 
|   7|0x0000000080700000, 0x0000000080800000, 0x0000000080800000|100%| O|  |TAMS 0x0000000080800000| PB 0x0000000080800000| Untracked 
|   8|0x0000000080800000, 0x0000000080900000, 0x0000000080900000|100%| O|  |TAMS 0x0000000080900000| PB 0x0000000080900000| Untracked 
|   9|0x0000000080900000, 0x0000000080a00000, 0x0000000080a00000|100%| O|  |TAMS 0x0000000080a00000| PB 0x0000000080a00000| Untracked 
|  10|0x0000000080a00000, 0x0000000080b00000, 0x0000000080b00000|100%| O|  |TAMS 0x0000000080b00000| PB 0x0000000080b00000| Untracked 
|  11|0x0000000080b00000, 0x0000000080c00000, 0x0000000080c00000|100%| O|  |TAMS 0x0000000080c00000| PB 0x0000000080c00000| Untracked 
|  12|0x0000000080c00000, 0x0000000080d00000, 0x0000000080d00000|100%| O|  |TAMS 0x0000000080d00000| PB 0x0000000080d00000| Updating 
|  13|0x0000000080d00000, 0x0000000080e00000, 0x0000000080e00000|100%| O|  |TAMS 0x0000000080e00000| PB 0x0000000080e00000| Untracked 
|  14|0x0000000080e00000, 0x0000000080f00000, 0x0000000080f00000|100%| O|  |TAMS 0x0000000080f00000| PB 0x0000000080f00000| Untracked 
|  15|0x0000000080f00000, 0x0000000081000000, 0x0000000081000000|100%| O|  |TAMS 0x0000000081000000| PB 0x0000000081000000| Untracked 
|  16|0x0000000081000000, 0x0000000081100000, 0x0000000081100000|100%| O|  |TAMS 0x0000000081100000| PB 0x0000000081100000| Untracked 
|  17|0x0000000081100000, 0x0000000081200000, 0x0000000081200000|100%| O|  |TAMS 0x0000000081200000| PB 0x0000000081200000| Untracked 
|  18|0x0000000081200000, 0x0000000081300000, 0x0000000081300000|100%| O|  |TAMS 0x0000000081300000| PB 0x0000000081300000| Untracked 
|  19|0x0000000081300000, 0x0000000081400000, 0x0000000081400000|100%| O|  |TAMS 0x0000000081400000| PB 0x0000000081400000| Untracked 
|  20|0x0000000081400000, 0x0000000081500000, 0x0000000081500000|100%| O|  |TAMS 0x0000000081500000| PB 0x0000000081500000| Updating 
|  21|0x0000000081500000, 0x0000000081600000, 0x0000000081600000|100%| O|  |TAMS 0x0000000081600000| PB 0x0000000081600000| Untracked 
|  22|0x0000000081600000, 0x0000000081700000, 0x0000000081700000|100%| O|  |TAMS 0x0000000081700000| PB 0x0000000081700000| Updating 
|  23|0x0000000081700000, 0x0000000081800000, 0x0000000081800000|100%| O|  |TAMS 0x0000000081800000| PB 0x0000000081800000| Updating 
|  24|0x0000000081800000, 0x0000000081900000, 0x0000000081900000|100%| O|  |TAMS 0x0000000081900000| PB 0x0000000081900000| Updating 
|  25|0x0000000081900000, 0x0000000081a00000, 0x0000000081a00000|100%| O|  |TAMS 0x0000000081a00000| PB 0x0000000081a00000| Untracked 
|  26|0x0000000081a00000, 0x0000000081b00000, 0x0000000081b00000|100%| O|  |TAMS 0x0000000081b00000| PB 0x0000000081b00000| Updating 
|  27|0x0000000081b00000, 0x0000000081c00000, 0x0000000081c00000|100%| O|  |TAMS 0x0000000081c00000| PB 0x0000000081c00000| Updating 
|  28|0x0000000081c00000, 0x0000000081d00000, 0x0000000081d00000|100%| O|  |TAMS 0x0000000081d00000| PB 0x0000000081d00000| Untracked 
|  29|0x0000000081d00000, 0x0000000081e00000, 0x0000000081e00000|100%| O|  |TAMS 0x0000000081e00000| PB 0x0000000081e00000| Untracked 
|  30|0x0000000081e00000, 0x0000000081f00000, 0x0000000081f00000|100%| O|  |TAMS 0x0000000081f00000| PB 0x0000000081f00000| Untracked 
|  31|0x0000000081f00000, 0x0000000082000000, 0x0000000082000000|100%| O|  |TAMS 0x0000000082000000| PB 0x0000000082000000| Updating 
|  32|0x0000000082000000, 0x0000000082100000, 0x0000000082100000|100%| O|  |TAMS 0x0000000082100000| PB 0x0000000082100000| Updating 
|  33|0x0000000082100000, 0x0000000082200000, 0x0000000082200000|100%| O|  |TAMS 0x0000000082200000| PB 0x0000000082200000| Updating 
|  34|0x0000000082200000, 0x0000000082300000, 0x0000000082300000|100%| O|  |TAMS 0x0000000082300000| PB 0x0000000082300000| Untracked 
|  35|0x0000000082300000, 0x0000000082400000, 0x0000000082400000|100%| O|  |TAMS 0x0000000082400000| PB 0x0000000082400000| Updating 
|  36|0x0000000082400000, 0x0000000082500000, 0x0000000082500000|100%| O|  |TAMS 0x0000000082500000| PB 0x0000000082500000| Updating 
|  37|0x0000000082500000, 0x0000000082600000, 0x0000000082600000|100%| O|  |TAMS 0x0000000082600000| PB 0x0000000082600000| Updating 
|  38|0x0000000082600000, 0x0000000082700000, 0x0000000082700000|100%| O|  |TAMS 0x0000000082700000| PB 0x0000000082700000| Updating 
|  39|0x0000000082700000, 0x0000000082800000, 0x0000000082800000|100%| O|  |TAMS 0x0000000082800000| PB 0x0000000082800000| Updating 
|  40|0x0000000082800000, 0x0000000082900000, 0x0000000082900000|100%| O|  |TAMS 0x0000000082900000| PB 0x0000000082900000| Updating 
|  41|0x0000000082900000, 0x0000000082a00000, 0x0000000082a00000|100%| O|  |TAMS 0x0000000082a00000| PB 0x0000000082a00000| Untracked 
|  42|0x0000000082a00000, 0x0000000082b00000, 0x0000000082b00000|100%| O|  |TAMS 0x0000000082b00000| PB 0x0000000082b00000| Untracked 
|  43|0x0000000082b00000, 0x0000000082c00000, 0x0000000082c00000|100%| O|  |TAMS 0x0000000082c00000| PB 0x0000000082c00000| Updating 
|  44|0x0000000082c00000, 0x0000000082d00000, 0x0000000082d00000|100%| O|  |TAMS 0x0000000082d00000| PB 0x0000000082d00000| Updating 
|  45|0x0000000082d00000, 0x0000000082e00000, 0x0000000082e00000|100%|HS|  |TAMS 0x0000000082e00000| PB 0x0000000082d00000| Complete 
|  46|0x0000000082e00000, 0x0000000082f00000, 0x0000000082f00000|100%|HC|  |TAMS 0x0000000082f00000| PB 0x0000000082e00000| Complete 
|  47|0x0000000082f00000, 0x0000000083000000, 0x0000000083000000|100%|HC|  |TAMS 0x0000000083000000| PB 0x0000000082f00000| Complete 
|  48|0x0000000083000000, 0x0000000083100000, 0x0000000083100000|100%|HS|  |TAMS 0x0000000083100000| PB 0x0000000083000000| Complete 
|  49|0x0000000083100000, 0x0000000083200000, 0x0000000083200000|100%|HC|  |TAMS 0x0000000083200000| PB 0x0000000083100000| Complete 
|  50|0x0000000083200000, 0x0000000083300000, 0x0000000083300000|100%|HC|  |TAMS 0x0000000083300000| PB 0x0000000083200000| Complete 
|  51|0x0000000083300000, 0x0000000083400000, 0x0000000083400000|100%| O|  |TAMS 0x0000000083400000| PB 0x0000000083400000| Untracked 
|  52|0x0000000083400000, 0x0000000083500000, 0x0000000083500000|100%| O|  |TAMS 0x0000000083500000| PB 0x0000000083500000| Untracked 
|  53|0x0000000083500000, 0x0000000083600000, 0x0000000083600000|100%| O|  |TAMS 0x0000000083600000| PB 0x0000000083600000| Untracked 
|  54|0x0000000083600000, 0x0000000083700000, 0x0000000083700000|100%| O|  |TAMS 0x0000000083700000| PB 0x0000000083700000| Untracked 
|  55|0x0000000083700000, 0x0000000083800000, 0x0000000083800000|100%| O|  |TAMS 0x0000000083800000| PB 0x0000000083800000| Updating 
|  56|0x0000000083800000, 0x0000000083900000, 0x0000000083900000|100%| O|  |TAMS 0x0000000083900000| PB 0x0000000083900000| Untracked 
|  57|0x0000000083900000, 0x0000000083a00000, 0x0000000083a00000|100%| O|  |TAMS 0x0000000083a00000| PB 0x0000000083a00000| Untracked 
|  58|0x0000000083a00000, 0x0000000083b00000, 0x0000000083b00000|100%| O|  |TAMS 0x0000000083b00000| PB 0x0000000083b00000| Updating 
|  59|0x0000000083b00000, 0x0000000083c00000, 0x0000000083c00000|100%| O|  |TAMS 0x0000000083c00000| PB 0x0000000083c00000| Updating 
|  60|0x0000000083c00000, 0x0000000083d00000, 0x0000000083d00000|100%| O|  |TAMS 0x0000000083d00000| PB 0x0000000083d00000| Updating 
|  61|0x0000000083d00000, 0x0000000083e00000, 0x0000000083e00000|100%| O|  |TAMS 0x0000000083e00000| PB 0x0000000083e00000| Updating 
|  62|0x0000000083e00000, 0x0000000083f00000, 0x0000000083f00000|100%| O|  |TAMS 0x0000000083f00000| PB 0x0000000083f00000| Updating 
|  63|0x0000000083f00000, 0x0000000084000000, 0x0000000084000000|100%| O|  |TAMS 0x0000000084000000| PB 0x0000000084000000| Updating 
|  64|0x0000000084000000, 0x0000000084100000, 0x0000000084100000|100%| O|  |TAMS 0x0000000084100000| PB 0x0000000084100000| Updating 
|  65|0x0000000084100000, 0x0000000084200000, 0x0000000084200000|100%| O|  |TAMS 0x0000000084200000| PB 0x0000000084200000| Updating 
|  66|0x0000000084200000, 0x0000000084300000, 0x0000000084300000|100%| O|  |TAMS 0x0000000084300000| PB 0x0000000084300000| Updating 
|  67|0x0000000084300000, 0x0000000084400000, 0x0000000084400000|100%| O|  |TAMS 0x0000000084400000| PB 0x0000000084400000| Updating 
|  68|0x0000000084400000, 0x0000000084500000, 0x0000000084500000|100%|HS|  |TAMS 0x0000000084500000| PB 0x0000000084400000| Complete 
|  69|0x0000000084500000, 0x0000000084600000, 0x0000000084600000|100%|HC|  |TAMS 0x0000000084600000| PB 0x0000000084500000| Complete 
|  70|0x0000000084600000, 0x0000000084700000, 0x0000000084700000|100%|HS|  |TAMS 0x0000000084700000| PB 0x0000000084600000| Complete 
|  71|0x0000000084700000, 0x0000000084800000, 0x0000000084800000|100%|HC|  |TAMS 0x0000000084800000| PB 0x0000000084700000| Complete 
|  72|0x0000000084800000, 0x0000000084900000, 0x0000000084900000|100%| O|  |TAMS 0x0000000084900000| PB 0x0000000084900000| Untracked 
|  73|0x0000000084900000, 0x0000000084a00000, 0x0000000084a00000|100%| O|  |TAMS 0x0000000084a00000| PB 0x0000000084a00000| Updating 
|  74|0x0000000084a00000, 0x0000000084b00000, 0x0000000084b00000|100%| O|  |TAMS 0x0000000084b00000| PB 0x0000000084b00000| Updating 
|  75|0x0000000084b00000, 0x0000000084c00000, 0x0000000084c00000|100%| O|  |TAMS 0x0000000084c00000| PB 0x0000000084c00000| Updating 
|  76|0x0000000084c00000, 0x0000000084d00000, 0x0000000084d00000|100%| O|  |TAMS 0x0000000084d00000| PB 0x0000000084d00000| Updating 
|  77|0x0000000084d00000, 0x0000000084e00000, 0x0000000084e00000|100%| O|  |TAMS 0x0000000084e00000| PB 0x0000000084e00000| Updating 
|  78|0x0000000084e00000, 0x0000000084f00000, 0x0000000084f00000|100%| O|  |TAMS 0x0000000084f00000| PB 0x0000000084f00000| Updating 
|  79|0x0000000084f00000, 0x0000000085000000, 0x0000000085000000|100%| O|  |TAMS 0x0000000085000000| PB 0x0000000085000000| Updating 
|  80|0x0000000085000000, 0x0000000085100000, 0x0000000085100000|100%| O|  |TAMS 0x0000000085100000| PB 0x0000000085100000| Updating 
|  81|0x0000000085100000, 0x0000000085200000, 0x0000000085200000|100%| O|  |TAMS 0x0000000085200000| PB 0x0000000085200000| Updating 
|  82|0x0000000085200000, 0x0000000085300000, 0x0000000085300000|100%| O|  |TAMS 0x0000000085300000| PB 0x0000000085300000| Untracked 
|  83|0x0000000085300000, 0x0000000085400000, 0x0000000085400000|100%| O|  |TAMS 0x0000000085400000| PB 0x0000000085400000| Updating 
|  84|0x0000000085400000, 0x0000000085500000, 0x0000000085500000|100%|HS|  |TAMS 0x0000000085500000| PB 0x0000000085400000| Complete 
|  85|0x0000000085500000, 0x0000000085600000, 0x0000000085600000|100%|HS|  |TAMS 0x0000000085600000| PB 0x0000000085500000| Complete 
|  86|0x0000000085600000, 0x0000000085700000, 0x0000000085700000|100%|HS|  |TAMS 0x0000000085700000| PB 0x0000000085600000| Complete 
|  87|0x0000000085700000, 0x0000000085800000, 0x0000000085800000|100%|HS|  |TAMS 0x0000000085800000| PB 0x0000000085700000| Complete 
|  88|0x0000000085800000, 0x0000000085900000, 0x0000000085900000|100%| O|  |TAMS 0x0000000085900000| PB 0x0000000085900000| Untracked 
|  89|0x0000000085900000, 0x0000000085a00000, 0x0000000085a00000|100%| O|  |TAMS 0x0000000085a00000| PB 0x0000000085a00000| Updating 
|  90|0x0000000085a00000, 0x0000000085b00000, 0x0000000085b00000|100%| O|  |TAMS 0x0000000085b00000| PB 0x0000000085b00000| Updating 
|  91|0x0000000085b00000, 0x0000000085c00000, 0x0000000085c00000|100%| O|  |TAMS 0x0000000085c00000| PB 0x0000000085c00000| Updating 
|  92|0x0000000085c00000, 0x0000000085d00000, 0x0000000085d00000|100%| O|  |TAMS 0x0000000085d00000| PB 0x0000000085d00000| Updating 
|  93|0x0000000085d00000, 0x0000000085e00000, 0x0000000085e00000|100%| O|  |TAMS 0x0000000085e00000| PB 0x0000000085e00000| Updating 
|  94|0x0000000085e00000, 0x0000000085f00000, 0x0000000085f00000|100%| O|  |TAMS 0x0000000085f00000| PB 0x0000000085f00000| Updating 
|  95|0x0000000085f00000, 0x0000000086000000, 0x0000000086000000|100%| O|  |TAMS 0x0000000086000000| PB 0x0000000086000000| Updating 
|  96|0x0000000086000000, 0x0000000086100000, 0x0000000086100000|100%| O|  |TAMS 0x0000000086100000| PB 0x0000000086100000| Updating 
|  97|0x0000000086100000, 0x0000000086200000, 0x0000000086200000|100%|HS|  |TAMS 0x0000000086200000| PB 0x0000000086100000| Complete 
|  98|0x0000000086200000, 0x0000000086300000, 0x0000000086300000|100%|HS|  |TAMS 0x0000000086300000| PB 0x0000000086200000| Complete 
|  99|0x0000000086300000, 0x0000000086400000, 0x0000000086400000|100%|HS|  |TAMS 0x0000000086400000| PB 0x0000000086300000| Complete 
| 100|0x0000000086400000, 0x0000000086500000, 0x0000000086500000|100%|HC|  |TAMS 0x0000000086500000| PB 0x0000000086400000| Complete 
| 101|0x0000000086500000, 0x0000000086600000, 0x0000000086600000|100%|HC|  |TAMS 0x0000000086600000| PB 0x0000000086500000| Complete 
| 102|0x0000000086600000, 0x0000000086700000, 0x0000000086700000|100%| O|  |TAMS 0x0000000086700000| PB 0x0000000086700000| Updating 
| 103|0x0000000086700000, 0x0000000086800000, 0x0000000086800000|100%|HS|  |TAMS 0x0000000086800000| PB 0x0000000086700000| Complete 
| 104|0x0000000086800000, 0x0000000086900000, 0x0000000086900000|100%| O|  |TAMS 0x0000000086900000| PB 0x0000000086900000| Updating 
| 105|0x0000000086900000, 0x0000000086a00000, 0x0000000086a00000|100%| O|  |TAMS 0x0000000086a00000| PB 0x0000000086a00000| Untracked 
| 106|0x0000000086a00000, 0x0000000086b00000, 0x0000000086b00000|100%|HS|  |TAMS 0x0000000086b00000| PB 0x0000000086a00000| Complete 
| 107|0x0000000086b00000, 0x0000000086c00000, 0x0000000086c00000|100%| O|  |TAMS 0x0000000086c00000| PB 0x0000000086c00000| Updating 
| 108|0x0000000086c00000, 0x0000000086d00000, 0x0000000086d00000|100%| O|  |TAMS 0x0000000086d00000| PB 0x0000000086d00000| Updating 
| 109|0x0000000086d00000, 0x0000000086e00000, 0x0000000086e00000|100%| O|  |TAMS 0x0000000086e00000| PB 0x0000000086e00000| Updating 
| 110|0x0000000086e00000, 0x0000000086f00000, 0x0000000086f00000|100%| O|  |TAMS 0x0000000086f00000| PB 0x0000000086f00000| Updating 
| 111|0x0000000086f00000, 0x0000000087000000, 0x0000000087000000|100%| O|  |TAMS 0x0000000087000000| PB 0x0000000087000000| Updating 
| 112|0x0000000087000000, 0x0000000087100000, 0x0000000087100000|100%| O|  |TAMS 0x0000000087100000| PB 0x0000000087100000| Updating 
| 113|0x0000000087100000, 0x0000000087200000, 0x0000000087200000|100%| O|  |TAMS 0x0000000087200000| PB 0x0000000087200000| Updating 
| 114|0x0000000087200000, 0x0000000087300000, 0x0000000087300000|100%| O|  |TAMS 0x0000000087300000| PB 0x0000000087300000| Updating 
| 115|0x0000000087300000, 0x0000000087400000, 0x0000000087400000|100%| O|  |TAMS 0x0000000087400000| PB 0x0000000087400000| Untracked 
| 116|0x0000000087400000, 0x0000000087500000, 0x0000000087500000|100%| O|  |TAMS 0x0000000087500000| PB 0x0000000087500000| Untracked 
| 117|0x0000000087500000, 0x0000000087600000, 0x0000000087600000|100%| O|  |TAMS 0x0000000087600000| PB 0x0000000087600000| Updating 
| 118|0x0000000087600000, 0x0000000087700000, 0x0000000087700000|100%| O|  |TAMS 0x0000000087700000| PB 0x0000000087700000| Untracked 
| 119|0x0000000087700000, 0x0000000087800000, 0x0000000087800000|100%|HS|  |TAMS 0x0000000087800000| PB 0x0000000087700000| Complete 
| 120|0x0000000087800000, 0x0000000087900000, 0x0000000087900000|100%| O|  |TAMS 0x0000000087900000| PB 0x0000000087900000| Updating 
| 121|0x0000000087900000, 0x0000000087a00000, 0x0000000087a00000|100%| O|  |TAMS 0x0000000087a00000| PB 0x0000000087a00000| Updating 
| 122|0x0000000087a00000, 0x0000000087b00000, 0x0000000087b00000|100%| O|  |TAMS 0x0000000087b00000| PB 0x0000000087b00000| Updating 
| 123|0x0000000087b00000, 0x0000000087c00000, 0x0000000087c00000|100%| O|  |TAMS 0x0000000087c00000| PB 0x0000000087c00000| Updating 
| 124|0x0000000087c00000, 0x0000000087d00000, 0x0000000087d00000|100%| O|  |TAMS 0x0000000087d00000| PB 0x0000000087d00000| Updating 
| 125|0x0000000087d00000, 0x0000000087e00000, 0x0000000087e00000|100%| O|  |TAMS 0x0000000087e00000| PB 0x0000000087e00000| Updating 
| 126|0x0000000087e00000, 0x0000000087f00000, 0x0000000087f00000|100%| O|  |TAMS 0x0000000087f00000| PB 0x0000000087f00000| Updating 
| 127|0x0000000087f00000, 0x0000000088000000, 0x0000000088000000|100%| O|  |TAMS 0x0000000088000000| PB 0x0000000088000000| Updating 
| 128|0x0000000088000000, 0x0000000088100000, 0x0000000088100000|100%| O|  |TAMS 0x0000000088100000| PB 0x0000000088100000| Untracked 
| 129|0x0000000088100000, 0x0000000088200000, 0x0000000088200000|100%| O|  |TAMS 0x0000000088200000| PB 0x0000000088200000| Untracked 
| 130|0x0000000088200000, 0x0000000088300000, 0x0000000088300000|100%| O|  |TAMS 0x0000000088300000| PB 0x0000000088300000| Updating 
| 131|0x0000000088300000, 0x0000000088400000, 0x0000000088400000|100%| O|  |TAMS 0x0000000088400000| PB 0x0000000088400000| Untracked 
| 132|0x0000000088400000, 0x0000000088500000, 0x0000000088500000|100%| O|  |TAMS 0x0000000088500000| PB 0x0000000088500000| Updating 
| 133|0x0000000088500000, 0x0000000088600000, 0x0000000088600000|100%| O|  |TAMS 0x0000000088600000| PB 0x0000000088600000| Untracked 
| 134|0x0000000088600000, 0x0000000088700000, 0x0000000088700000|100%| O|  |TAMS 0x0000000088700000| PB 0x0000000088700000| Updating 
| 135|0x0000000088700000, 0x0000000088800000, 0x0000000088800000|100%| O|  |TAMS 0x0000000088800000| PB 0x0000000088800000| Untracked 
| 136|0x0000000088800000, 0x0000000088900000, 0x0000000088900000|100%|HS|  |TAMS 0x0000000088900000| PB 0x0000000088800000| Complete 
| 137|0x0000000088900000, 0x0000000088a00000, 0x0000000088a00000|100%| O|  |TAMS 0x0000000088a00000| PB 0x0000000088a00000| Updating 
| 138|0x0000000088a00000, 0x0000000088b00000, 0x0000000088b00000|100%| O|  |TAMS 0x0000000088b00000| PB 0x0000000088b00000| Updating 
| 139|0x0000000088b00000, 0x0000000088c00000, 0x0000000088c00000|100%|HS|  |TAMS 0x0000000088c00000| PB 0x0000000088b00000| Complete 
| 140|0x0000000088c00000, 0x0000000088d00000, 0x0000000088d00000|100%| O|  |TAMS 0x0000000088d00000| PB 0x0000000088d00000| Updating 
| 141|0x0000000088d00000, 0x0000000088e00000, 0x0000000088e00000|100%|HS|  |TAMS 0x0000000088e00000| PB 0x0000000088d00000| Complete 
| 142|0x0000000088e00000, 0x0000000088f00000, 0x0000000088f00000|100%| O|  |TAMS 0x0000000088f00000| PB 0x0000000088f00000| Untracked 
| 143|0x0000000088f00000, 0x0000000089000000, 0x0000000089000000|100%| O|  |TAMS 0x0000000089000000| PB 0x0000000089000000| Untracked 
| 144|0x0000000089000000, 0x0000000089100000, 0x0000000089100000|100%| O|  |TAMS 0x0000000089100000| PB 0x0000000089100000| Untracked 
| 145|0x0000000089100000, 0x0000000089200000, 0x0000000089200000|100%| O|  |TAMS 0x0000000089200000| PB 0x0000000089200000| Updating 
| 146|0x0000000089200000, 0x0000000089300000, 0x0000000089300000|100%| O|  |TAMS 0x0000000089300000| PB 0x0000000089300000| Updating 
| 147|0x0000000089300000, 0x0000000089400000, 0x0000000089400000|100%| O|  |TAMS 0x0000000089400000| PB 0x0000000089400000| Updating 
| 148|0x0000000089400000, 0x0000000089500000, 0x0000000089500000|100%| O|  |TAMS 0x0000000089500000| PB 0x0000000089500000| Updating 
| 149|0x0000000089500000, 0x0000000089500000, 0x0000000089600000|  0%| F|  |TAMS 0x0000000089500000| PB 0x0000000089500000| Untracked 
| 150|0x0000000089600000, 0x0000000089700000, 0x0000000089700000|100%| O|  |TAMS 0x0000000089700000| PB 0x0000000089700000| Updating 
| 151|0x0000000089700000, 0x0000000089800000, 0x0000000089800000|100%| O|  |TAMS 0x0000000089800000| PB 0x0000000089800000| Updating 
| 152|0x0000000089800000, 0x0000000089900000, 0x0000000089900000|100%| O|  |TAMS 0x0000000089900000| PB 0x0000000089900000| Updating 
| 153|0x0000000089900000, 0x0000000089a00000, 0x0000000089a00000|100%| O|  |TAMS 0x0000000089a00000| PB 0x0000000089a00000| Untracked 
| 154|0x0000000089a00000, 0x0000000089b00000, 0x0000000089b00000|100%| O|  |TAMS 0x0000000089b00000| PB 0x0000000089b00000| Updating 
| 155|0x0000000089b00000, 0x0000000089c00000, 0x0000000089c00000|100%| O|  |TAMS 0x0000000089c00000| PB 0x0000000089c00000| Updating 
| 156|0x0000000089c00000, 0x0000000089d00000, 0x0000000089d00000|100%| O|  |TAMS 0x0000000089d00000| PB 0x0000000089d00000| Updating 
| 157|0x0000000089d00000, 0x0000000089e00000, 0x0000000089e00000|100%| O|  |TAMS 0x0000000089e00000| PB 0x0000000089e00000| Updating 
| 158|0x0000000089e00000, 0x0000000089f00000, 0x0000000089f00000|100%| O|  |TAMS 0x0000000089f00000| PB 0x0000000089f00000| Updating 
| 159|0x0000000089f00000, 0x000000008a000000, 0x000000008a000000|100%| O|  |TAMS 0x000000008a000000| PB 0x000000008a000000| Updating 
| 160|0x000000008a000000, 0x000000008a100000, 0x000000008a100000|100%| O|  |TAMS 0x000000008a100000| PB 0x000000008a100000| Updating 
| 161|0x000000008a100000, 0x000000008a200000, 0x000000008a200000|100%| O|  |TAMS 0x000000008a200000| PB 0x000000008a200000| Updating 
| 162|0x000000008a200000, 0x000000008a300000, 0x000000008a300000|100%| O|  |TAMS 0x000000008a300000| PB 0x000000008a300000| Updating 
| 163|0x000000008a300000, 0x000000008a400000, 0x000000008a400000|100%| O|  |TAMS 0x000000008a400000| PB 0x000000008a400000| Updating 
| 164|0x000000008a400000, 0x000000008a500000, 0x000000008a500000|100%| O|  |TAMS 0x000000008a500000| PB 0x000000008a500000| Updating 
| 165|0x000000008a500000, 0x000000008a600000, 0x000000008a600000|100%| O|  |TAMS 0x000000008a600000| PB 0x000000008a600000| Updating 
| 166|0x000000008a600000, 0x000000008a700000, 0x000000008a700000|100%| O|  |TAMS 0x000000008a700000| PB 0x000000008a700000| Updating 
| 167|0x000000008a700000, 0x000000008a800000, 0x000000008a800000|100%| O|  |TAMS 0x000000008a800000| PB 0x000000008a800000| Updating 
| 168|0x000000008a800000, 0x000000008a900000, 0x000000008a900000|100%| O|  |TAMS 0x000000008a900000| PB 0x000000008a900000| Updating 
| 169|0x000000008a900000, 0x000000008aa00000, 0x000000008aa00000|100%| O|  |TAMS 0x000000008aa00000| PB 0x000000008aa00000| Updating 
| 170|0x000000008aa00000, 0x000000008ab00000, 0x000000008ab00000|100%| O|  |TAMS 0x000000008ab00000| PB 0x000000008ab00000| Updating 
| 171|0x000000008ab00000, 0x000000008ac00000, 0x000000008ac00000|100%| O|  |TAMS 0x000000008ac00000| PB 0x000000008ac00000| Updating 
| 172|0x000000008ac00000, 0x000000008ad00000, 0x000000008ad00000|100%| O|  |TAMS 0x000000008ad00000| PB 0x000000008ad00000| Updating 
| 173|0x000000008ad00000, 0x000000008ae00000, 0x000000008ae00000|100%| O|  |TAMS 0x000000008ae00000| PB 0x000000008ae00000| Updating 
| 174|0x000000008ae00000, 0x000000008af00000, 0x000000008af00000|100%| O|  |TAMS 0x000000008af00000| PB 0x000000008af00000| Updating 
| 175|0x000000008af00000, 0x000000008b000000, 0x000000008b000000|100%| O|  |TAMS 0x000000008b000000| PB 0x000000008b000000| Updating 
| 176|0x000000008b000000, 0x000000008b100000, 0x000000008b100000|100%| O|  |TAMS 0x000000008b100000| PB 0x000000008b100000| Updating 
| 177|0x000000008b100000, 0x000000008b200000, 0x000000008b200000|100%| O|  |TAMS 0x000000008b200000| PB 0x000000008b200000| Updating 
| 178|0x000000008b200000, 0x000000008b300000, 0x000000008b300000|100%| O|  |TAMS 0x000000008b300000| PB 0x000000008b300000| Updating 
| 179|0x000000008b300000, 0x000000008b400000, 0x000000008b400000|100%| O|  |TAMS 0x000000008b400000| PB 0x000000008b400000| Updating 
| 180|0x000000008b400000, 0x000000008b500000, 0x000000008b500000|100%| O|  |TAMS 0x000000008b500000| PB 0x000000008b500000| Updating 
| 181|0x000000008b500000, 0x000000008b600000, 0x000000008b600000|100%| O|  |TAMS 0x000000008b600000| PB 0x000000008b600000| Updating 
| 182|0x000000008b600000, 0x000000008b700000, 0x000000008b700000|100%| O|  |TAMS 0x000000008b700000| PB 0x000000008b700000| Updating 
| 183|0x000000008b700000, 0x000000008b800000, 0x000000008b800000|100%| O|  |TAMS 0x000000008b800000| PB 0x000000008b800000| Updating 
| 184|0x000000008b800000, 0x000000008b900000, 0x000000008b900000|100%| O|  |TAMS 0x000000008b900000| PB 0x000000008b900000| Updating 
| 185|0x000000008b900000, 0x000000008ba00000, 0x000000008ba00000|100%| O|  |TAMS 0x000000008ba00000| PB 0x000000008ba00000| Updating 
| 186|0x000000008ba00000, 0x000000008bb00000, 0x000000008bb00000|100%| O|  |TAMS 0x000000008bb00000| PB 0x000000008bb00000| Updating 
| 187|0x000000008bb00000, 0x000000008bc00000, 0x000000008bc00000|100%| O|  |TAMS 0x000000008bc00000| PB 0x000000008bc00000| Updating 
| 188|0x000000008bc00000, 0x000000008bd00000, 0x000000008bd00000|100%| O|  |TAMS 0x000000008bd00000| PB 0x000000008bd00000| Updating 
| 189|0x000000008bd00000, 0x000000008be00000, 0x000000008be00000|100%| O|  |TAMS 0x000000008be00000| PB 0x000000008be00000| Updating 
| 190|0x000000008be00000, 0x000000008bf00000, 0x000000008bf00000|100%| O|  |TAMS 0x000000008bf00000| PB 0x000000008bf00000| Updating 
| 191|0x000000008bf00000, 0x000000008c000000, 0x000000008c000000|100%| O|  |TAMS 0x000000008c000000| PB 0x000000008c000000| Updating 
| 192|0x000000008c000000, 0x000000008c100000, 0x000000008c100000|100%| O|  |TAMS 0x000000008c100000| PB 0x000000008c100000| Updating 
| 193|0x000000008c100000, 0x000000008c200000, 0x000000008c200000|100%| O|  |TAMS 0x000000008c200000| PB 0x000000008c200000| Updating 
| 194|0x000000008c200000, 0x000000008c300000, 0x000000008c300000|100%| O|  |TAMS 0x000000008c300000| PB 0x000000008c300000| Updating 
| 195|0x000000008c300000, 0x000000008c400000, 0x000000008c400000|100%| O|  |TAMS 0x000000008c400000| PB 0x000000008c400000| Updating 
| 196|0x000000008c400000, 0x000000008c500000, 0x000000008c500000|100%| O|  |TAMS 0x000000008c500000| PB 0x000000008c500000| Updating 
| 197|0x000000008c500000, 0x000000008c600000, 0x000000008c600000|100%| O|  |TAMS 0x000000008c600000| PB 0x000000008c600000| Updating 
| 198|0x000000008c600000, 0x000000008c700000, 0x000000008c700000|100%| O|  |TAMS 0x000000008c700000| PB 0x000000008c700000| Untracked 
| 199|0x000000008c700000, 0x000000008c800000, 0x000000008c800000|100%| O|  |TAMS 0x000000008c800000| PB 0x000000008c800000| Untracked 
| 200|0x000000008c800000, 0x000000008c900000, 0x000000008c900000|100%| O|  |TAMS 0x000000008c900000| PB 0x000000008c900000| Untracked 
| 201|0x000000008c900000, 0x000000008ca00000, 0x000000008ca00000|100%| O|  |TAMS 0x000000008ca00000| PB 0x000000008ca00000| Updating 
| 202|0x000000008ca00000, 0x000000008cb00000, 0x000000008cb00000|100%| O|  |TAMS 0x000000008cb00000| PB 0x000000008cb00000| Untracked 
| 203|0x000000008cb00000, 0x000000008cc00000, 0x000000008cc00000|100%| O|  |TAMS 0x000000008cc00000| PB 0x000000008cc00000| Untracked 
| 204|0x000000008cc00000, 0x000000008cd00000, 0x000000008cd00000|100%| O|  |TAMS 0x000000008cd00000| PB 0x000000008cd00000| Updating 
| 205|0x000000008cd00000, 0x000000008ce00000, 0x000000008ce00000|100%| O|  |TAMS 0x000000008ce00000| PB 0x000000008ce00000| Updating 
| 206|0x000000008ce00000, 0x000000008cf00000, 0x000000008cf00000|100%| O|  |TAMS 0x000000008cf00000| PB 0x000000008cf00000| Updating 
| 207|0x000000008cf00000, 0x000000008d000000, 0x000000008d000000|100%| O|  |TAMS 0x000000008d000000| PB 0x000000008d000000| Updating 
| 208|0x000000008d000000, 0x000000008d100000, 0x000000008d100000|100%| O|  |TAMS 0x000000008d100000| PB 0x000000008d100000| Updating 
| 209|0x000000008d100000, 0x000000008d200000, 0x000000008d200000|100%| O|  |TAMS 0x000000008d200000| PB 0x000000008d200000| Untracked 
| 210|0x000000008d200000, 0x000000008d300000, 0x000000008d300000|100%| O|  |TAMS 0x000000008d300000| PB 0x000000008d300000| Updating 
| 211|0x000000008d300000, 0x000000008d400000, 0x000000008d400000|100%| O|  |TAMS 0x000000008d400000| PB 0x000000008d400000| Updating 
| 212|0x000000008d400000, 0x000000008d500000, 0x000000008d500000|100%| O|  |TAMS 0x000000008d500000| PB 0x000000008d500000| Updating 
| 213|0x000000008d500000, 0x000000008d600000, 0x000000008d600000|100%| O|  |TAMS 0x000000008d600000| PB 0x000000008d600000| Updating 
| 214|0x000000008d600000, 0x000000008d700000, 0x000000008d700000|100%| O|  |TAMS 0x000000008d700000| PB 0x000000008d700000| Updating 
| 215|0x000000008d700000, 0x000000008d800000, 0x000000008d800000|100%| O|  |TAMS 0x000000008d800000| PB 0x000000008d800000| Updating 
| 216|0x000000008d800000, 0x000000008d900000, 0x000000008d900000|100%| O|  |TAMS 0x000000008d900000| PB 0x000000008d900000| Updating 
| 217|0x000000008d900000, 0x000000008da00000, 0x000000008da00000|100%| O|  |TAMS 0x000000008da00000| PB 0x000000008da00000| Updating 
| 218|0x000000008da00000, 0x000000008db00000, 0x000000008db00000|100%| O|  |TAMS 0x000000008db00000| PB 0x000000008db00000| Updating 
| 219|0x000000008db00000, 0x000000008dc00000, 0x000000008dc00000|100%| O|  |TAMS 0x000000008dc00000| PB 0x000000008dc00000| Untracked 
| 220|0x000000008dc00000, 0x000000008dd00000, 0x000000008dd00000|100%| O|  |TAMS 0x000000008dd00000| PB 0x000000008dd00000| Updating 
| 221|0x000000008dd00000, 0x000000008de00000, 0x000000008de00000|100%| O|  |TAMS 0x000000008de00000| PB 0x000000008de00000| Updating 
| 222|0x000000008de00000, 0x000000008df00000, 0x000000008df00000|100%| O|  |TAMS 0x000000008df00000| PB 0x000000008df00000| Updating 
| 223|0x000000008df00000, 0x000000008e000000, 0x000000008e000000|100%| O|  |TAMS 0x000000008e000000| PB 0x000000008e000000| Updating 
| 224|0x000000008e000000, 0x000000008e100000, 0x000000008e100000|100%| O|  |TAMS 0x000000008e100000| PB 0x000000008e100000| Updating 
| 225|0x000000008e100000, 0x000000008e200000, 0x000000008e200000|100%| O|  |TAMS 0x000000008e200000| PB 0x000000008e200000| Updating 
| 226|0x000000008e200000, 0x000000008e300000, 0x000000008e300000|100%| O|  |TAMS 0x000000008e300000| PB 0x000000008e300000| Updating 
| 227|0x000000008e300000, 0x000000008e400000, 0x000000008e400000|100%| O|  |TAMS 0x000000008e400000| PB 0x000000008e400000| Updating 
| 228|0x000000008e400000, 0x000000008e500000, 0x000000008e500000|100%|HS|  |TAMS 0x000000008e500000| PB 0x000000008e400000| Complete 
| 229|0x000000008e500000, 0x000000008e600000, 0x000000008e600000|100%|HC|  |TAMS 0x000000008e600000| PB 0x000000008e500000| Complete 
| 230|0x000000008e600000, 0x000000008e700000, 0x000000008e700000|100%| O|  |TAMS 0x000000008e700000| PB 0x000000008e700000| Updating 
| 231|0x000000008e700000, 0x000000008e800000, 0x000000008e800000|100%|HS|  |TAMS 0x000000008e800000| PB 0x000000008e700000| Complete 
| 232|0x000000008e800000, 0x000000008e900000, 0x000000008e900000|100%|HS|  |TAMS 0x000000008e900000| PB 0x000000008e800000| Complete 
| 233|0x000000008e900000, 0x000000008ea00000, 0x000000008ea00000|100%| O|  |TAMS 0x000000008ea00000| PB 0x000000008ea00000| Updating 
| 234|0x000000008ea00000, 0x000000008eb00000, 0x000000008eb00000|100%| O|  |TAMS 0x000000008eb00000| PB 0x000000008eb00000| Updating 
| 235|0x000000008eb00000, 0x000000008ec00000, 0x000000008ec00000|100%| O|  |TAMS 0x000000008ec00000| PB 0x000000008ec00000| Updating 
| 236|0x000000008ec00000, 0x000000008ed00000, 0x000000008ed00000|100%| O|  |TAMS 0x000000008ed00000| PB 0x000000008ed00000| Updating 
| 237|0x000000008ed00000, 0x000000008ee00000, 0x000000008ee00000|100%| O|  |TAMS 0x000000008ee00000| PB 0x000000008ee00000| Untracked 
| 238|0x000000008ee00000, 0x000000008ef00000, 0x000000008ef00000|100%| O|  |TAMS 0x000000008ef00000| PB 0x000000008ef00000| Updating 
| 239|0x000000008ef00000, 0x000000008f000000, 0x000000008f000000|100%| O|  |TAMS 0x000000008f000000| PB 0x000000008f000000| Updating 
| 240|0x000000008f000000, 0x000000008f100000, 0x000000008f100000|100%| O|  |TAMS 0x000000008f100000| PB 0x000000008f100000| Updating 
| 241|0x000000008f100000, 0x000000008f200000, 0x000000008f200000|100%| O|  |TAMS 0x000000008f200000| PB 0x000000008f200000| Updating 
| 242|0x000000008f200000, 0x000000008f300000, 0x000000008f300000|100%| O|  |TAMS 0x000000008f300000| PB 0x000000008f300000| Updating 
| 243|0x000000008f300000, 0x000000008f400000, 0x000000008f400000|100%| O|  |TAMS 0x000000008f400000| PB 0x000000008f400000| Updating 
| 244|0x000000008f400000, 0x000000008f500000, 0x000000008f500000|100%|HS|  |TAMS 0x000000008f500000| PB 0x000000008f400000| Complete 
| 245|0x000000008f500000, 0x000000008f600000, 0x000000008f600000|100%|HS|  |TAMS 0x000000008f600000| PB 0x000000008f500000| Complete 
| 246|0x000000008f600000, 0x000000008f700000, 0x000000008f700000|100%|HS|  |TAMS 0x000000008f700000| PB 0x000000008f600000| Complete 
| 247|0x000000008f700000, 0x000000008f800000, 0x000000008f800000|100%| O|  |TAMS 0x000000008f800000| PB 0x000000008f800000| Updating 
| 248|0x000000008f800000, 0x000000008f900000, 0x000000008f900000|100%| O|  |TAMS 0x000000008f900000| PB 0x000000008f900000| Updating 
| 249|0x000000008f900000, 0x000000008fa00000, 0x000000008fa00000|100%| O|  |TAMS 0x000000008fa00000| PB 0x000000008fa00000| Untracked 
| 250|0x000000008fa00000, 0x000000008fb00000, 0x000000008fb00000|100%| O|  |TAMS 0x000000008fb00000| PB 0x000000008fb00000| Updating 
| 251|0x000000008fb00000, 0x000000008fc00000, 0x000000008fc00000|100%| O|  |TAMS 0x000000008fc00000| PB 0x000000008fc00000| Untracked 
| 252|0x000000008fc00000, 0x000000008fd00000, 0x000000008fd00000|100%| O|  |TAMS 0x000000008fd00000| PB 0x000000008fd00000| Updating 
| 253|0x000000008fd00000, 0x000000008fe00000, 0x000000008fe00000|100%| O|  |TAMS 0x000000008fe00000| PB 0x000000008fe00000| Updating 
| 254|0x000000008fe00000, 0x000000008ff00000, 0x000000008ff00000|100%| O|  |TAMS 0x000000008ff00000| PB 0x000000008ff00000| Updating 
| 255|0x000000008ff00000, 0x0000000090000000, 0x0000000090000000|100%| O|  |TAMS 0x0000000090000000| PB 0x0000000090000000| Updating 
| 256|0x0000000090000000, 0x0000000090100000, 0x0000000090100000|100%| O|  |TAMS 0x0000000090100000| PB 0x0000000090100000| Updating 
| 257|0x0000000090100000, 0x0000000090200000, 0x0000000090200000|100%| O|  |TAMS 0x0000000090200000| PB 0x0000000090200000| Updating 
| 258|0x0000000090200000, 0x0000000090300000, 0x0000000090300000|100%| O|  |TAMS 0x0000000090300000| PB 0x0000000090300000| Updating 
| 259|0x0000000090300000, 0x0000000090400000, 0x0000000090400000|100%| O|  |TAMS 0x0000000090400000| PB 0x0000000090400000| Untracked 
| 260|0x0000000090400000, 0x0000000090500000, 0x0000000090500000|100%| O|  |TAMS 0x0000000090500000| PB 0x0000000090500000| Updating 
| 261|0x0000000090500000, 0x0000000090600000, 0x0000000090600000|100%| O|  |TAMS 0x0000000090600000| PB 0x0000000090600000| Untracked 
| 262|0x0000000090600000, 0x0000000090700000, 0x0000000090700000|100%| O|  |TAMS 0x0000000090700000| PB 0x0000000090700000| Updating 
| 263|0x0000000090700000, 0x0000000090800000, 0x0000000090800000|100%| O|  |TAMS 0x0000000090800000| PB 0x0000000090800000| Updating 
| 264|0x0000000090800000, 0x0000000090900000, 0x0000000090900000|100%| O|  |TAMS 0x0000000090900000| PB 0x0000000090900000| Updating 
| 265|0x0000000090900000, 0x0000000090a00000, 0x0000000090a00000|100%| O|  |TAMS 0x0000000090a00000| PB 0x0000000090a00000| Updating 
| 266|0x0000000090a00000, 0x0000000090b00000, 0x0000000090b00000|100%| O|  |TAMS 0x0000000090b00000| PB 0x0000000090b00000| Updating 
| 267|0x0000000090b00000, 0x0000000090c00000, 0x0000000090c00000|100%| O|  |TAMS 0x0000000090c00000| PB 0x0000000090c00000| Updating 
| 268|0x0000000090c00000, 0x0000000090d00000, 0x0000000090d00000|100%| O|  |TAMS 0x0000000090d00000| PB 0x0000000090d00000| Updating 
| 269|0x0000000090d00000, 0x0000000090e00000, 0x0000000090e00000|100%| O|  |TAMS 0x0000000090e00000| PB 0x0000000090e00000| Updating 
| 270|0x0000000090e00000, 0x0000000090f00000, 0x0000000090f00000|100%| O|  |TAMS 0x0000000090f00000| PB 0x0000000090f00000| Updating 
| 271|0x0000000090f00000, 0x0000000091000000, 0x0000000091000000|100%| O|  |TAMS 0x0000000091000000| PB 0x0000000091000000| Updating 
| 272|0x0000000091000000, 0x0000000091100000, 0x0000000091100000|100%| O|  |TAMS 0x0000000091100000| PB 0x0000000091100000| Updating 
| 273|0x0000000091100000, 0x0000000091200000, 0x0000000091200000|100%| O|  |TAMS 0x0000000091200000| PB 0x0000000091200000| Updating 
| 274|0x0000000091200000, 0x0000000091300000, 0x0000000091300000|100%| O|  |TAMS 0x0000000091300000| PB 0x0000000091300000| Updating 
| 275|0x0000000091300000, 0x0000000091400000, 0x0000000091400000|100%| O|  |TAMS 0x0000000091400000| PB 0x0000000091400000| Updating 
| 276|0x0000000091400000, 0x0000000091500000, 0x0000000091500000|100%| O|  |TAMS 0x0000000091500000| PB 0x0000000091500000| Updating 
| 277|0x0000000091500000, 0x0000000091600000, 0x0000000091600000|100%| O|  |TAMS 0x0000000091600000| PB 0x0000000091600000| Untracked 
| 278|0x0000000091600000, 0x0000000091700000, 0x0000000091700000|100%| O|  |TAMS 0x0000000091700000| PB 0x0000000091700000| Untracked 
| 279|0x0000000091700000, 0x0000000091800000, 0x0000000091800000|100%| O|  |TAMS 0x0000000091800000| PB 0x0000000091800000| Untracked 
| 280|0x0000000091800000, 0x0000000091900000, 0x0000000091900000|100%| O|  |TAMS 0x0000000091900000| PB 0x0000000091900000| Updating 
| 281|0x0000000091900000, 0x0000000091a00000, 0x0000000091a00000|100%| O|  |TAMS 0x0000000091a00000| PB 0x0000000091a00000| Updating 
| 282|0x0000000091a00000, 0x0000000091b00000, 0x0000000091b00000|100%| O|  |TAMS 0x0000000091b00000| PB 0x0000000091b00000| Updating 
| 283|0x0000000091b00000, 0x0000000091c00000, 0x0000000091c00000|100%| O|  |TAMS 0x0000000091c00000| PB 0x0000000091c00000| Updating 
| 284|0x0000000091c00000, 0x0000000091d00000, 0x0000000091d00000|100%| O|  |TAMS 0x0000000091d00000| PB 0x0000000091d00000| Updating 
| 285|0x0000000091d00000, 0x0000000091e00000, 0x0000000091e00000|100%| O|  |TAMS 0x0000000091e00000| PB 0x0000000091e00000| Updating 
| 286|0x0000000091e00000, 0x0000000091f00000, 0x0000000091f00000|100%| O|  |TAMS 0x0000000091f00000| PB 0x0000000091f00000| Updating 
| 287|0x0000000091f00000, 0x0000000092000000, 0x0000000092000000|100%| O|  |TAMS 0x0000000092000000| PB 0x0000000092000000| Updating 
| 288|0x0000000092000000, 0x0000000092100000, 0x0000000092100000|100%| O|  |TAMS 0x0000000092100000| PB 0x0000000092100000| Updating 
| 289|0x0000000092100000, 0x0000000092200000, 0x0000000092200000|100%| O|  |TAMS 0x0000000092200000| PB 0x0000000092200000| Updating 
| 290|0x0000000092200000, 0x0000000092300000, 0x0000000092300000|100%| O|  |TAMS 0x0000000092300000| PB 0x0000000092300000| Updating 
| 291|0x0000000092300000, 0x0000000092400000, 0x0000000092400000|100%|HS|  |TAMS 0x0000000092400000| PB 0x0000000092300000| Complete 
| 292|0x0000000092400000, 0x0000000092500000, 0x0000000092500000|100%|HS|  |TAMS 0x0000000092500000| PB 0x0000000092400000| Complete 
| 293|0x0000000092500000, 0x0000000092600000, 0x0000000092600000|100%|HS|  |TAMS 0x0000000092600000| PB 0x0000000092500000| Complete 
| 294|0x0000000092600000, 0x0000000092700000, 0x0000000092700000|100%|HS|  |TAMS 0x0000000092700000| PB 0x0000000092600000| Complete 
| 295|0x0000000092700000, 0x0000000092800000, 0x0000000092800000|100%| O|  |TAMS 0x0000000092800000| PB 0x0000000092800000| Updating 
| 296|0x0000000092800000, 0x0000000092900000, 0x0000000092900000|100%| O|  |TAMS 0x0000000092900000| PB 0x0000000092900000| Updating 
| 297|0x0000000092900000, 0x0000000092a00000, 0x0000000092a00000|100%| O|  |TAMS 0x0000000092a00000| PB 0x0000000092a00000| Updating 
| 298|0x0000000092a00000, 0x0000000092b00000, 0x0000000092b00000|100%| O|  |TAMS 0x0000000092b00000| PB 0x0000000092b00000| Updating 
| 299|0x0000000092b00000, 0x0000000092c00000, 0x0000000092c00000|100%| O|  |TAMS 0x0000000092c00000| PB 0x0000000092c00000| Untracked 
| 300|0x0000000092c00000, 0x0000000092d00000, 0x0000000092d00000|100%|HS|  |TAMS 0x0000000092d00000| PB 0x0000000092c00000| Complete 
| 301|0x0000000092d00000, 0x0000000092e00000, 0x0000000092e00000|100%| O|  |TAMS 0x0000000092e00000| PB 0x0000000092e00000| Untracked 
| 302|0x0000000092e00000, 0x0000000092f00000, 0x0000000092f00000|100%| O|  |TAMS 0x0000000092f00000| PB 0x0000000092f00000| Untracked 
| 303|0x0000000092f00000, 0x0000000093000000, 0x0000000093000000|100%| O|  |TAMS 0x0000000093000000| PB 0x0000000093000000| Untracked 
| 304|0x0000000093000000, 0x0000000093100000, 0x0000000093100000|100%| O|  |TAMS 0x0000000093100000| PB 0x0000000093100000| Untracked 
| 305|0x0000000093100000, 0x0000000093200000, 0x0000000093200000|100%| O|  |TAMS 0x0000000093200000| PB 0x0000000093200000| Updating 
| 306|0x0000000093200000, 0x0000000093300000, 0x0000000093300000|100%| O|  |TAMS 0x0000000093300000| PB 0x0000000093300000| Updating 
| 307|0x0000000093300000, 0x0000000093400000, 0x0000000093400000|100%| O|  |TAMS 0x0000000093400000| PB 0x0000000093400000| Updating 
| 308|0x0000000093400000, 0x0000000093500000, 0x0000000093500000|100%| O|  |TAMS 0x0000000093500000| PB 0x0000000093500000| Updating 
| 309|0x0000000093500000, 0x0000000093600000, 0x0000000093600000|100%| O|  |TAMS 0x0000000093600000| PB 0x0000000093600000| Updating 
| 310|0x0000000093600000, 0x0000000093700000, 0x0000000093700000|100%| O|  |TAMS 0x0000000093700000| PB 0x0000000093700000| Updating 
| 311|0x0000000093700000, 0x0000000093800000, 0x0000000093800000|100%| O|  |TAMS 0x0000000093800000| PB 0x0000000093800000| Updating 
| 312|0x0000000093800000, 0x0000000093900000, 0x0000000093900000|100%| O|  |TAMS 0x0000000093900000| PB 0x0000000093900000| Updating 
| 313|0x0000000093900000, 0x0000000093a00000, 0x0000000093a00000|100%| O|  |TAMS 0x0000000093a00000| PB 0x0000000093a00000| Updating 
| 314|0x0000000093a00000, 0x0000000093b00000, 0x0000000093b00000|100%| O|  |TAMS 0x0000000093b00000| PB 0x0000000093b00000| Updating 
| 315|0x0000000093b00000, 0x0000000093c00000, 0x0000000093c00000|100%| O|  |TAMS 0x0000000093c00000| PB 0x0000000093c00000| Updating 
| 316|0x0000000093c00000, 0x0000000093d00000, 0x0000000093d00000|100%| O|  |TAMS 0x0000000093d00000| PB 0x0000000093d00000| Updating 
| 317|0x0000000093d00000, 0x0000000093e00000, 0x0000000093e00000|100%| O|  |TAMS 0x0000000093e00000| PB 0x0000000093e00000| Untracked 
| 318|0x0000000093e00000, 0x0000000093f00000, 0x0000000093f00000|100%| O|  |TAMS 0x0000000093f00000| PB 0x0000000093f00000| Untracked 
| 319|0x0000000093f00000, 0x0000000094000000, 0x0000000094000000|100%| O|  |TAMS 0x0000000094000000| PB 0x0000000094000000| Updating 
| 320|0x0000000094000000, 0x0000000094100000, 0x0000000094100000|100%| O|  |TAMS 0x0000000094100000| PB 0x0000000094100000| Untracked 
| 321|0x0000000094100000, 0x0000000094200000, 0x0000000094200000|100%| O|  |TAMS 0x0000000094200000| PB 0x0000000094200000| Updating 
| 322|0x0000000094200000, 0x0000000094300000, 0x0000000094300000|100%| O|  |TAMS 0x0000000094300000| PB 0x0000000094300000| Updating 
| 323|0x0000000094300000, 0x0000000094400000, 0x0000000094400000|100%| O|  |TAMS 0x0000000094400000| PB 0x0000000094400000| Updating 
| 324|0x0000000094400000, 0x0000000094500000, 0x0000000094500000|100%| O|  |TAMS 0x0000000094500000| PB 0x0000000094500000| Updating 
| 325|0x0000000094500000, 0x0000000094600000, 0x0000000094600000|100%| O|  |TAMS 0x0000000094600000| PB 0x0000000094600000| Updating 
| 326|0x0000000094600000, 0x0000000094700000, 0x0000000094700000|100%| O|  |TAMS 0x0000000094700000| PB 0x0000000094700000| Updating 
| 327|0x0000000094700000, 0x0000000094800000, 0x0000000094800000|100%| O|  |TAMS 0x0000000094800000| PB 0x0000000094800000| Updating 
| 328|0x0000000094800000, 0x0000000094900000, 0x0000000094900000|100%| O|  |TAMS 0x0000000094900000| PB 0x0000000094900000| Updating 
| 329|0x0000000094900000, 0x0000000094a00000, 0x0000000094a00000|100%| O|  |TAMS 0x0000000094a00000| PB 0x0000000094a00000| Updating 
| 330|0x0000000094a00000, 0x0000000094b00000, 0x0000000094b00000|100%| O|  |TAMS 0x0000000094b00000| PB 0x0000000094b00000| Updating 
| 331|0x0000000094b00000, 0x0000000094b00000, 0x0000000094c00000|  0%| F|  |TAMS 0x0000000094b00000| PB 0x0000000094b00000| Untracked 
| 332|0x0000000094c00000, 0x0000000094d00000, 0x0000000094d00000|100%| O|  |TAMS 0x0000000094d00000| PB 0x0000000094d00000| Updating 
| 333|0x0000000094d00000, 0x0000000094e00000, 0x0000000094e00000|100%| O|  |TAMS 0x0000000094e00000| PB 0x0000000094e00000| Updating 
| 334|0x0000000094e00000, 0x0000000094f00000, 0x0000000094f00000|100%| O|  |TAMS 0x0000000094f00000| PB 0x0000000094f00000| Updating 
| 335|0x0000000094f00000, 0x0000000094f00000, 0x0000000095000000|  0%| F|  |TAMS 0x0000000094f00000| PB 0x0000000094f00000| Untracked 
| 336|0x0000000095000000, 0x0000000095100000, 0x0000000095100000|100%| O|  |TAMS 0x0000000095100000| PB 0x0000000095100000| Updating 
| 337|0x0000000095100000, 0x0000000095100000, 0x0000000095200000|  0%| F|  |TAMS 0x0000000095100000| PB 0x0000000095100000| Untracked 
| 338|0x0000000095200000, 0x0000000095300000, 0x0000000095300000|100%| O|  |TAMS 0x0000000095300000| PB 0x0000000095300000| Updating 
| 339|0x0000000095300000, 0x0000000095300000, 0x0000000095400000|  0%| F|  |TAMS 0x0000000095300000| PB 0x0000000095300000| Untracked 
| 340|0x0000000095400000, 0x0000000095500000, 0x0000000095500000|100%| O|  |TAMS 0x0000000095500000| PB 0x0000000095500000| Updating 
| 341|0x0000000095500000, 0x0000000095600000, 0x0000000095600000|100%| O|  |TAMS 0x0000000095600000| PB 0x0000000095600000| Updating 
| 342|0x0000000095600000, 0x0000000095700000, 0x0000000095700000|100%| O|  |TAMS 0x0000000095700000| PB 0x0000000095700000| Updating 
| 343|0x0000000095700000, 0x0000000095800000, 0x0000000095800000|100%| O|  |TAMS 0x0000000095800000| PB 0x0000000095800000| Updating 
| 344|0x0000000095800000, 0x0000000095900000, 0x0000000095900000|100%| O|  |TAMS 0x0000000095900000| PB 0x0000000095900000| Updating 
| 345|0x0000000095900000, 0x0000000095a00000, 0x0000000095a00000|100%| O|  |TAMS 0x0000000095a00000| PB 0x0000000095a00000| Updating 
| 346|0x0000000095a00000, 0x0000000095b00000, 0x0000000095b00000|100%| O|  |TAMS 0x0000000095b00000| PB 0x0000000095b00000| Untracked 
| 347|0x0000000095b00000, 0x0000000095c00000, 0x0000000095c00000|100%| O|  |TAMS 0x0000000095c00000| PB 0x0000000095c00000| Untracked 
| 348|0x0000000095c00000, 0x0000000095d00000, 0x0000000095d00000|100%| O|  |TAMS 0x0000000095d00000| PB 0x0000000095d00000| Updating 
| 349|0x0000000095d00000, 0x0000000095e00000, 0x0000000095e00000|100%| O|  |TAMS 0x0000000095e00000| PB 0x0000000095e00000| Updating 
| 350|0x0000000095e00000, 0x0000000095f00000, 0x0000000095f00000|100%| O|  |TAMS 0x0000000095f00000| PB 0x0000000095f00000| Updating 
| 351|0x0000000095f00000, 0x0000000096000000, 0x0000000096000000|100%| O|  |TAMS 0x0000000096000000| PB 0x0000000096000000| Updating 
| 352|0x0000000096000000, 0x0000000096100000, 0x0000000096100000|100%| O|  |TAMS 0x0000000096100000| PB 0x0000000096100000| Updating 
| 353|0x0000000096100000, 0x0000000096200000, 0x0000000096200000|100%| O|  |TAMS 0x0000000096200000| PB 0x0000000096200000| Updating 
| 354|0x0000000096200000, 0x0000000096300000, 0x0000000096300000|100%| O|  |TAMS 0x0000000096300000| PB 0x0000000096300000| Updating 
| 355|0x0000000096300000, 0x0000000096400000, 0x0000000096400000|100%| O|  |TAMS 0x0000000096400000| PB 0x0000000096400000| Updating 
| 356|0x0000000096400000, 0x0000000096400000, 0x0000000096500000|  0%| F|  |TAMS 0x0000000096400000| PB 0x0000000096400000| Untracked 
| 357|0x0000000096500000, 0x0000000096600000, 0x0000000096600000|100%| O|  |TAMS 0x0000000096600000| PB 0x0000000096600000| Updating 
| 358|0x0000000096600000, 0x0000000096600000, 0x0000000096700000|  0%| F|  |TAMS 0x0000000096600000| PB 0x0000000096600000| Untracked 
| 359|0x0000000096700000, 0x0000000096800000, 0x0000000096800000|100%| O|  |TAMS 0x0000000096800000| PB 0x0000000096800000| Updating 
| 360|0x0000000096800000, 0x0000000096900000, 0x0000000096900000|100%| O|  |TAMS 0x0000000096900000| PB 0x0000000096900000| Updating 
| 361|0x0000000096900000, 0x0000000096a00000, 0x0000000096a00000|100%| O|  |TAMS 0x0000000096a00000| PB 0x0000000096a00000| Updating 
| 362|0x0000000096a00000, 0x0000000096b00000, 0x0000000096b00000|100%| O|  |TAMS 0x0000000096b00000| PB 0x0000000096b00000| Updating 
| 363|0x0000000096b00000, 0x0000000096c00000, 0x0000000096c00000|100%| O|  |TAMS 0x0000000096c00000| PB 0x0000000096c00000| Updating 
| 364|0x0000000096c00000, 0x0000000096c00000, 0x0000000096d00000|  0%| F|  |TAMS 0x0000000096c00000| PB 0x0000000096c00000| Untracked 
| 365|0x0000000096d00000, 0x0000000096e00000, 0x0000000096e00000|100%| O|  |TAMS 0x0000000096e00000| PB 0x0000000096e00000| Updating 
| 366|0x0000000096e00000, 0x0000000096f00000, 0x0000000096f00000|100%| O|  |TAMS 0x0000000096f00000| PB 0x0000000096f00000| Updating 
| 367|0x0000000096f00000, 0x0000000096f00000, 0x0000000097000000|  0%| F|  |TAMS 0x0000000096f00000| PB 0x0000000096f00000| Untracked 
| 368|0x0000000097000000, 0x0000000097100000, 0x0000000097100000|100%| O|  |TAMS 0x0000000097100000| PB 0x0000000097100000| Updating 
| 369|0x0000000097100000, 0x0000000097200000, 0x0000000097200000|100%| O|  |TAMS 0x0000000097200000| PB 0x0000000097200000| Updating 
| 370|0x0000000097200000, 0x0000000097300000, 0x0000000097300000|100%| O|  |TAMS 0x0000000097300000| PB 0x0000000097300000| Updating 
| 371|0x0000000097300000, 0x0000000097400000, 0x0000000097400000|100%| O|  |TAMS 0x0000000097400000| PB 0x0000000097400000| Updating 
| 372|0x0000000097400000, 0x0000000097500000, 0x0000000097500000|100%| O|  |TAMS 0x0000000097500000| PB 0x0000000097500000| Updating 
| 373|0x0000000097500000, 0x0000000097600000, 0x0000000097600000|100%| O|  |TAMS 0x0000000097600000| PB 0x0000000097600000| Updating 
| 374|0x0000000097600000, 0x0000000097700000, 0x0000000097700000|100%| O|  |TAMS 0x0000000097700000| PB 0x0000000097700000| Updating 
| 375|0x0000000097700000, 0x0000000097800000, 0x0000000097800000|100%| O|  |TAMS 0x0000000097800000| PB 0x0000000097800000| Updating 
| 376|0x0000000097800000, 0x0000000097900000, 0x0000000097900000|100%| O|  |TAMS 0x0000000097900000| PB 0x0000000097900000| Updating 
| 377|0x0000000097900000, 0x0000000097a00000, 0x0000000097a00000|100%| O|  |TAMS 0x0000000097a00000| PB 0x0000000097a00000| Updating 
| 378|0x0000000097a00000, 0x0000000097b00000, 0x0000000097b00000|100%| O|  |TAMS 0x0000000097b00000| PB 0x0000000097b00000| Updating 
| 379|0x0000000097b00000, 0x0000000097c00000, 0x0000000097c00000|100%| O|  |TAMS 0x0000000097c00000| PB 0x0000000097c00000| Updating 
| 380|0x0000000097c00000, 0x0000000097c00000, 0x0000000097d00000|  0%| F|  |TAMS 0x0000000097c00000| PB 0x0000000097c00000| Untracked 
| 381|0x0000000097d00000, 0x0000000097e00000, 0x0000000097e00000|100%| O|  |TAMS 0x0000000097e00000| PB 0x0000000097e00000| Updating 
| 382|0x0000000097e00000, 0x0000000097f00000, 0x0000000097f00000|100%| O|  |TAMS 0x0000000097f00000| PB 0x0000000097f00000| Updating 
| 383|0x0000000097f00000, 0x0000000098000000, 0x0000000098000000|100%| O|  |TAMS 0x0000000098000000| PB 0x0000000098000000| Updating 
| 384|0x0000000098000000, 0x0000000098100000, 0x0000000098100000|100%| O|  |TAMS 0x0000000098100000| PB 0x0000000098100000| Updating 
| 385|0x0000000098100000, 0x0000000098200000, 0x0000000098200000|100%| O|  |TAMS 0x0000000098200000| PB 0x0000000098200000| Untracked 
| 386|0x0000000098200000, 0x0000000098300000, 0x0000000098300000|100%| O|  |TAMS 0x0000000098300000| PB 0x0000000098300000| Untracked 
| 387|0x0000000098300000, 0x0000000098400000, 0x0000000098400000|100%| O|  |TAMS 0x0000000098400000| PB 0x0000000098400000| Untracked 
| 388|0x0000000098400000, 0x0000000098500000, 0x0000000098500000|100%| O|  |TAMS 0x0000000098500000| PB 0x0000000098500000| Untracked 
| 389|0x0000000098500000, 0x0000000098600000, 0x0000000098600000|100%| O|  |TAMS 0x0000000098600000| PB 0x0000000098600000| Untracked 
| 390|0x0000000098600000, 0x0000000098700000, 0x0000000098700000|100%| O|  |TAMS 0x0000000098700000| PB 0x0000000098700000| Updating 
| 391|0x0000000098700000, 0x0000000098800000, 0x0000000098800000|100%| O|  |TAMS 0x0000000098800000| PB 0x0000000098800000| Updating 
| 392|0x0000000098800000, 0x0000000098900000, 0x0000000098900000|100%| O|  |TAMS 0x0000000098900000| PB 0x0000000098900000| Updating 
| 393|0x0000000098900000, 0x0000000098900000, 0x0000000098a00000|  0%| F|  |TAMS 0x0000000098900000| PB 0x0000000098900000| Untracked 
| 394|0x0000000098a00000, 0x0000000098a00000, 0x0000000098b00000|  0%| F|  |TAMS 0x0000000098a00000| PB 0x0000000098a00000| Untracked 
| 395|0x0000000098b00000, 0x0000000098b00000, 0x0000000098c00000|  0%| F|  |TAMS 0x0000000098b00000| PB 0x0000000098b00000| Untracked 
| 396|0x0000000098c00000, 0x0000000098d00000, 0x0000000098d00000|100%| O|  |TAMS 0x0000000098d00000| PB 0x0000000098d00000| Untracked 
| 397|0x0000000098d00000, 0x0000000098e00000, 0x0000000098e00000|100%| O|  |TAMS 0x0000000098e00000| PB 0x0000000098e00000| Updating 
| 398|0x0000000098e00000, 0x0000000098f00000, 0x0000000098f00000|100%| O|  |TAMS 0x0000000098f00000| PB 0x0000000098f00000| Updating 
| 399|0x0000000098f00000, 0x0000000099000000, 0x0000000099000000|100%| O|  |TAMS 0x0000000099000000| PB 0x0000000099000000| Updating 
| 400|0x0000000099000000, 0x0000000099100000, 0x0000000099100000|100%| O|  |TAMS 0x0000000099100000| PB 0x0000000099100000| Untracked 
| 401|0x0000000099100000, 0x0000000099200000, 0x0000000099200000|100%| O|  |TAMS 0x0000000099200000| PB 0x0000000099200000| Updating 
| 402|0x0000000099200000, 0x0000000099300000, 0x0000000099300000|100%| O|  |TAMS 0x0000000099300000| PB 0x0000000099300000| Updating 
| 403|0x0000000099300000, 0x0000000099400000, 0x0000000099400000|100%| O|  |TAMS 0x0000000099400000| PB 0x0000000099400000| Updating 
| 404|0x0000000099400000, 0x0000000099500000, 0x0000000099500000|100%| O|  |TAMS 0x0000000099500000| PB 0x0000000099500000| Updating 
| 405|0x0000000099500000, 0x0000000099600000, 0x0000000099600000|100%| O|  |TAMS 0x0000000099600000| PB 0x0000000099600000| Updating 
| 406|0x0000000099600000, 0x0000000099700000, 0x0000000099700000|100%| O|  |TAMS 0x0000000099700000| PB 0x0000000099700000| Updating 
| 407|0x0000000099700000, 0x0000000099800000, 0x0000000099800000|100%| O|  |TAMS 0x0000000099800000| PB 0x0000000099800000| Updating 
| 408|0x0000000099800000, 0x0000000099900000, 0x0000000099900000|100%| O|  |TAMS 0x0000000099900000| PB 0x0000000099900000| Updating 
| 409|0x0000000099900000, 0x0000000099a00000, 0x0000000099a00000|100%| O|  |TAMS 0x0000000099a00000| PB 0x0000000099a00000| Updating 
| 410|0x0000000099a00000, 0x0000000099b00000, 0x0000000099b00000|100%| O|  |TAMS 0x0000000099b00000| PB 0x0000000099b00000| Updating 
| 411|0x0000000099b00000, 0x0000000099c00000, 0x0000000099c00000|100%| O|  |TAMS 0x0000000099c00000| PB 0x0000000099c00000| Updating 
| 412|0x0000000099c00000, 0x0000000099c00000, 0x0000000099d00000|  0%| F|  |TAMS 0x0000000099c00000| PB 0x0000000099c00000| Untracked 
| 413|0x0000000099d00000, 0x0000000099d00000, 0x0000000099e00000|  0%| F|  |TAMS 0x0000000099d00000| PB 0x0000000099d00000| Untracked 
| 414|0x0000000099e00000, 0x0000000099e00000, 0x0000000099f00000|  0%| F|  |TAMS 0x0000000099e00000| PB 0x0000000099e00000| Untracked 
| 415|0x0000000099f00000, 0x000000009a000000, 0x000000009a000000|100%| O|  |TAMS 0x000000009a000000| PB 0x000000009a000000| Updating 
| 416|0x000000009a000000, 0x000000009a100000, 0x000000009a100000|100%| O|  |TAMS 0x000000009a100000| PB 0x000000009a100000| Updating 
| 417|0x000000009a100000, 0x000000009a200000, 0x000000009a200000|100%| O|  |TAMS 0x000000009a200000| PB 0x000000009a200000| Updating 
| 418|0x000000009a200000, 0x000000009a300000, 0x000000009a300000|100%| O|  |TAMS 0x000000009a300000| PB 0x000000009a300000| Updating 
| 419|0x000000009a300000, 0x000000009a400000, 0x000000009a400000|100%| O|  |TAMS 0x000000009a400000| PB 0x000000009a400000| Updating 
| 420|0x000000009a400000, 0x000000009a500000, 0x000000009a500000|100%| O|  |TAMS 0x000000009a500000| PB 0x000000009a500000| Updating 
| 421|0x000000009a500000, 0x000000009a600000, 0x000000009a600000|100%| O|  |TAMS 0x000000009a600000| PB 0x000000009a600000| Updating 
| 422|0x000000009a600000, 0x000000009a700000, 0x000000009a700000|100%| O|  |TAMS 0x000000009a700000| PB 0x000000009a700000| Updating 
| 423|0x000000009a700000, 0x000000009a800000, 0x000000009a800000|100%| O|  |TAMS 0x000000009a800000| PB 0x000000009a800000| Updating 
| 424|0x000000009a800000, 0x000000009a900000, 0x000000009a900000|100%| O|  |TAMS 0x000000009a900000| PB 0x000000009a900000| Updating 
| 425|0x000000009a900000, 0x000000009aa00000, 0x000000009aa00000|100%| O|  |TAMS 0x000000009aa00000| PB 0x000000009aa00000| Updating 
| 426|0x000000009aa00000, 0x000000009ab00000, 0x000000009ab00000|100%| O|  |TAMS 0x000000009ab00000| PB 0x000000009ab00000| Updating 
| 427|0x000000009ab00000, 0x000000009ac00000, 0x000000009ac00000|100%| O|  |TAMS 0x000000009ac00000| PB 0x000000009ac00000| Updating 
| 428|0x000000009ac00000, 0x000000009ad00000, 0x000000009ad00000|100%| O|  |TAMS 0x000000009ad00000| PB 0x000000009ad00000| Updating 
| 429|0x000000009ad00000, 0x000000009ae00000, 0x000000009ae00000|100%| O|  |TAMS 0x000000009ae00000| PB 0x000000009ae00000| Updating 
| 430|0x000000009ae00000, 0x000000009af00000, 0x000000009af00000|100%| O|  |TAMS 0x000000009af00000| PB 0x000000009af00000| Updating 
| 431|0x000000009af00000, 0x000000009b000000, 0x000000009b000000|100%| O|  |TAMS 0x000000009b000000| PB 0x000000009b000000| Updating 
| 432|0x000000009b000000, 0x000000009b100000, 0x000000009b100000|100%| O|  |TAMS 0x000000009b100000| PB 0x000000009b100000| Untracked 
| 433|0x000000009b100000, 0x000000009b200000, 0x000000009b200000|100%| O|  |TAMS 0x000000009b200000| PB 0x000000009b200000| Untracked 
| 434|0x000000009b200000, 0x000000009b300000, 0x000000009b300000|100%| O|  |TAMS 0x000000009b300000| PB 0x000000009b300000| Untracked 
| 435|0x000000009b300000, 0x000000009b400000, 0x000000009b400000|100%| O|  |TAMS 0x000000009b400000| PB 0x000000009b400000| Updating 
| 436|0x000000009b400000, 0x000000009b500000, 0x000000009b500000|100%| O|  |TAMS 0x000000009b500000| PB 0x000000009b500000| Updating 
| 437|0x000000009b500000, 0x000000009b600000, 0x000000009b600000|100%| O|  |TAMS 0x000000009b600000| PB 0x000000009b600000| Untracked 
| 438|0x000000009b600000, 0x000000009b700000, 0x000000009b700000|100%| O|  |TAMS 0x000000009b66d5e0| PB 0x000000009b66d5e0| Updating 
| 439|0x000000009b700000, 0x000000009b800000, 0x000000009b800000|100%| O|  |TAMS 0x000000009b700000| PB 0x000000009b700000| Untracked 
| 440|0x000000009b800000, 0x000000009b900000, 0x000000009b900000|100%| O|  |TAMS 0x000000009b800000| PB 0x000000009b800000| Untracked 
| 441|0x000000009b900000, 0x000000009ba00000, 0x000000009ba00000|100%| O|  |TAMS 0x000000009b900000| PB 0x000000009b900000| Untracked 
| 442|0x000000009ba00000, 0x000000009bb00000, 0x000000009bb00000|100%| O|  |TAMS 0x000000009ba00000| PB 0x000000009ba00000| Untracked 
| 443|0x000000009bb00000, 0x000000009bc00000, 0x000000009bc00000|100%| O|  |TAMS 0x000000009bb00000| PB 0x000000009bb00000| Untracked 
| 444|0x000000009bc00000, 0x000000009bd00000, 0x000000009bd00000|100%| O|  |TAMS 0x000000009bc00000| PB 0x000000009bc00000| Untracked 
| 445|0x000000009bd00000, 0x000000009be00000, 0x000000009be00000|100%| O|  |TAMS 0x000000009bd00000| PB 0x000000009bd00000| Untracked 
| 446|0x000000009be00000, 0x000000009bf00000, 0x000000009bf00000|100%| O|  |TAMS 0x000000009be00000| PB 0x000000009be00000| Untracked 
| 447|0x000000009bf00000, 0x000000009c000000, 0x000000009c000000|100%| O|  |TAMS 0x000000009bf00000| PB 0x000000009bf00000| Untracked 
| 448|0x000000009c000000, 0x000000009c100000, 0x000000009c100000|100%| O|  |TAMS 0x000000009c000000| PB 0x000000009c000000| Untracked 
| 449|0x000000009c100000, 0x000000009c200000, 0x000000009c200000|100%| O|  |TAMS 0x000000009c100000| PB 0x000000009c100000| Untracked 
| 450|0x000000009c200000, 0x000000009c300000, 0x000000009c300000|100%| O|  |TAMS 0x000000009c200000| PB 0x000000009c200000| Untracked 
| 451|0x000000009c300000, 0x000000009c400000, 0x000000009c400000|100%| O|  |TAMS 0x000000009c300000| PB 0x000000009c300000| Untracked 
| 452|0x000000009c400000, 0x000000009c500000, 0x000000009c500000|100%| O|  |TAMS 0x000000009c400000| PB 0x000000009c400000| Untracked 
| 453|0x000000009c500000, 0x000000009c600000, 0x000000009c600000|100%| O|  |TAMS 0x000000009c500000| PB 0x000000009c500000| Untracked 
| 454|0x000000009c600000, 0x000000009c700000, 0x000000009c700000|100%| O|  |TAMS 0x000000009c600000| PB 0x000000009c600000| Untracked 
| 455|0x000000009c700000, 0x000000009c800000, 0x000000009c800000|100%| O|  |TAMS 0x000000009c700000| PB 0x000000009c700000| Untracked 
| 456|0x000000009c800000, 0x000000009c900000, 0x000000009c900000|100%| O|  |TAMS 0x000000009c800000| PB 0x000000009c800000| Untracked 
| 457|0x000000009c900000, 0x000000009ca00000, 0x000000009ca00000|100%| O|  |TAMS 0x000000009c900000| PB 0x000000009c900000| Untracked 
| 458|0x000000009ca00000, 0x000000009cb00000, 0x000000009cb00000|100%| O|  |TAMS 0x000000009ca00000| PB 0x000000009ca00000| Untracked 
| 459|0x000000009cb00000, 0x000000009cc00000, 0x000000009cc00000|100%| O|  |TAMS 0x000000009cb00000| PB 0x000000009cb00000| Untracked 
| 460|0x000000009cc00000, 0x000000009cd00000, 0x000000009cd00000|100%| O|  |TAMS 0x000000009cc00000| PB 0x000000009cc00000| Untracked 
| 461|0x000000009cd00000, 0x000000009ce00000, 0x000000009ce00000|100%| O|  |TAMS 0x000000009cd00000| PB 0x000000009cd00000| Untracked 
| 462|0x000000009ce00000, 0x000000009cf00000, 0x000000009cf00000|100%| O|  |TAMS 0x000000009ce00000| PB 0x000000009ce00000| Untracked 
| 463|0x000000009cf00000, 0x000000009d000000, 0x000000009d000000|100%| O|  |TAMS 0x000000009cf00000| PB 0x000000009cf00000| Untracked 
| 464|0x000000009d000000, 0x000000009d100000, 0x000000009d100000|100%| O|  |TAMS 0x000000009d000000| PB 0x000000009d000000| Untracked 
| 465|0x000000009d100000, 0x000000009d200000, 0x000000009d200000|100%| O|  |TAMS 0x000000009d100000| PB 0x000000009d100000| Untracked 
| 466|0x000000009d200000, 0x000000009d300000, 0x000000009d300000|100%| O|  |TAMS 0x000000009d200000| PB 0x000000009d200000| Untracked 
| 467|0x000000009d300000, 0x000000009d400000, 0x000000009d400000|100%| O|  |TAMS 0x000000009d300000| PB 0x000000009d300000| Untracked 
| 468|0x000000009d400000, 0x000000009d500000, 0x000000009d500000|100%| O|  |TAMS 0x000000009d400000| PB 0x000000009d400000| Untracked 
| 469|0x000000009d500000, 0x000000009d600000, 0x000000009d600000|100%| O|  |TAMS 0x000000009d500000| PB 0x000000009d500000| Untracked 
| 470|0x000000009d600000, 0x000000009d700000, 0x000000009d700000|100%| O|  |TAMS 0x000000009d600000| PB 0x000000009d600000| Untracked 
| 471|0x000000009d700000, 0x000000009d780000, 0x000000009d800000| 50%| O|  |TAMS 0x000000009d700000| PB 0x000000009d700000| Updating 
| 472|0x000000009d800000, 0x000000009d800000, 0x000000009d900000|  0%| F|  |TAMS 0x000000009d800000| PB 0x000000009d800000| Untracked 
| 473|0x000000009d900000, 0x000000009d900000, 0x000000009da00000|  0%| F|  |TAMS 0x000000009d900000| PB 0x000000009d900000| Untracked 
| 474|0x000000009da00000, 0x000000009da00000, 0x000000009db00000|  0%| F|  |TAMS 0x000000009da00000| PB 0x000000009da00000| Untracked 
| 475|0x000000009db00000, 0x000000009db00000, 0x000000009dc00000|  0%| F|  |TAMS 0x000000009db00000| PB 0x000000009db00000| Untracked 
| 476|0x000000009dc00000, 0x000000009dc00000, 0x000000009dd00000|  0%| F|  |TAMS 0x000000009dc00000| PB 0x000000009dc00000| Untracked 
| 477|0x000000009dd00000, 0x000000009dd00000, 0x000000009de00000|  0%| F|  |TAMS 0x000000009dd00000| PB 0x000000009dd00000| Untracked 
| 478|0x000000009de00000, 0x000000009de00000, 0x000000009df00000|  0%| F|  |TAMS 0x000000009de00000| PB 0x000000009de00000| Untracked 
| 479|0x000000009df00000, 0x000000009df00000, 0x000000009e000000|  0%| F|  |TAMS 0x000000009df00000| PB 0x000000009df00000| Untracked 
| 480|0x000000009e000000, 0x000000009e000000, 0x000000009e100000|  0%| F|  |TAMS 0x000000009e000000| PB 0x000000009e000000| Untracked 
| 481|0x000000009e100000, 0x000000009e100000, 0x000000009e200000|  0%| F|  |TAMS 0x000000009e100000| PB 0x000000009e100000| Untracked 
| 482|0x000000009e200000, 0x000000009e200000, 0x000000009e300000|  0%| F|  |TAMS 0x000000009e200000| PB 0x000000009e200000| Untracked 
| 483|0x000000009e300000, 0x000000009e300000, 0x000000009e400000|  0%| F|  |TAMS 0x000000009e300000| PB 0x000000009e300000| Untracked 
| 484|0x000000009e400000, 0x000000009e400000, 0x000000009e500000|  0%| F|  |TAMS 0x000000009e400000| PB 0x000000009e400000| Untracked 
| 485|0x000000009e500000, 0x000000009e500000, 0x000000009e600000|  0%| F|  |TAMS 0x000000009e500000| PB 0x000000009e500000| Untracked 
| 486|0x000000009e600000, 0x000000009e600000, 0x000000009e700000|  0%| F|  |TAMS 0x000000009e600000| PB 0x000000009e600000| Untracked 
| 487|0x000000009e700000, 0x000000009e700000, 0x000000009e800000|  0%| F|  |TAMS 0x000000009e700000| PB 0x000000009e700000| Untracked 
| 488|0x000000009e800000, 0x000000009e800000, 0x000000009e900000|  0%| F|  |TAMS 0x000000009e800000| PB 0x000000009e800000| Untracked 
| 489|0x000000009e900000, 0x000000009e900000, 0x000000009ea00000|  0%| F|  |TAMS 0x000000009e900000| PB 0x000000009e900000| Untracked 
| 490|0x000000009ea00000, 0x000000009ea00000, 0x000000009eb00000|  0%| F|  |TAMS 0x000000009ea00000| PB 0x000000009ea00000| Untracked 
| 491|0x000000009eb00000, 0x000000009eb00000, 0x000000009ec00000|  0%| F|  |TAMS 0x000000009eb00000| PB 0x000000009eb00000| Untracked 
| 492|0x000000009ec00000, 0x000000009ec00000, 0x000000009ed00000|  0%| F|  |TAMS 0x000000009ec00000| PB 0x000000009ec00000| Untracked 
| 493|0x000000009ed00000, 0x000000009ed00000, 0x000000009ee00000|  0%| F|  |TAMS 0x000000009ed00000| PB 0x000000009ed00000| Untracked 
| 494|0x000000009ee00000, 0x000000009ee00000, 0x000000009ef00000|  0%| F|  |TAMS 0x000000009ee00000| PB 0x000000009ee00000| Untracked 
| 495|0x000000009ef00000, 0x000000009ef00000, 0x000000009f000000|  0%| F|  |TAMS 0x000000009ef00000| PB 0x000000009ef00000| Untracked 
| 496|0x000000009f000000, 0x000000009f000000, 0x000000009f100000|  0%| F|  |TAMS 0x000000009f000000| PB 0x000000009f000000| Untracked 
| 497|0x000000009f100000, 0x000000009f100000, 0x000000009f200000|  0%| F|  |TAMS 0x000000009f100000| PB 0x000000009f100000| Untracked 
| 498|0x000000009f200000, 0x000000009f200000, 0x000000009f300000|  0%| F|  |TAMS 0x000000009f200000| PB 0x000000009f200000| Untracked 
| 499|0x000000009f300000, 0x000000009f300000, 0x000000009f400000|  0%| F|  |TAMS 0x000000009f300000| PB 0x000000009f300000| Untracked 
| 500|0x000000009f400000, 0x000000009f400000, 0x000000009f500000|  0%| F|  |TAMS 0x000000009f400000| PB 0x000000009f400000| Untracked 
| 501|0x000000009f500000, 0x000000009f500000, 0x000000009f600000|  0%| F|  |TAMS 0x000000009f500000| PB 0x000000009f500000| Untracked 
| 502|0x000000009f600000, 0x000000009f600000, 0x000000009f700000|  0%| F|  |TAMS 0x000000009f600000| PB 0x000000009f600000| Untracked 
| 503|0x000000009f700000, 0x000000009f700000, 0x000000009f800000|  0%| F|  |TAMS 0x000000009f700000| PB 0x000000009f700000| Untracked 
| 504|0x000000009f800000, 0x000000009f800000, 0x000000009f900000|  0%| F|  |TAMS 0x000000009f800000| PB 0x000000009f800000| Untracked 
| 505|0x000000009f900000, 0x000000009f900000, 0x000000009fa00000|  0%| F|  |TAMS 0x000000009f900000| PB 0x000000009f900000| Untracked 
| 506|0x000000009fa00000, 0x000000009fa00000, 0x000000009fb00000|  0%| F|  |TAMS 0x000000009fa00000| PB 0x000000009fa00000| Untracked 
| 507|0x000000009fb00000, 0x000000009fb00000, 0x000000009fc00000|  0%| F|  |TAMS 0x000000009fb00000| PB 0x000000009fb00000| Untracked 
| 508|0x000000009fc00000, 0x000000009fc00000, 0x000000009fd00000|  0%| F|  |TAMS 0x000000009fc00000| PB 0x000000009fc00000| Untracked 
| 509|0x000000009fd00000, 0x000000009fd00000, 0x000000009fe00000|  0%| F|  |TAMS 0x000000009fd00000| PB 0x000000009fd00000| Untracked 
| 510|0x000000009fe00000, 0x000000009fe00000, 0x000000009ff00000|  0%| F|  |TAMS 0x000000009fe00000| PB 0x000000009fe00000| Untracked 
| 511|0x000000009ff00000, 0x000000009ff00000, 0x00000000a0000000|  0%| F|  |TAMS 0x000000009ff00000| PB 0x000000009ff00000| Untracked 
| 512|0x00000000a0000000, 0x00000000a0000000, 0x00000000a0100000|  0%| F|  |TAMS 0x00000000a0000000| PB 0x00000000a0000000| Untracked 
| 513|0x00000000a0100000, 0x00000000a0100000, 0x00000000a0200000|  0%| F|  |TAMS 0x00000000a0100000| PB 0x00000000a0100000| Untracked 
| 514|0x00000000a0200000, 0x00000000a0200000, 0x00000000a0300000|  0%| F|  |TAMS 0x00000000a0200000| PB 0x00000000a0200000| Untracked 
| 515|0x00000000a0300000, 0x00000000a0300000, 0x00000000a0400000|  0%| F|  |TAMS 0x00000000a0300000| PB 0x00000000a0300000| Untracked 
| 516|0x00000000a0400000, 0x00000000a0400000, 0x00000000a0500000|  0%| F|  |TAMS 0x00000000a0400000| PB 0x00000000a0400000| Untracked 
| 517|0x00000000a0500000, 0x00000000a0500000, 0x00000000a0600000|  0%| F|  |TAMS 0x00000000a0500000| PB 0x00000000a0500000| Untracked 
| 518|0x00000000a0600000, 0x00000000a0700000, 0x00000000a0700000|100%| S|CS|TAMS 0x00000000a0600000| PB 0x00000000a0600000| Complete 
| 519|0x00000000a0700000, 0x00000000a0800000, 0x00000000a0800000|100%| S|CS|TAMS 0x00000000a0700000| PB 0x00000000a0700000| Complete 
| 520|0x00000000a0800000, 0x00000000a0900000, 0x00000000a0900000|100%| S|CS|TAMS 0x00000000a0800000| PB 0x00000000a0800000| Complete 
| 521|0x00000000a0900000, 0x00000000a0a00000, 0x00000000a0a00000|100%| S|CS|TAMS 0x00000000a0900000| PB 0x00000000a0900000| Complete 
| 522|0x00000000a0a00000, 0x00000000a0b00000, 0x00000000a0b00000|100%| S|CS|TAMS 0x00000000a0a00000| PB 0x00000000a0a00000| Complete 
| 523|0x00000000a0b00000, 0x00000000a0c00000, 0x00000000a0c00000|100%| S|CS|TAMS 0x00000000a0b00000| PB 0x00000000a0b00000| Complete 
| 524|0x00000000a0c00000, 0x00000000a0d00000, 0x00000000a0d00000|100%| S|CS|TAMS 0x00000000a0c00000| PB 0x00000000a0c00000| Complete 
| 525|0x00000000a0d00000, 0x00000000a0e00000, 0x00000000a0e00000|100%| S|CS|TAMS 0x00000000a0d00000| PB 0x00000000a0d00000| Complete 
| 526|0x00000000a0e00000, 0x00000000a0f00000, 0x00000000a0f00000|100%| S|CS|TAMS 0x00000000a0e00000| PB 0x00000000a0e00000| Complete 
| 527|0x00000000a0f00000, 0x00000000a1000000, 0x00000000a1000000|100%| S|CS|TAMS 0x00000000a0f00000| PB 0x00000000a0f00000| Complete 
| 528|0x00000000a1000000, 0x00000000a1100000, 0x00000000a1100000|100%| S|CS|TAMS 0x00000000a1000000| PB 0x00000000a1000000| Complete 
| 529|0x00000000a1100000, 0x00000000a1200000, 0x00000000a1200000|100%| S|CS|TAMS 0x00000000a1100000| PB 0x00000000a1100000| Complete 
| 530|0x00000000a1200000, 0x00000000a1300000, 0x00000000a1300000|100%| S|CS|TAMS 0x00000000a1200000| PB 0x00000000a1200000| Complete 
| 531|0x00000000a1300000, 0x00000000a1400000, 0x00000000a1400000|100%| S|CS|TAMS 0x00000000a1300000| PB 0x00000000a1300000| Complete 
| 532|0x00000000a1400000, 0x00000000a1500000, 0x00000000a1500000|100%| S|CS|TAMS 0x00000000a1400000| PB 0x00000000a1400000| Complete 
| 533|0x00000000a1500000, 0x00000000a1600000, 0x00000000a1600000|100%| S|CS|TAMS 0x00000000a1500000| PB 0x00000000a1500000| Complete 
| 534|0x00000000a1600000, 0x00000000a1700000, 0x00000000a1700000|100%| S|CS|TAMS 0x00000000a1600000| PB 0x00000000a1600000| Complete 
| 535|0x00000000a1700000, 0x00000000a1800000, 0x00000000a1800000|100%| S|CS|TAMS 0x00000000a1700000| PB 0x00000000a1700000| Complete 
| 536|0x00000000a1800000, 0x00000000a1900000, 0x00000000a1900000|100%| S|CS|TAMS 0x00000000a1800000| PB 0x00000000a1800000| Complete 
| 537|0x00000000a1900000, 0x00000000a1a00000, 0x00000000a1a00000|100%| S|CS|TAMS 0x00000000a1900000| PB 0x00000000a1900000| Complete 
| 538|0x00000000a1a00000, 0x00000000a1b00000, 0x00000000a1b00000|100%| S|CS|TAMS 0x00000000a1a00000| PB 0x00000000a1a00000| Complete 
| 539|0x00000000a1b00000, 0x00000000a1c00000, 0x00000000a1c00000|100%| S|CS|TAMS 0x00000000a1b00000| PB 0x00000000a1b00000| Complete 
| 540|0x00000000a1c00000, 0x00000000a1d00000, 0x00000000a1d00000|100%| S|CS|TAMS 0x00000000a1c00000| PB 0x00000000a1c00000| Complete 
| 541|0x00000000a1d00000, 0x00000000a1e00000, 0x00000000a1e00000|100%| S|CS|TAMS 0x00000000a1d00000| PB 0x00000000a1d00000| Complete 
| 542|0x00000000a1e00000, 0x00000000a1f00000, 0x00000000a1f00000|100%| S|CS|TAMS 0x00000000a1e00000| PB 0x00000000a1e00000| Complete 
| 543|0x00000000a1f00000, 0x00000000a1f00000, 0x00000000a2000000|  0%| F|  |TAMS 0x00000000a1f00000| PB 0x00000000a1f00000| Untracked 
| 544|0x00000000a2000000, 0x00000000a2000000, 0x00000000a2100000|  0%| F|  |TAMS 0x00000000a2000000| PB 0x00000000a2000000| Untracked 
| 545|0x00000000a2100000, 0x00000000a2100000, 0x00000000a2200000|  0%| F|  |TAMS 0x00000000a2100000| PB 0x00000000a2100000| Untracked 
| 546|0x00000000a2200000, 0x00000000a2200000, 0x00000000a2300000|  0%| F|  |TAMS 0x00000000a2200000| PB 0x00000000a2200000| Untracked 
| 547|0x00000000a2300000, 0x00000000a2300000, 0x00000000a2400000|  0%| F|  |TAMS 0x00000000a2300000| PB 0x00000000a2300000| Untracked 
| 548|0x00000000a2400000, 0x00000000a2400000, 0x00000000a2500000|  0%| F|  |TAMS 0x00000000a2400000| PB 0x00000000a2400000| Untracked 
| 549|0x00000000a2500000, 0x00000000a2500000, 0x00000000a2600000|  0%| F|  |TAMS 0x00000000a2500000| PB 0x00000000a2500000| Untracked 
| 550|0x00000000a2600000, 0x00000000a2600000, 0x00000000a2700000|  0%| F|  |TAMS 0x00000000a2600000| PB 0x00000000a2600000| Untracked 
| 551|0x00000000a2700000, 0x00000000a2700000, 0x00000000a2800000|  0%| F|  |TAMS 0x00000000a2700000| PB 0x00000000a2700000| Untracked 
| 552|0x00000000a2800000, 0x00000000a2800000, 0x00000000a2900000|  0%| F|  |TAMS 0x00000000a2800000| PB 0x00000000a2800000| Untracked 
| 553|0x00000000a2900000, 0x00000000a2900000, 0x00000000a2a00000|  0%| F|  |TAMS 0x00000000a2900000| PB 0x00000000a2900000| Untracked 
| 554|0x00000000a2a00000, 0x00000000a2a00000, 0x00000000a2b00000|  0%| F|  |TAMS 0x00000000a2a00000| PB 0x00000000a2a00000| Untracked 
| 555|0x00000000a2b00000, 0x00000000a2b00000, 0x00000000a2c00000|  0%| F|  |TAMS 0x00000000a2b00000| PB 0x00000000a2b00000| Untracked 
| 556|0x00000000a2c00000, 0x00000000a2c00000, 0x00000000a2d00000|  0%| F|  |TAMS 0x00000000a2c00000| PB 0x00000000a2c00000| Untracked 
| 557|0x00000000a2d00000, 0x00000000a2d00000, 0x00000000a2e00000|  0%| F|  |TAMS 0x00000000a2d00000| PB 0x00000000a2d00000| Untracked 
| 558|0x00000000a2e00000, 0x00000000a2e00000, 0x00000000a2f00000|  0%| F|  |TAMS 0x00000000a2e00000| PB 0x00000000a2e00000| Untracked 
| 559|0x00000000a2f00000, 0x00000000a2f00000, 0x00000000a3000000|  0%| F|  |TAMS 0x00000000a2f00000| PB 0x00000000a2f00000| Untracked 
| 560|0x00000000a3000000, 0x00000000a3000000, 0x00000000a3100000|  0%| F|  |TAMS 0x00000000a3000000| PB 0x00000000a3000000| Untracked 
| 561|0x00000000a3100000, 0x00000000a3100000, 0x00000000a3200000|  0%| F|  |TAMS 0x00000000a3100000| PB 0x00000000a3100000| Untracked 
| 562|0x00000000a3200000, 0x00000000a3200000, 0x00000000a3300000|  0%| F|  |TAMS 0x00000000a3200000| PB 0x00000000a3200000| Untracked 
| 563|0x00000000a3300000, 0x00000000a3300000, 0x00000000a3400000|  0%| F|  |TAMS 0x00000000a3300000| PB 0x00000000a3300000| Untracked 
| 564|0x00000000a3400000, 0x00000000a3400000, 0x00000000a3500000|  0%| F|  |TAMS 0x00000000a3400000| PB 0x00000000a3400000| Untracked 
| 565|0x00000000a3500000, 0x00000000a3500000, 0x00000000a3600000|  0%| F|  |TAMS 0x00000000a3500000| PB 0x00000000a3500000| Untracked 
| 566|0x00000000a3600000, 0x00000000a3600000, 0x00000000a3700000|  0%| F|  |TAMS 0x00000000a3600000| PB 0x00000000a3600000| Untracked 
| 567|0x00000000a3700000, 0x00000000a3700000, 0x00000000a3800000|  0%| F|  |TAMS 0x00000000a3700000| PB 0x00000000a3700000| Untracked 
| 568|0x00000000a3800000, 0x00000000a3800000, 0x00000000a3900000|  0%| F|  |TAMS 0x00000000a3800000| PB 0x00000000a3800000| Untracked 
| 569|0x00000000a3900000, 0x00000000a3900000, 0x00000000a3a00000|  0%| F|  |TAMS 0x00000000a3900000| PB 0x00000000a3900000| Untracked 
| 570|0x00000000a3a00000, 0x00000000a3a00000, 0x00000000a3b00000|  0%| F|  |TAMS 0x00000000a3a00000| PB 0x00000000a3a00000| Untracked 
| 571|0x00000000a3b00000, 0x00000000a3b00000, 0x00000000a3c00000|  0%| F|  |TAMS 0x00000000a3b00000| PB 0x00000000a3b00000| Untracked 
| 572|0x00000000a3c00000, 0x00000000a3c00000, 0x00000000a3d00000|  0%| F|  |TAMS 0x00000000a3c00000| PB 0x00000000a3c00000| Untracked 
| 573|0x00000000a3d00000, 0x00000000a3d00000, 0x00000000a3e00000|  0%| F|  |TAMS 0x00000000a3d00000| PB 0x00000000a3d00000| Untracked 
| 574|0x00000000a3e00000, 0x00000000a3e00000, 0x00000000a3f00000|  0%| F|  |TAMS 0x00000000a3e00000| PB 0x00000000a3e00000| Untracked 
| 575|0x00000000a3f00000, 0x00000000a3f00000, 0x00000000a4000000|  0%| F|  |TAMS 0x00000000a3f00000| PB 0x00000000a3f00000| Untracked 
| 576|0x00000000a4000000, 0x00000000a4000000, 0x00000000a4100000|  0%| F|  |TAMS 0x00000000a4000000| PB 0x00000000a4000000| Untracked 
| 577|0x00000000a4100000, 0x00000000a4100000, 0x00000000a4200000|  0%| F|  |TAMS 0x00000000a4100000| PB 0x00000000a4100000| Untracked 
| 578|0x00000000a4200000, 0x00000000a4200000, 0x00000000a4300000|  0%| F|  |TAMS 0x00000000a4200000| PB 0x00000000a4200000| Untracked 
| 579|0x00000000a4300000, 0x00000000a4300000, 0x00000000a4400000|  0%| F|  |TAMS 0x00000000a4300000| PB 0x00000000a4300000| Untracked 
| 580|0x00000000a4400000, 0x00000000a4400000, 0x00000000a4500000|  0%| F|  |TAMS 0x00000000a4400000| PB 0x00000000a4400000| Untracked 
| 581|0x00000000a4500000, 0x00000000a4500000, 0x00000000a4600000|  0%| F|  |TAMS 0x00000000a4500000| PB 0x00000000a4500000| Untracked 
| 582|0x00000000a4600000, 0x00000000a4600000, 0x00000000a4700000|  0%| F|  |TAMS 0x00000000a4600000| PB 0x00000000a4600000| Untracked 
| 583|0x00000000a4700000, 0x00000000a4700000, 0x00000000a4800000|  0%| F|  |TAMS 0x00000000a4700000| PB 0x00000000a4700000| Untracked 
| 584|0x00000000a4800000, 0x00000000a4800000, 0x00000000a4900000|  0%| F|  |TAMS 0x00000000a4800000| PB 0x00000000a4800000| Untracked 
| 585|0x00000000a4900000, 0x00000000a4900000, 0x00000000a4a00000|  0%| F|  |TAMS 0x00000000a4900000| PB 0x00000000a4900000| Untracked 
| 586|0x00000000a4a00000, 0x00000000a4a00000, 0x00000000a4b00000|  0%| F|  |TAMS 0x00000000a4a00000| PB 0x00000000a4a00000| Untracked 
| 587|0x00000000a4b00000, 0x00000000a4b00000, 0x00000000a4c00000|  0%| F|  |TAMS 0x00000000a4b00000| PB 0x00000000a4b00000| Untracked 
| 588|0x00000000a4c00000, 0x00000000a4c00000, 0x00000000a4d00000|  0%| F|  |TAMS 0x00000000a4c00000| PB 0x00000000a4c00000| Untracked 
| 589|0x00000000a4d00000, 0x00000000a4d00000, 0x00000000a4e00000|  0%| F|  |TAMS 0x00000000a4d00000| PB 0x00000000a4d00000| Untracked 
| 590|0x00000000a4e00000, 0x00000000a4e00000, 0x00000000a4f00000|  0%| F|  |TAMS 0x00000000a4e00000| PB 0x00000000a4e00000| Untracked 
| 591|0x00000000a4f00000, 0x00000000a4f00000, 0x00000000a5000000|  0%| F|  |TAMS 0x00000000a4f00000| PB 0x00000000a4f00000| Untracked 
| 592|0x00000000a5000000, 0x00000000a5000000, 0x00000000a5100000|  0%| F|  |TAMS 0x00000000a5000000| PB 0x00000000a5000000| Untracked 
| 593|0x00000000a5100000, 0x00000000a5100000, 0x00000000a5200000|  0%| F|  |TAMS 0x00000000a5100000| PB 0x00000000a5100000| Untracked 
| 594|0x00000000a5200000, 0x00000000a5200000, 0x00000000a5300000|  0%| F|  |TAMS 0x00000000a5200000| PB 0x00000000a5200000| Untracked 
| 595|0x00000000a5300000, 0x00000000a5300000, 0x00000000a5400000|  0%| F|  |TAMS 0x00000000a5300000| PB 0x00000000a5300000| Untracked 
| 596|0x00000000a5400000, 0x00000000a5400000, 0x00000000a5500000|  0%| F|  |TAMS 0x00000000a5400000| PB 0x00000000a5400000| Untracked 
| 597|0x00000000a5500000, 0x00000000a5500000, 0x00000000a5600000|  0%| F|  |TAMS 0x00000000a5500000| PB 0x00000000a5500000| Untracked 
| 598|0x00000000a5600000, 0x00000000a5600000, 0x00000000a5700000|  0%| F|  |TAMS 0x00000000a5600000| PB 0x00000000a5600000| Untracked 
| 599|0x00000000a5700000, 0x00000000a5700000, 0x00000000a5800000|  0%| F|  |TAMS 0x00000000a5700000| PB 0x00000000a5700000| Untracked 
| 600|0x00000000a5800000, 0x00000000a5800000, 0x00000000a5900000|  0%| F|  |TAMS 0x00000000a5800000| PB 0x00000000a5800000| Untracked 
| 601|0x00000000a5900000, 0x00000000a5900000, 0x00000000a5a00000|  0%| F|  |TAMS 0x00000000a5900000| PB 0x00000000a5900000| Untracked 
| 602|0x00000000a5a00000, 0x00000000a5a00000, 0x00000000a5b00000|  0%| F|  |TAMS 0x00000000a5a00000| PB 0x00000000a5a00000| Untracked 
| 603|0x00000000a5b00000, 0x00000000a5b00000, 0x00000000a5c00000|  0%| F|  |TAMS 0x00000000a5b00000| PB 0x00000000a5b00000| Untracked 
| 604|0x00000000a5c00000, 0x00000000a5c00000, 0x00000000a5d00000|  0%| F|  |TAMS 0x00000000a5c00000| PB 0x00000000a5c00000| Untracked 
| 605|0x00000000a5d00000, 0x00000000a5d00000, 0x00000000a5e00000|  0%| F|  |TAMS 0x00000000a5d00000| PB 0x00000000a5d00000| Untracked 
| 606|0x00000000a5e00000, 0x00000000a5e00000, 0x00000000a5f00000|  0%| F|  |TAMS 0x00000000a5e00000| PB 0x00000000a5e00000| Untracked 
| 607|0x00000000a5f00000, 0x00000000a5f00000, 0x00000000a6000000|  0%| F|  |TAMS 0x00000000a5f00000| PB 0x00000000a5f00000| Untracked 
| 608|0x00000000a6000000, 0x00000000a6000000, 0x00000000a6100000|  0%| F|  |TAMS 0x00000000a6000000| PB 0x00000000a6000000| Untracked 
| 609|0x00000000a6100000, 0x00000000a6100000, 0x00000000a6200000|  0%| F|  |TAMS 0x00000000a6100000| PB 0x00000000a6100000| Untracked 
| 610|0x00000000a6200000, 0x00000000a6200000, 0x00000000a6300000|  0%| F|  |TAMS 0x00000000a6200000| PB 0x00000000a6200000| Untracked 
| 611|0x00000000a6300000, 0x00000000a6300000, 0x00000000a6400000|  0%| F|  |TAMS 0x00000000a6300000| PB 0x00000000a6300000| Untracked 
| 612|0x00000000a6400000, 0x00000000a6400000, 0x00000000a6500000|  0%| F|  |TAMS 0x00000000a6400000| PB 0x00000000a6400000| Untracked 
| 613|0x00000000a6500000, 0x00000000a6500000, 0x00000000a6600000|  0%| F|  |TAMS 0x00000000a6500000| PB 0x00000000a6500000| Untracked 
| 614|0x00000000a6600000, 0x00000000a6600000, 0x00000000a6700000|  0%| F|  |TAMS 0x00000000a6600000| PB 0x00000000a6600000| Untracked 
| 615|0x00000000a6700000, 0x00000000a6700000, 0x00000000a6800000|  0%| F|  |TAMS 0x00000000a6700000| PB 0x00000000a6700000| Untracked 
| 616|0x00000000a6800000, 0x00000000a6800000, 0x00000000a6900000|  0%| F|  |TAMS 0x00000000a6800000| PB 0x00000000a6800000| Untracked 
| 617|0x00000000a6900000, 0x00000000a6900000, 0x00000000a6a00000|  0%| F|  |TAMS 0x00000000a6900000| PB 0x00000000a6900000| Untracked 
| 618|0x00000000a6a00000, 0x00000000a6a00000, 0x00000000a6b00000|  0%| F|  |TAMS 0x00000000a6a00000| PB 0x00000000a6a00000| Untracked 
| 619|0x00000000a6b00000, 0x00000000a6b00000, 0x00000000a6c00000|  0%| F|  |TAMS 0x00000000a6b00000| PB 0x00000000a6b00000| Untracked 
| 620|0x00000000a6c00000, 0x00000000a6c00000, 0x00000000a6d00000|  0%| F|  |TAMS 0x00000000a6c00000| PB 0x00000000a6c00000| Untracked 
| 621|0x00000000a6d00000, 0x00000000a6d00000, 0x00000000a6e00000|  0%| F|  |TAMS 0x00000000a6d00000| PB 0x00000000a6d00000| Untracked 
| 622|0x00000000a6e00000, 0x00000000a6e00000, 0x00000000a6f00000|  0%| F|  |TAMS 0x00000000a6e00000| PB 0x00000000a6e00000| Untracked 
| 623|0x00000000a6f00000, 0x00000000a6f00000, 0x00000000a7000000|  0%| F|  |TAMS 0x00000000a6f00000| PB 0x00000000a6f00000| Untracked 
| 624|0x00000000a7000000, 0x00000000a7000000, 0x00000000a7100000|  0%| F|  |TAMS 0x00000000a7000000| PB 0x00000000a7000000| Untracked 
| 625|0x00000000a7100000, 0x00000000a7100000, 0x00000000a7200000|  0%| F|  |TAMS 0x00000000a7100000| PB 0x00000000a7100000| Untracked 
| 626|0x00000000a7200000, 0x00000000a7200000, 0x00000000a7300000|  0%| F|  |TAMS 0x00000000a7200000| PB 0x00000000a7200000| Untracked 
| 627|0x00000000a7300000, 0x00000000a7300000, 0x00000000a7400000|  0%| F|  |TAMS 0x00000000a7300000| PB 0x00000000a7300000| Untracked 
| 628|0x00000000a7400000, 0x00000000a7400000, 0x00000000a7500000|  0%| F|  |TAMS 0x00000000a7400000| PB 0x00000000a7400000| Untracked 
| 629|0x00000000a7500000, 0x00000000a7500000, 0x00000000a7600000|  0%| F|  |TAMS 0x00000000a7500000| PB 0x00000000a7500000| Untracked 
| 630|0x00000000a7600000, 0x00000000a7600000, 0x00000000a7700000|  0%| F|  |TAMS 0x00000000a7600000| PB 0x00000000a7600000| Untracked 
| 631|0x00000000a7700000, 0x00000000a7700000, 0x00000000a7800000|  0%| F|  |TAMS 0x00000000a7700000| PB 0x00000000a7700000| Untracked 
| 632|0x00000000a7800000, 0x00000000a7800000, 0x00000000a7900000|  0%| F|  |TAMS 0x00000000a7800000| PB 0x00000000a7800000| Untracked 
| 633|0x00000000a7900000, 0x00000000a7900000, 0x00000000a7a00000|  0%| F|  |TAMS 0x00000000a7900000| PB 0x00000000a7900000| Untracked 
| 634|0x00000000a7a00000, 0x00000000a7a00000, 0x00000000a7b00000|  0%| F|  |TAMS 0x00000000a7a00000| PB 0x00000000a7a00000| Untracked 
| 635|0x00000000a7b00000, 0x00000000a7b00000, 0x00000000a7c00000|  0%| F|  |TAMS 0x00000000a7b00000| PB 0x00000000a7b00000| Untracked 
| 636|0x00000000a7c00000, 0x00000000a7c00000, 0x00000000a7d00000|  0%| F|  |TAMS 0x00000000a7c00000| PB 0x00000000a7c00000| Untracked 
| 637|0x00000000a7d00000, 0x00000000a7d00000, 0x00000000a7e00000|  0%| F|  |TAMS 0x00000000a7d00000| PB 0x00000000a7d00000| Untracked 
| 638|0x00000000a7e00000, 0x00000000a7e00000, 0x00000000a7f00000|  0%| F|  |TAMS 0x00000000a7e00000| PB 0x00000000a7e00000| Untracked 
| 639|0x00000000a7f00000, 0x00000000a7f00000, 0x00000000a8000000|  0%| F|  |TAMS 0x00000000a7f00000| PB 0x00000000a7f00000| Untracked 
| 640|0x00000000a8000000, 0x00000000a8000000, 0x00000000a8100000|  0%| F|  |TAMS 0x00000000a8000000| PB 0x00000000a8000000| Untracked 
| 641|0x00000000a8100000, 0x00000000a8100000, 0x00000000a8200000|  0%| F|  |TAMS 0x00000000a8100000| PB 0x00000000a8100000| Untracked 
| 642|0x00000000a8200000, 0x00000000a8200000, 0x00000000a8300000|  0%| F|  |TAMS 0x00000000a8200000| PB 0x00000000a8200000| Untracked 
| 643|0x00000000a8300000, 0x00000000a8300000, 0x00000000a8400000|  0%| F|  |TAMS 0x00000000a8300000| PB 0x00000000a8300000| Untracked 
| 644|0x00000000a8400000, 0x00000000a8400000, 0x00000000a8500000|  0%| F|  |TAMS 0x00000000a8400000| PB 0x00000000a8400000| Untracked 
| 645|0x00000000a8500000, 0x00000000a8500000, 0x00000000a8600000|  0%| F|  |TAMS 0x00000000a8500000| PB 0x00000000a8500000| Untracked 
| 646|0x00000000a8600000, 0x00000000a8600000, 0x00000000a8700000|  0%| F|  |TAMS 0x00000000a8600000| PB 0x00000000a8600000| Untracked 
| 647|0x00000000a8700000, 0x00000000a8700000, 0x00000000a8800000|  0%| F|  |TAMS 0x00000000a8700000| PB 0x00000000a8700000| Untracked 
| 648|0x00000000a8800000, 0x00000000a8800000, 0x00000000a8900000|  0%| F|  |TAMS 0x00000000a8800000| PB 0x00000000a8800000| Untracked 
| 649|0x00000000a8900000, 0x00000000a8900000, 0x00000000a8a00000|  0%| F|  |TAMS 0x00000000a8900000| PB 0x00000000a8900000| Untracked 
| 650|0x00000000a8a00000, 0x00000000a8a00000, 0x00000000a8b00000|  0%| F|  |TAMS 0x00000000a8a00000| PB 0x00000000a8a00000| Untracked 
| 651|0x00000000a8b00000, 0x00000000a8b00000, 0x00000000a8c00000|  0%| F|  |TAMS 0x00000000a8b00000| PB 0x00000000a8b00000| Untracked 
| 652|0x00000000a8c00000, 0x00000000a8c00000, 0x00000000a8d00000|  0%| F|  |TAMS 0x00000000a8c00000| PB 0x00000000a8c00000| Untracked 
| 653|0x00000000a8d00000, 0x00000000a8d00000, 0x00000000a8e00000|  0%| F|  |TAMS 0x00000000a8d00000| PB 0x00000000a8d00000| Untracked 
| 654|0x00000000a8e00000, 0x00000000a8e00000, 0x00000000a8f00000|  0%| F|  |TAMS 0x00000000a8e00000| PB 0x00000000a8e00000| Untracked 
| 655|0x00000000a8f00000, 0x00000000a8f00000, 0x00000000a9000000|  0%| F|  |TAMS 0x00000000a8f00000| PB 0x00000000a8f00000| Untracked 
| 656|0x00000000a9000000, 0x00000000a9000000, 0x00000000a9100000|  0%| F|  |TAMS 0x00000000a9000000| PB 0x00000000a9000000| Untracked 
| 657|0x00000000a9100000, 0x00000000a9100000, 0x00000000a9200000|  0%| F|  |TAMS 0x00000000a9100000| PB 0x00000000a9100000| Untracked 
| 658|0x00000000a9200000, 0x00000000a9200000, 0x00000000a9300000|  0%| F|  |TAMS 0x00000000a9200000| PB 0x00000000a9200000| Untracked 
| 659|0x00000000a9300000, 0x00000000a9300000, 0x00000000a9400000|  0%| F|  |TAMS 0x00000000a9300000| PB 0x00000000a9300000| Untracked 
| 660|0x00000000a9400000, 0x00000000a9400000, 0x00000000a9500000|  0%| F|  |TAMS 0x00000000a9400000| PB 0x00000000a9400000| Untracked 
| 661|0x00000000a9500000, 0x00000000a9500000, 0x00000000a9600000|  0%| F|  |TAMS 0x00000000a9500000| PB 0x00000000a9500000| Untracked 
| 662|0x00000000a9600000, 0x00000000a9600000, 0x00000000a9700000|  0%| F|  |TAMS 0x00000000a9600000| PB 0x00000000a9600000| Untracked 
| 663|0x00000000a9700000, 0x00000000a9700000, 0x00000000a9800000|  0%| F|  |TAMS 0x00000000a9700000| PB 0x00000000a9700000| Untracked 
| 664|0x00000000a9800000, 0x00000000a9800000, 0x00000000a9900000|  0%| F|  |TAMS 0x00000000a9800000| PB 0x00000000a9800000| Untracked 
| 665|0x00000000a9900000, 0x00000000a9900000, 0x00000000a9a00000|  0%| F|  |TAMS 0x00000000a9900000| PB 0x00000000a9900000| Untracked 
| 666|0x00000000a9a00000, 0x00000000a9a00000, 0x00000000a9b00000|  0%| F|  |TAMS 0x00000000a9a00000| PB 0x00000000a9a00000| Untracked 
| 667|0x00000000a9b00000, 0x00000000a9b00000, 0x00000000a9c00000|  0%| F|  |TAMS 0x00000000a9b00000| PB 0x00000000a9b00000| Untracked 
| 668|0x00000000a9c00000, 0x00000000a9c00000, 0x00000000a9d00000|  0%| F|  |TAMS 0x00000000a9c00000| PB 0x00000000a9c00000| Untracked 
| 669|0x00000000a9d00000, 0x00000000a9d00000, 0x00000000a9e00000|  0%| F|  |TAMS 0x00000000a9d00000| PB 0x00000000a9d00000| Untracked 
| 670|0x00000000a9e00000, 0x00000000a9e00000, 0x00000000a9f00000|  0%| F|  |TAMS 0x00000000a9e00000| PB 0x00000000a9e00000| Untracked 
| 671|0x00000000a9f00000, 0x00000000a9f00000, 0x00000000aa000000|  0%| F|  |TAMS 0x00000000a9f00000| PB 0x00000000a9f00000| Untracked 
| 672|0x00000000aa000000, 0x00000000aa000000, 0x00000000aa100000|  0%| F|  |TAMS 0x00000000aa000000| PB 0x00000000aa000000| Untracked 
| 673|0x00000000aa100000, 0x00000000aa100000, 0x00000000aa200000|  0%| F|  |TAMS 0x00000000aa100000| PB 0x00000000aa100000| Untracked 
| 674|0x00000000aa200000, 0x00000000aa200000, 0x00000000aa300000|  0%| F|  |TAMS 0x00000000aa200000| PB 0x00000000aa200000| Untracked 
| 675|0x00000000aa300000, 0x00000000aa300000, 0x00000000aa400000|  0%| F|  |TAMS 0x00000000aa300000| PB 0x00000000aa300000| Untracked 
| 676|0x00000000aa400000, 0x00000000aa400000, 0x00000000aa500000|  0%| F|  |TAMS 0x00000000aa400000| PB 0x00000000aa400000| Untracked 
| 677|0x00000000aa500000, 0x00000000aa500000, 0x00000000aa600000|  0%| F|  |TAMS 0x00000000aa500000| PB 0x00000000aa500000| Untracked 
| 678|0x00000000aa600000, 0x00000000aa600000, 0x00000000aa700000|  0%| F|  |TAMS 0x00000000aa600000| PB 0x00000000aa600000| Untracked 
| 679|0x00000000aa700000, 0x00000000aa700000, 0x00000000aa800000|  0%| F|  |TAMS 0x00000000aa700000| PB 0x00000000aa700000| Untracked 
| 680|0x00000000aa800000, 0x00000000aa800000, 0x00000000aa900000|  0%| F|  |TAMS 0x00000000aa800000| PB 0x00000000aa800000| Untracked 
| 681|0x00000000aa900000, 0x00000000aa900000, 0x00000000aaa00000|  0%| F|  |TAMS 0x00000000aa900000| PB 0x00000000aa900000| Untracked 
| 682|0x00000000aaa00000, 0x00000000aaa00000, 0x00000000aab00000|  0%| F|  |TAMS 0x00000000aaa00000| PB 0x00000000aaa00000| Untracked 
| 683|0x00000000aab00000, 0x00000000aab00000, 0x00000000aac00000|  0%| F|  |TAMS 0x00000000aab00000| PB 0x00000000aab00000| Untracked 
| 684|0x00000000aac00000, 0x00000000aac00000, 0x00000000aad00000|  0%| F|  |TAMS 0x00000000aac00000| PB 0x00000000aac00000| Untracked 
| 685|0x00000000aad00000, 0x00000000aad00000, 0x00000000aae00000|  0%| F|  |TAMS 0x00000000aad00000| PB 0x00000000aad00000| Untracked 
| 686|0x00000000aae00000, 0x00000000aae00000, 0x00000000aaf00000|  0%| F|  |TAMS 0x00000000aae00000| PB 0x00000000aae00000| Untracked 
| 687|0x00000000aaf00000, 0x00000000aaf00000, 0x00000000ab000000|  0%| F|  |TAMS 0x00000000aaf00000| PB 0x00000000aaf00000| Untracked 
| 688|0x00000000ab000000, 0x00000000ab000000, 0x00000000ab100000|  0%| F|  |TAMS 0x00000000ab000000| PB 0x00000000ab000000| Untracked 
| 689|0x00000000ab100000, 0x00000000ab100000, 0x00000000ab200000|  0%| F|  |TAMS 0x00000000ab100000| PB 0x00000000ab100000| Untracked 
| 690|0x00000000ab200000, 0x00000000ab200000, 0x00000000ab300000|  0%| F|  |TAMS 0x00000000ab200000| PB 0x00000000ab200000| Untracked 
| 691|0x00000000ab300000, 0x00000000ab300000, 0x00000000ab400000|  0%| F|  |TAMS 0x00000000ab300000| PB 0x00000000ab300000| Untracked 
| 692|0x00000000ab400000, 0x00000000ab400000, 0x00000000ab500000|  0%| F|  |TAMS 0x00000000ab400000| PB 0x00000000ab400000| Untracked 
| 693|0x00000000ab500000, 0x00000000ab500000, 0x00000000ab600000|  0%| F|  |TAMS 0x00000000ab500000| PB 0x00000000ab500000| Untracked 
| 694|0x00000000ab600000, 0x00000000ab600000, 0x00000000ab700000|  0%| F|  |TAMS 0x00000000ab600000| PB 0x00000000ab600000| Untracked 
| 695|0x00000000ab700000, 0x00000000ab700000, 0x00000000ab800000|  0%| F|  |TAMS 0x00000000ab700000| PB 0x00000000ab700000| Untracked 
| 696|0x00000000ab800000, 0x00000000ab800000, 0x00000000ab900000|  0%| F|  |TAMS 0x00000000ab800000| PB 0x00000000ab800000| Untracked 
| 697|0x00000000ab900000, 0x00000000aba00000, 0x00000000aba00000|100%| E|  |TAMS 0x00000000ab900000| PB 0x00000000ab900000| Complete 
| 698|0x00000000aba00000, 0x00000000abb00000, 0x00000000abb00000|100%| E|CS|TAMS 0x00000000aba00000| PB 0x00000000aba00000| Complete 
| 699|0x00000000abb00000, 0x00000000abc00000, 0x00000000abc00000|100%| E|CS|TAMS 0x00000000abb00000| PB 0x00000000abb00000| Complete 
| 700|0x00000000abc00000, 0x00000000abd00000, 0x00000000abd00000|100%| E|CS|TAMS 0x00000000abc00000| PB 0x00000000abc00000| Complete 
| 701|0x00000000abd00000, 0x00000000abe00000, 0x00000000abe00000|100%| E|CS|TAMS 0x00000000abd00000| PB 0x00000000abd00000| Complete 
| 702|0x00000000abe00000, 0x00000000abf00000, 0x00000000abf00000|100%| E|CS|TAMS 0x00000000abe00000| PB 0x00000000abe00000| Complete 
| 703|0x00000000abf00000, 0x00000000ac000000, 0x00000000ac000000|100%| E|CS|TAMS 0x00000000abf00000| PB 0x00000000abf00000| Complete 
| 704|0x00000000ac000000, 0x00000000ac100000, 0x00000000ac100000|100%| E|CS|TAMS 0x00000000ac000000| PB 0x00000000ac000000| Complete 
| 705|0x00000000ac100000, 0x00000000ac200000, 0x00000000ac200000|100%| E|CS|TAMS 0x00000000ac100000| PB 0x00000000ac100000| Complete 
| 706|0x00000000ac200000, 0x00000000ac300000, 0x00000000ac300000|100%| E|CS|TAMS 0x00000000ac200000| PB 0x00000000ac200000| Complete 
| 707|0x00000000ac300000, 0x00000000ac400000, 0x00000000ac400000|100%| E|CS|TAMS 0x00000000ac300000| PB 0x00000000ac300000| Complete 
| 708|0x00000000ac400000, 0x00000000ac500000, 0x00000000ac500000|100%| E|CS|TAMS 0x00000000ac400000| PB 0x00000000ac400000| Complete 
| 709|0x00000000ac500000, 0x00000000ac600000, 0x00000000ac600000|100%| E|CS|TAMS 0x00000000ac500000| PB 0x00000000ac500000| Complete 
|2038|0x00000000ff600000, 0x00000000ff700000, 0x00000000ff700000|100%| O|  |TAMS 0x00000000ff700000| PB 0x00000000ff700000| Updating 
|2039|0x00000000ff700000, 0x00000000ff800000, 0x00000000ff800000|100%| E|CS|TAMS 0x00000000ff700000| PB 0x00000000ff700000| Complete 
|2040|0x00000000ff800000, 0x00000000ff900000, 0x00000000ff900000|100%| E|CS|TAMS 0x00000000ff800000| PB 0x00000000ff800000| Complete 
|2041|0x00000000ff900000, 0x00000000ffa00000, 0x00000000ffa00000|100%| O|  |TAMS 0x00000000ffa00000| PB 0x00000000ffa00000| Updating 
|2042|0x00000000ffa00000, 0x00000000ffb00000, 0x00000000ffb00000|100%| O|  |TAMS 0x00000000ffb00000| PB 0x00000000ffb00000| Updating 
|2043|0x00000000ffb00000, 0x00000000ffc00000, 0x00000000ffc00000|100%| O|  |TAMS 0x00000000ffc00000| PB 0x00000000ffc00000| Updating 
|2044|0x00000000ffc00000, 0x00000000ffd00000, 0x00000000ffd00000|100%| O|  |TAMS 0x00000000ffd00000| PB 0x00000000ffd00000| Updating 
|2045|0x00000000ffd00000, 0x00000000ffe00000, 0x00000000ffe00000|100%| O|  |TAMS 0x00000000ffe00000| PB 0x00000000ffe00000| Updating 
|2046|0x00000000ffe00000, 0x00000000fff00000, 0x00000000fff00000|100%| O|  |TAMS 0x00000000fff00000| PB 0x00000000fff00000| Updating 
|2047|0x00000000fff00000, 0x0000000100000000, 0x0000000100000000|100%| O|  |TAMS 0x0000000100000000| PB 0x0000000100000000| Updating 

Card table byte_map: [0x00000265757c0000,0x0000026575bc0000] _byte_map_base: 0x00000265753c0000

Marking Bits: (CMBitMap*) 0x0000026571eeecd0
 Bits: [0x0000026575bc0000, 0x0000026577bc0000)

Polling page: 0x000002656fe70000

Metaspace:

Usage:
  Non-class:    129.13 MB used.
      Class:     20.77 MB used.
       Both:    149.90 MB used.

Virtual space:
  Non-class space:      192.00 MB reserved,     131.12 MB ( 68%) committed,  3 nodes.
      Class space:      416.00 MB reserved,      22.56 MB (  5%) committed,  1 nodes.
             Both:      608.00 MB reserved,     153.69 MB ( 25%) committed. 

Chunk freelists:
   Non-Class:  12.81 MB
       Class:  9.40 MB
        Both:  22.21 MB

MaxMetaspaceSize: 512.00 MB
CompressedClassSpaceSize: 416.00 MB
Initial GC threshold: 21.00 MB
Current GC threshold: 254.06 MB
CDS: on
 - commit_granule_bytes: 65536.
 - commit_granule_words: 8192.
 - virtual_space_node_default_size: 8388608.
 - enlarge_chunks_in_place: 1.
 - use_allocation_guard: 0.


Internal statistics:

num_allocs_failed_limit: 9.
num_arena_births: 6310.
num_arena_deaths: 156.
num_vsnodes_births: 4.
num_vsnodes_deaths: 0.
num_space_committed: 2457.
num_space_uncommitted: 0.
num_chunks_returned_to_freelist: 229.
num_chunks_taken_from_freelist: 14305.
num_chunk_merges: 74.
num_chunk_splits: 9219.
num_chunks_enlarged: 5808.
num_inconsistent_stats: 0.

CodeHeap 'non-profiled nmethods': size=120000Kb used=18911Kb max_used=19286Kb free=101088Kb
 bounds [0x0000026507ad0000, 0x0000026508db0000, 0x000002650f000000]
CodeHeap 'profiled nmethods': size=120000Kb used=40313Kb max_used=42454Kb free=79686Kb
 bounds [0x0000026500000000, 0x0000026502980000, 0x0000026507530000]
CodeHeap 'non-nmethods': size=5760Kb used=2340Kb max_used=2400Kb free=3419Kb
 bounds [0x0000026507530000, 0x00000265077a0000, 0x0000026507ad0000]
CodeCache: size=245760Kb, used=61564Kb, max_used=64140Kb, free=184193Kb
 total_blobs=21907, nmethods=20957, adapters=852, full_count=0
Compilation: enabled, stopped_count=0, restarted_count=0

Compilation events (20 events):
Event: 82.108 Thread 0x000002657a769040 nmethod 26612 0x000002650296cc90 code [0x000002650296ce80, 0x000002650296d4e8]
Event: 82.112 Thread 0x0000026538b1b470 nmethod 26605 0x0000026508da2610 code [0x0000026508da28a0, 0x0000026508da33e0]
Event: 82.112 Thread 0x0000026538b1b470 26606       4       org.gradle.internal.classpath.CallInterceptingMetaClass::findGetterCallerAndInterceptor (46 bytes)
Event: 82.113 Thread 0x000002657a769040 26613       3       com.android.build.gradle.internal.dsl.DefaultConfig$AgpDecorated_Decorated::getVersionName (40 bytes)
Event: 82.113 Thread 0x000002657a769040 nmethod 26613 0x000002650296d710 code [0x000002650296d920, 0x000002650296def8]
Event: 82.114 Thread 0x000002657a769040 26614       3       com.android.builder.core.AbstractProductFlavor::getVersionName (5 bytes)
Event: 82.114 Thread 0x000002657a769040 nmethod 26614 0x000002650296e110 code [0x000002650296e2c0, 0x000002650296e488]
Event: 82.120 Thread 0x000002657a769040 26615       3       com.android.build.gradle.internal.core.dsl.impl.features.BuildConfigDslInfoImpl::getBuildConfigFields (293 bytes)
Event: 82.120 Thread 0x0000026538b1b470 nmethod 26606 0x0000026508da3d90 code [0x0000026508da3fa0, 0x0000026508da4500]
Event: 82.121 Thread 0x0000026538b1b470 26607       4       org.gradle.internal.classpath.CallInterceptingMetaClass::findSetterCallerAndInterceptor (46 bytes)
Event: 82.123 Thread 0x000002657a769040 nmethod 26615 0x000002650296e510 code [0x000002650296eb60, 0x0000026502972238]
Event: 82.123 Thread 0x000002657a769040 26616       3       com.android.build.gradle.internal.dsl.SplitOptions::getApplicableFilters (79 bytes)
Event: 82.124 Thread 0x000002657a769040 nmethod 26616 0x0000026502973210 code [0x00000265029734e0, 0x0000026502974390]
Event: 82.128 Thread 0x0000026538b1b470 nmethod 26607 0x0000026508da4a90 code [0x0000026508da4ca0, 0x0000026508da5200]
Event: 82.129 Thread 0x000002657a769040 26617       3       com.android.build.api.variant.impl.TaskProviderBasedDirectoryEntryImpl::<init> (44 bytes)
Event: 82.130 Thread 0x000002657a769040 nmethod 26617 0x0000026502974790 code [0x0000026502974a40, 0x00000265029755c8]
Event: 82.130 Thread 0x000002657a769040 26618       1       com.android.build.gradle.internal.services.ProjectServices::getDependencyHandler (5 bytes)
Event: 82.131 Thread 0x000002657a769040 nmethod 26618 0x0000026508da5790 code [0x0000026508da5920, 0x0000026508da59e8]
Event: 82.137 Thread 0x0000026538b1b470 26619       4       org.gradle.api.internal.attributes.DefaultMutableAttributeContainer::asImmutable (14 bytes)
Event: 82.138 Thread 0x000002657a769040 26620       3       com.android.build.api.component.impl.HostTestImpl_Decorated::getUseBuiltInKotlinSupport (46 bytes)

GC Heap History (20 events):
Event: 56.156 GC heap before
{Heap before GC invocations=53 (full 0):
 garbage-first heap   total 524288K, used 445005K [0x0000000080000000, 0x0000000100000000)
  region size 1024K, 135 young (138240K), 6 survivors (6144K)
 Metaspace       used 133390K, committed 137088K, reserved 557056K
  class space    used 19082K, committed 20864K, reserved 425984K
}
Event: 56.165 GC heap after
{Heap after GC invocations=54 (full 0):
 garbage-first heap   total 524288K, used 324608K [0x0000000080000000, 0x0000000100000000)
  region size 1024K, 16 young (16384K), 16 survivors (16384K)
 Metaspace       used 133390K, committed 137088K, reserved 557056K
  class space    used 19082K, committed 20864K, reserved 425984K
}
Event: 57.330 GC heap before
{Heap before GC invocations=54 (full 0):
 garbage-first heap   total 524288K, used 473088K [0x0000000080000000, 0x0000000100000000)
  region size 1024K, 154 young (157696K), 16 survivors (16384K)
 Metaspace       used 137750K, committed 141440K, reserved 557056K
  class space    used 19493K, committed 21312K, reserved 425984K
}
Event: 57.347 GC heap after
{Heap after GC invocations=55 (full 0):
 garbage-first heap   total 524288K, used 337404K [0x0000000080000000, 0x0000000100000000)
  region size 1024K, 18 young (18432K), 18 survivors (18432K)
 Metaspace       used 137750K, committed 141440K, reserved 557056K
  class space    used 19493K, committed 21312K, reserved 425984K
}
Event: 58.589 GC heap before
{Heap before GC invocations=55 (full 0):
 garbage-first heap   total 524288K, used 471548K [0x0000000080000000, 0x0000000100000000)
  region size 1024K, 149 young (152576K), 18 survivors (18432K)
 Metaspace       used 144400K, committed 148160K, reserved 557056K
  class space    used 20404K, committed 22208K, reserved 425984K
}
Event: 58.605 GC heap after
{Heap after GC invocations=56 (full 0):
 garbage-first heap   total 524288K, used 349821K [0x0000000080000000, 0x0000000100000000)
  region size 1024K, 13 young (13312K), 13 survivors (13312K)
 Metaspace       used 144400K, committed 148160K, reserved 557056K
  class space    used 20404K, committed 22208K, reserved 425984K
}
Event: 59.853 GC heap before
{Heap before GC invocations=57 (full 0):
 garbage-first heap   total 583680K, used 479869K [0x0000000080000000, 0x0000000100000000)
  region size 1024K, 140 young (143360K), 13 survivors (13312K)
 Metaspace       used 145289K, committed 149056K, reserved 557056K
  class space    used 20500K, committed 22336K, reserved 425984K
}
Event: 59.877 GC heap after
{Heap after GC invocations=58 (full 0):
 garbage-first heap   total 583680K, used 382976K [0x0000000080000000, 0x0000000100000000)
  region size 1024K, 18 young (18432K), 18 survivors (18432K)
 Metaspace       used 145289K, committed 149056K, reserved 557056K
  class space    used 20500K, committed 22336K, reserved 425984K
}
Event: 60.968 GC heap before
{Heap before GC invocations=58 (full 0):
 garbage-first heap   total 583680K, used 518144K [0x0000000080000000, 0x0000000100000000)
  region size 1024K, 150 young (153600K), 18 survivors (18432K)
 Metaspace       used 145798K, committed 149632K, reserved 557056K
  class space    used 20548K, committed 22400K, reserved 425984K
}
Event: 61.009 GC heap after
{Heap after GC invocations=59 (full 0):
 garbage-first heap   total 583680K, used 418304K [0x0000000080000000, 0x0000000100000000)
  region size 1024K, 19 young (19456K), 19 survivors (19456K)
 Metaspace       used 145798K, committed 149632K, reserved 557056K
  class space    used 20548K, committed 22400K, reserved 425984K
}
Event: 69.045 GC heap before
{Heap before GC invocations=59 (full 0):
 garbage-first heap   total 583680K, used 518656K [0x0000000080000000, 0x0000000100000000)
  region size 1024K, 119 young (121856K), 19 survivors (19456K)
 Metaspace       used 147276K, committed 151040K, reserved 557056K
  class space    used 20734K, committed 22528K, reserved 425984K
}
Event: 69.066 GC heap after
{Heap after GC invocations=60 (full 0):
 garbage-first heap   total 583680K, used 439296K [0x0000000080000000, 0x0000000100000000)
  region size 1024K, 16 young (16384K), 16 survivors (16384K)
 Metaspace       used 147276K, committed 151040K, reserved 557056K
  class space    used 20734K, committed 22528K, reserved 425984K
}
Event: 70.649 GC heap before
{Heap before GC invocations=61 (full 0):
 garbage-first heap   total 737280K, used 535552K [0x0000000080000000, 0x0000000100000000)
  region size 1024K, 108 young (110592K), 16 survivors (16384K)
 Metaspace       used 152421K, committed 156160K, reserved 622592K
  class space    used 21239K, committed 23040K, reserved 425984K
}
Event: 70.660 GC heap after
{Heap after GC invocations=62 (full 0):
 garbage-first heap   total 737280K, used 448512K [0x0000000080000000, 0x0000000100000000)
  region size 1024K, 4 young (4096K), 4 survivors (4096K)
 Metaspace       used 152421K, committed 156160K, reserved 622592K
  class space    used 21239K, committed 23040K, reserved 425984K
}
Event: 76.632 GC heap before
{Heap before GC invocations=62 (full 0):
 garbage-first heap   total 737280K, used 637952K [0x0000000080000000, 0x0000000100000000)
  region size 1024K, 189 young (193536K), 4 survivors (4096K)
 Metaspace       used 152780K, committed 156544K, reserved 622592K
  class space    used 21245K, committed 23040K, reserved 425984K
}
Event: 76.652 GC heap after
{Heap after GC invocations=63 (full 0):
 garbage-first heap   total 737280K, used 457728K [0x0000000080000000, 0x0000000100000000)
  region size 1024K, 18 young (18432K), 18 survivors (18432K)
 Metaspace       used 152780K, committed 156544K, reserved 622592K
  class space    used 21245K, committed 23040K, reserved 425984K
}
Event: 79.647 GC heap before
{Heap before GC invocations=63 (full 0):
 garbage-first heap   total 737280K, used 656384K [0x0000000080000000, 0x0000000100000000)
  region size 1024K, 213 young (218112K), 18 survivors (18432K)
 Metaspace       used 153178K, committed 157056K, reserved 622592K
  class space    used 21250K, committed 23104K, reserved 425984K
}
Event: 79.673 GC heap after
{Heap after GC invocations=64 (full 0):
 garbage-first heap   total 737280K, used 484789K [0x0000000080000000, 0x0000000100000000)
  region size 1024K, 27 young (27648K), 27 survivors (27648K)
 Metaspace       used 153178K, committed 157056K, reserved 622592K
  class space    used 21250K, committed 23104K, reserved 425984K
}
Event: 81.751 GC heap before
{Heap before GC invocations=64 (full 0):
 garbage-first heap   total 737280K, used 657845K [0x0000000080000000, 0x0000000100000000)
  region size 1024K, 196 young (200704K), 27 survivors (27648K)
 Metaspace       used 153493K, committed 157376K, reserved 622592K
  class space    used 21266K, committed 23104K, reserved 425984K
}
Event: 81.787 GC heap after
{Heap after GC invocations=65 (full 0):
 garbage-first heap   total 737280K, used 516608K [0x0000000080000000, 0x0000000100000000)
  region size 1024K, 25 young (25600K), 25 survivors (25600K)
 Metaspace       used 153493K, committed 157376K, reserved 622592K
  class space    used 21266K, committed 23104K, reserved 425984K
}

Dll operation events (14 events):
Event: 0.016 Loaded shared library C:\Users\notai\.vscode\extensions\redhat.java-1.54.0-win32-x64\jre\21.0.10-win32-x86_64\bin\java.dll
Event: 0.100 Loaded shared library C:\Users\notai\.vscode\extensions\redhat.java-1.54.0-win32-x64\jre\21.0.10-win32-x86_64\bin\zip.dll
Event: 0.131 Loaded shared library C:\Users\notai\.vscode\extensions\redhat.java-1.54.0-win32-x64\jre\21.0.10-win32-x86_64\bin\instrument.dll
Event: 0.138 Loaded shared library C:\Users\notai\.vscode\extensions\redhat.java-1.54.0-win32-x64\jre\21.0.10-win32-x86_64\bin\net.dll
Event: 0.142 Loaded shared library C:\Users\notai\.vscode\extensions\redhat.java-1.54.0-win32-x64\jre\21.0.10-win32-x86_64\bin\nio.dll
Event: 0.148 Loaded shared library C:\Users\notai\.vscode\extensions\redhat.java-1.54.0-win32-x64\jre\21.0.10-win32-x86_64\bin\zip.dll
Event: 0.638 Loaded shared library C:\Users\notai\.vscode\extensions\redhat.java-1.54.0-win32-x64\jre\21.0.10-win32-x86_64\bin\jimage.dll
Event: 1.046 Loaded shared library C:\Users\notai\.vscode\extensions\redhat.java-1.54.0-win32-x64\jre\21.0.10-win32-x86_64\bin\verify.dll
Event: 1.103 Loaded shared library C:\Users\notai\.gradle\native\1def1411415f61bf3af743bc5b6707747c0891f09f0c88961ee8f79bc544acac\windows-amd64\native-platform.dll
Event: 1.120 Loaded shared library C:\Users\notai\.gradle\native\0.2.8\x86_64-windows-gnu\gradle-fileevents.dll
Event: 2.658 Loaded shared library C:\Users\notai\.vscode\extensions\redhat.java-1.54.0-win32-x64\jre\21.0.10-win32-x86_64\bin\management.dll
Event: 2.661 Loaded shared library C:\Users\notai\.vscode\extensions\redhat.java-1.54.0-win32-x64\jre\21.0.10-win32-x86_64\bin\management_ext.dll
Event: 2.843 Loaded shared library C:\Users\notai\.vscode\extensions\redhat.java-1.54.0-win32-x64\jre\21.0.10-win32-x86_64\bin\extnet.dll
Event: 3.107 Loaded shared library C:\Users\notai\.vscode\extensions\redhat.java-1.54.0-win32-x64\jre\21.0.10-win32-x86_64\bin\sunmscapi.dll

Deoptimization events (20 events):
Event: 81.172 Thread 0x000002652b38f0f0 DEOPT PACKING pc=0x00000265007a414e sp=0x000000c2a10f54f0
Event: 81.172 Thread 0x000002652b38f0f0 DEOPT UNPACKING pc=0x00000265075886e2 sp=0x000000c2a10f4b20 mode 0
Event: 81.173 Thread 0x000002652b38f0f0 DEOPT PACKING pc=0x0000026500782296 sp=0x000000c2a10f5590
Event: 81.173 Thread 0x000002652b38f0f0 DEOPT UNPACKING pc=0x00000265075886e2 sp=0x000000c2a10f4aa8 mode 0
Event: 81.208 Thread 0x000002652b38f0f0 Uncommon trap: trap_request=0xfffffff4 fr.pc=0x0000026508d66220 relative=0x0000000000000080
Event: 81.208 Thread 0x000002652b38f0f0 Uncommon trap: reason=null_check action=make_not_entrant pc=0x0000026508d66220 method=org.codehaus.groovy.vmplugin.v8.Selector$MethodSelector.lambda$setGuards$0(Ljava/lang/Class;)Z @ 1 c2
Event: 81.208 Thread 0x000002652b38f0f0 DEOPT PACKING pc=0x0000026508d66220 sp=0x000000c2a10f4700
Event: 81.208 Thread 0x000002652b38f0f0 DEOPT UNPACKING pc=0x0000026507587ba2 sp=0x000000c2a10f4620 mode 2
Event: 81.789 Thread 0x000002657f038830 Uncommon trap: trap_request=0xffffffde fr.pc=0x000002650830213c relative=0x00000000000004dc
Event: 81.789 Thread 0x000002657f038830 Uncommon trap: reason=class_check action=maybe_recompile pc=0x000002650830213c method=jdk.internal.ref.PhantomCleanable.clean()V @ 12 c2
Event: 81.789 Thread 0x000002657f038830 DEOPT PACKING pc=0x000002650830213c sp=0x000000c2a00ff3f0
Event: 81.789 Thread 0x000002657f038830 DEOPT UNPACKING pc=0x0000026507587ba2 sp=0x000000c2a00ff3d0 mode 2
Event: 82.104 Thread 0x000002652b38f0f0 Uncommon trap: trap_request=0xffffffd6 fr.pc=0x00000265088c0180 relative=0x00000000000003a0
Event: 82.104 Thread 0x000002652b38f0f0 Uncommon trap: reason=array_check action=maybe_recompile pc=0x00000265088c0180 method=java.lang.invoke.LambdaForm$MH/0x0000026510619400.collector(Ljava/lang/Object;Ljava/lang/Object;Ljava/lang/Object;)Ljava/lang/Object; @ 33 c2
Event: 82.105 Thread 0x000002652b38f0f0 DEOPT PACKING pc=0x00000265088c0180 sp=0x000000c2a10f4380
Event: 82.105 Thread 0x000002652b38f0f0 DEOPT UNPACKING pc=0x0000026507587ba2 sp=0x000000c2a10f4330 mode 2
Event: 82.105 Thread 0x000002652b38f0f0 Uncommon trap: trap_request=0xffffffd6 fr.pc=0x00000265088c0180 relative=0x00000000000003a0
Event: 82.105 Thread 0x000002652b38f0f0 Uncommon trap: reason=array_check action=maybe_recompile pc=0x00000265088c0180 method=java.lang.invoke.LambdaForm$MH/0x0000026510619400.collector(Ljava/lang/Object;Ljava/lang/Object;Ljava/lang/Object;)Ljava/lang/Object; @ 33 c2
Event: 82.105 Thread 0x000002652b38f0f0 DEOPT PACKING pc=0x00000265088c0180 sp=0x000000c2a10f4910
Event: 82.105 Thread 0x000002652b38f0f0 DEOPT UNPACKING pc=0x0000026507587ba2 sp=0x000000c2a10f48c0 mode 2

Classes loaded (20 events):
Event: 61.767 Loading class sun/reflect/misc/MethodUtil$1
Event: 61.767 Loading class sun/reflect/misc/MethodUtil$1 done
Event: 69.019 Loading class java/lang/Short$ShortCache
Event: 69.019 Loading class java/lang/Short$ShortCache done
Event: 69.132 Loading class java/nio/file/StandardCopyOption
Event: 69.133 Loading class java/nio/file/StandardCopyOption done
Event: 69.133 Loading class sun/nio/fs/WindowsFileCopy
Event: 69.133 Loading class sun/nio/fs/WindowsFileCopy done
Event: 69.160 Loading class sun/nio/fs/WindowsSecurity$Privilege
Event: 69.160 Loading class sun/nio/fs/WindowsSecurity$Privilege done
Event: 69.361 Loading class java/time/Instant$1
Event: 69.361 Loading class java/time/Instant$1 done
Event: 69.434 Loading class java/net/UrlDeserializedState
Event: 69.434 Loading class java/net/UrlDeserializedState done
Event: 69.496 Loading class java/util/concurrent/CompletableFuture$AsyncRun
Event: 69.497 Loading class java/util/concurrent/CompletableFuture$AsyncRun done
Event: 69.833 Loading class java/util/concurrent/CompletableFuture$Signaller
Event: 69.834 Loading class java/util/concurrent/CompletableFuture$Signaller done
Event: 69.971 Loading class jdk/internal/math/FormattedFPDecimal
Event: 69.971 Loading class jdk/internal/math/FormattedFPDecimal done

Classes unloaded (20 events):
Event: 28.907 Thread 0x000002657a6242d0 Unloading class 0x0000026510c9e400 'java/lang/invoke/LambdaForm$BMH+0x0000026510c9e400'
Event: 28.907 Thread 0x000002657a6242d0 Unloading class 0x0000026510c9e000 'java/lang/invoke/LambdaForm$BMH+0x0000026510c9e000'
Event: 28.907 Thread 0x000002657a6242d0 Unloading class 0x0000026510c9dc00 'java/lang/invoke/LambdaForm$DMH+0x0000026510c9dc00'
Event: 28.907 Thread 0x000002657a6242d0 Unloading class 0x0000026510c9d800 'java/lang/invoke/LambdaForm$DMH+0x0000026510c9d800'
Event: 28.907 Thread 0x000002657a6242d0 Unloading class 0x0000026510c9d400 'java/lang/invoke/LambdaForm$DMH+0x0000026510c9d400'
Event: 28.907 Thread 0x000002657a6242d0 Unloading class 0x0000026510c9cc00 'java/lang/invoke/LambdaForm$DMH+0x0000026510c9cc00'
Event: 28.907 Thread 0x000002657a6242d0 Unloading class 0x0000026510c9c800 'java/lang/invoke/LambdaForm$DMH+0x0000026510c9c800'
Event: 28.907 Thread 0x000002657a6242d0 Unloading class 0x0000026510c9c400 'java/lang/invoke/LambdaForm$DMH+0x0000026510c9c400'
Event: 28.907 Thread 0x000002657a6242d0 Unloading class 0x0000026510c95000 'java/lang/invoke/LambdaForm$MH+0x0000026510c95000'
Event: 28.907 Thread 0x000002657a6242d0 Unloading class 0x0000026510c94800 'java/lang/invoke/LambdaForm$MH+0x0000026510c94800'
Event: 28.907 Thread 0x000002657a6242d0 Unloading class 0x0000026510c94000 'java/lang/invoke/LambdaForm$MH+0x0000026510c94000'
Event: 28.907 Thread 0x000002657a6242d0 Unloading class 0x0000026510c84c00 'java/lang/invoke/LambdaForm$MH+0x0000026510c84c00'
Event: 28.907 Thread 0x000002657a6242d0 Unloading class 0x0000026510c84400 'java/lang/invoke/LambdaForm$DMH+0x0000026510c84400'
Event: 82.139 Thread 0x000002657a6242d0 Unloading class 0x00000265113c2400 'java/lang/invoke/LambdaForm$MH+0x00000265113c2400'
Event: 82.139 Thread 0x000002657a6242d0 Unloading class 0x00000265113c2000 'java/lang/invoke/LambdaForm$MH+0x00000265113c2000'
Event: 82.139 Thread 0x000002657a6242d0 Unloading class 0x00000265113c1c00 'java/lang/invoke/LambdaForm$MH+0x00000265113c1c00'
Event: 82.139 Thread 0x000002657a6242d0 Unloading class 0x00000265113c1800 'java/lang/invoke/LambdaForm$MH+0x00000265113c1800'
Event: 82.139 Thread 0x000002657a6242d0 Unloading class 0x00000265113c1400 'java/lang/invoke/LambdaForm$MH+0x00000265113c1400'
Event: 82.139 Thread 0x000002657a6242d0 Unloading class 0x00000265113c0000 'java/lang/invoke/LambdaForm$MH+0x00000265113c0000'
Event: 82.139 Thread 0x000002657a6242d0 Unloading class 0x00000265113bfc00 'java/lang/invoke/LambdaForm$MH+0x00000265113bfc00'

Classes redefined (0 events):
No events

Internal exceptions (20 events):
Event: 77.552 Thread 0x0000026539c6d780 Exception <a 'sun/nio/fs/WindowsException'{0x00000000a8b436d0}> (0x00000000a8b436d0) 
thrown [s\src\hotspot\share\prims\jni.cpp, line 520]
Event: 77.552 Thread 0x0000026539c6d780 Exception <a 'sun/nio/fs/WindowsException'{0x00000000a8b459f8}> (0x00000000a8b459f8) 
thrown [s\src\hotspot\share\prims\jni.cpp, line 520]
Event: 77.552 Thread 0x0000026539c6d780 Exception <a 'sun/nio/fs/WindowsException'{0x00000000a8b47c90}> (0x00000000a8b47c90) 
thrown [s\src\hotspot\share\prims\jni.cpp, line 520]
Event: 77.552 Thread 0x0000026539c6d780 Exception <a 'sun/nio/fs/WindowsException'{0x00000000a8b49b40}> (0x00000000a8b49b40) 
thrown [s\src\hotspot\share\prims\jni.cpp, line 520]
Event: 77.594 Thread 0x0000026539c6d0f0 Exception <a 'sun/nio/fs/WindowsException'{0x00000000a8706890}> (0x00000000a8706890) 
thrown [s\src\hotspot\share\prims\jni.cpp, line 520]
Event: 77.594 Thread 0x0000026539c6d0f0 Exception <a 'sun/nio/fs/WindowsException'{0x00000000a8708a18}> (0x00000000a8708a18) 
thrown [s\src\hotspot\share\prims\jni.cpp, line 520]
Event: 77.594 Thread 0x0000026539c6d0f0 Exception <a 'sun/nio/fs/WindowsException'{0x00000000a870ab00}> (0x00000000a870ab00) 
thrown [s\src\hotspot\share\prims\jni.cpp, line 520]
Event: 77.595 Thread 0x0000026539c6d0f0 Exception <a 'sun/nio/fs/WindowsException'{0x00000000a870c820}> (0x00000000a870c820) 
thrown [s\src\hotspot\share\prims\jni.cpp, line 520]
Event: 77.597 Thread 0x0000026539c6ca60 Exception <a 'sun/nio/fs/WindowsException'{0x00000000a87acc88}> (0x00000000a87acc88) 
thrown [s\src\hotspot\share\prims\jni.cpp, line 520]
Event: 77.597 Thread 0x0000026539c6ca60 Exception <a 'sun/nio/fs/WindowsException'{0x00000000a87aee68}> (0x00000000a87aee68) 
thrown [s\src\hotspot\share\prims\jni.cpp, line 520]
Event: 77.597 Thread 0x0000026539c6ca60 Exception <a 'sun/nio/fs/WindowsException'{0x00000000a87b0fa8}> (0x00000000a87b0fa8) 
thrown [s\src\hotspot\share\prims\jni.cpp, line 520]
Event: 77.597 Thread 0x0000026539c6ca60 Exception <a 'sun/nio/fs/WindowsException'{0x00000000a87b2d30}> (0x00000000a87b2d30) 
thrown [s\src\hotspot\share\prims\jni.cpp, line 520]
Event: 77.619 Thread 0x0000026539c6bd40 Exception <a 'sun/nio/fs/WindowsException'{0x00000000a85ecfb8}> (0x00000000a85ecfb8) 
thrown [s\src\hotspot\share\prims\jni.cpp, line 520]
Event: 77.619 Thread 0x0000026539c6bd40 Exception <a 'sun/nio/fs/WindowsException'{0x00000000a85ef0f8}> (0x00000000a85ef0f8) 
thrown [s\src\hotspot\share\prims\jni.cpp, line 520]
Event: 77.619 Thread 0x0000026539c6bd40 Exception <a 'sun/nio/fs/WindowsException'{0x00000000a85f1178}> (0x00000000a85f1178) 
thrown [s\src\hotspot\share\prims\jni.cpp, line 520]
Event: 77.619 Thread 0x0000026539c6bd40 Exception <a 'sun/nio/fs/WindowsException'{0x00000000a85f2e70}> (0x00000000a85f2e70) 
thrown [s\src\hotspot\share\prims\jni.cpp, line 520]
Event: 80.770 Thread 0x000002652b38f0f0 Implicit null exception at 0x0000026508c8e045 to 0x0000026508c8e1a0
Event: 80.779 Thread 0x000002652b38f0f0 Implicit null exception at 0x0000026508d4fce8 to 0x0000026508d4fe8d
Event: 82.105 Thread 0x000002652b38f0f0 Exception <a 'java/lang/IncompatibleClassChangeError'{0x00000000abc6c7b0}: Found class java.lang.Object, but interface was expected> (0x00000000abc6c7b0) 
thrown [s\src\hotspot\share\interpreter\linkResolver.cpp, line 840]
Event: 82.105 Thread 0x000002652b38f0f0 Exception <a 'java/lang/IncompatibleClassChangeError'{0x00000000abc6e138}: Found class java.lang.Object, but interface was expected> (0x00000000abc6e138) 
thrown [s\src\hotspot\share\interpreter\linkResolver.cpp, line 840]

ZGC Phase Switch (0 events):
No events

VM Operations (20 events):
Event: 73.906 Executing safepoint VM operation: Cleanup done
Event: 75.926 Executing safepoint VM operation: Cleanup
Event: 75.927 Executing safepoint VM operation: Cleanup done
Event: 76.632 Executing safepoint VM operation: G1CollectForAllocation (G1 Evacuation Pause)
Event: 76.652 Executing safepoint VM operation: G1CollectForAllocation (G1 Evacuation Pause) done
Event: 77.493 Executing safepoint VM operation: ICBufferFull
Event: 77.493 Executing safepoint VM operation: ICBufferFull done
Event: 78.497 Executing safepoint VM operation: Cleanup
Event: 78.497 Executing safepoint VM operation: Cleanup done
Event: 79.425 Executing safepoint VM operation: ICBufferFull
Event: 79.425 Executing safepoint VM operation: ICBufferFull done
Event: 79.647 Executing safepoint VM operation: G1CollectForAllocation (G1 Evacuation Pause)
Event: 79.673 Executing safepoint VM operation: G1CollectForAllocation (G1 Evacuation Pause) done
Event: 80.681 Executing safepoint VM operation: Cleanup
Event: 80.681 Executing safepoint VM operation: Cleanup done
Event: 81.690 Executing safepoint VM operation: Cleanup
Event: 81.691 Executing safepoint VM operation: Cleanup done
Event: 81.751 Executing safepoint VM operation: G1CollectForAllocation (G1 Evacuation Pause)
Event: 81.787 Executing safepoint VM operation: G1CollectForAllocation (G1 Evacuation Pause) done
Event: 82.138 Executing safepoint VM operation: G1PauseRemark

Memory protections (0 events):
No events

Nmethod flushes (20 events):
Event: 82.168 Thread 0x000002657a6242d0 flushing  nmethod 0x0000026500970490
Event: 82.168 Thread 0x000002657a6242d0 flushing  nmethod 0x0000026500973a10
Event: 82.168 Thread 0x000002657a6242d0 flushing  nmethod 0x0000026500973f90
Event: 82.168 Thread 0x000002657a6242d0 flushing  nmethod 0x0000026500974390
Event: 82.168 Thread 0x000002657a6242d0 flushing  nmethod 0x0000026500975d10
Event: 82.168 Thread 0x000002657a6242d0 flushing  nmethod 0x0000026500978190
Event: 82.168 Thread 0x000002657a6242d0 flushing  nmethod 0x0000026500a16a10
Event: 82.168 Thread 0x000002657a6242d0 flushing  nmethod 0x0000026500aa9890
Event: 82.168 Thread 0x000002657a6242d0 flushing  nmethod 0x0000026500aab410
Event: 82.168 Thread 0x000002657a6242d0 flushing  nmethod 0x0000026500dca890
Event: 82.168 Thread 0x000002657a6242d0 flushing  nmethod 0x0000026500ef6910
Event: 82.168 Thread 0x000002657a6242d0 flushing  nmethod 0x00000265010f7d10
Event: 82.168 Thread 0x000002657a6242d0 flushing  nmethod 0x0000026501167e10
Event: 82.168 Thread 0x000002657a6242d0 flushing  nmethod 0x000002650116a290
Event: 82.168 Thread 0x000002657a6242d0 flushing  nmethod 0x00000265011f6410
Event: 82.168 Thread 0x000002657a6242d0 flushing  nmethod 0x000002650174c890
Event: 82.168 Thread 0x000002657a6242d0 flushing  nmethod 0x0000026501d24610
Event: 82.168 Thread 0x000002657a6242d0 flushing  nmethod 0x0000026501f77290
Event: 82.168 Thread 0x000002657a6242d0 flushing  nmethod 0x000002650206ae90
Event: 82.168 Thread 0x000002657a6242d0 flushing  nmethod 0x000002650206ca10

Events (20 events):
Event: 78.641 Thread 0x000002657a769040 Thread added: 0x0000026538b19930
Event: 79.078 Thread 0x0000026538b19930 Thread exited: 0x0000026538b19930
Event: 79.131 Thread 0x000002657a769040 Thread added: 0x0000026538b19930
Event: 79.131 Thread 0x000002657a769040 Thread added: 0x0000026538b1d680
Event: 79.420 Thread 0x0000026538b19930 Thread exited: 0x0000026538b19930
Event: 79.420 Thread 0x0000026538b1d680 Thread exited: 0x0000026538b1d680
Event: 79.464 Thread 0x000002657a76ad00 Thread added: 0x0000026538b1a000
Event: 79.944 Thread 0x000002657a769040 Thread added: 0x0000026538b1b470
Event: 80.495 Thread 0x0000026538b1b470 Thread exited: 0x0000026538b1b470
Event: 80.495 Thread 0x0000026538b1a000 Thread exited: 0x0000026538b1a000
Event: 80.556 Thread 0x000002652d9962a0 Thread exited: 0x000002652d9962a0
Event: 80.556 Thread 0x000002652d994ef0 Thread exited: 0x000002652d994ef0
Event: 80.557 Thread 0x000002652d9941d0 Thread exited: 0x000002652d9941d0
Event: 80.775 Thread 0x000002657a769040 Thread added: 0x0000026538b1e420
Event: 80.900 Thread 0x000002657a769040 Thread added: 0x0000026538b17050
Event: 81.095 Thread 0x0000026538b17050 Thread exited: 0x0000026538b17050
Event: 81.663 Thread 0x000002657a769040 Thread added: 0x0000026538b19930
Event: 82.071 Thread 0x0000026538b19930 Thread exited: 0x0000026538b19930
Event: 82.071 Thread 0x0000026538b1e420 Thread exited: 0x0000026538b1e420
Event: 82.095 Thread 0x000002657a769040 Thread added: 0x0000026538b1b470


Dynamic libraries:
0x00007ff605190000 - 0x00007ff60519e000 	C:\Users\notai\.vscode\extensions\redhat.java-1.54.0-win32-x64\jre\21.0.10-win32-x86_64\bin\java.exe
0x00007ffdc2550000 - 0x00007ffdc2768000 	C:\WINDOWS\SYSTEM32\ntdll.dll
0x00007ffdc1c80000 - 0x00007ffdc1d44000 	C:\WINDOWS\System32\KERNEL32.DLL
0x00007ffdbfc70000 - 0x00007ffdc0043000 	C:\WINDOWS\System32\KERNELBASE.dll
0x00007ffdbf970000 - 0x00007ffdbfa81000 	C:\WINDOWS\System32\ucrtbase.dll
0x00007ffd99a50000 - 0x00007ffd99a68000 	C:\Users\notai\.vscode\extensions\redhat.java-1.54.0-win32-x64\jre\21.0.10-win32-x86_64\bin\jli.dll
0x00007ffd99a30000 - 0x00007ffd99a4e000 	C:\Users\notai\.vscode\extensions\redhat.java-1.54.0-win32-x64\jre\21.0.10-win32-x86_64\bin\VCRUNTIME140.dll
0x00007ffdc2010000 - 0x00007ffdc21c2000 	C:\WINDOWS\System32\USER32.dll
0x00007ffdbf850000 - 0x00007ffdbf876000 	C:\WINDOWS\System32\win32u.dll
0x00007ffdc2450000 - 0x00007ffdc2479000 	C:\WINDOWS\System32\GDI32.dll
0x00007ffd89560000 - 0x00007ffd897fc000 	C:\WINDOWS\WinSxS\amd64_microsoft.windows.common-controls_6595b64144ccf1df_6.0.22621.6060_none_2712eda17382d24b\COMCTL32.dll
0x00007ffdc00d0000 - 0x00007ffdc01eb000 	C:\WINDOWS\System32\gdi32full.dll
0x00007ffdc1ab0000 - 0x00007ffdc1b57000 	C:\WINDOWS\System32\msvcrt.dll
0x00007ffdbfbd0000 - 0x00007ffdbfc6a000 	C:\WINDOWS\System32\msvcp_win.dll
0x00007ffdc1a70000 - 0x00007ffdc1aa1000 	C:\WINDOWS\System32\IMM32.DLL
0x00007ffda4980000 - 0x00007ffda498c000 	C:\Users\notai\.vscode\extensions\redhat.java-1.54.0-win32-x64\jre\21.0.10-win32-x86_64\bin\vcruntime140_1.dll
0x00007ffd93240000 - 0x00007ffd932cd000 	C:\Users\notai\.vscode\extensions\redhat.java-1.54.0-win32-x64\jre\21.0.10-win32-x86_64\bin\msvcp140.dll
0x00007ffce4cb0000 - 0x00007ffce5a51000 	C:\Users\notai\.vscode\extensions\redhat.java-1.54.0-win32-x64\jre\21.0.10-win32-x86_64\bin\server\jvm.dll
0x00007ffdc19a0000 - 0x00007ffdc1a51000 	C:\WINDOWS\System32\ADVAPI32.dll
0x00007ffdc2250000 - 0x00007ffdc22f8000 	C:\WINDOWS\System32\sechost.dll
0x00007ffdbf880000 - 0x00007ffdbf8a8000 	C:\WINDOWS\System32\bcrypt.dll
0x00007ffdc1b60000 - 0x00007ffdc1c78000 	C:\WINDOWS\System32\RPCRT4.dll
0x00007ffdc1de0000 - 0x00007ffdc1e51000 	C:\WINDOWS\System32\WS2_32.dll
0x00007ffdb7e20000 - 0x00007ffdb7e54000 	C:\WINDOWS\SYSTEM32\WINMM.dll
0x00007ffdbf530000 - 0x00007ffdbf57d000 	C:\WINDOWS\SYSTEM32\POWRPROF.dll
0x00007ffdb8070000 - 0x00007ffdb807a000 	C:\WINDOWS\SYSTEM32\VERSION.dll
0x00007ffdbf510000 - 0x00007ffdbf523000 	C:\WINDOWS\SYSTEM32\UMPDC.dll
0x00007ffdbe5a0000 - 0x00007ffdbe5b8000 	C:\WINDOWS\SYSTEM32\kernel.appcore.dll
0x00007ffd99520000 - 0x00007ffd9952a000 	C:\Users\notai\.vscode\extensions\redhat.java-1.54.0-win32-x64\jre\21.0.10-win32-x86_64\bin\jimage.dll
0x00007ffdbca10000 - 0x00007ffdbcc43000 	C:\WINDOWS\SYSTEM32\DBGHELP.DLL
0x00007ffdc01f0000 - 0x00007ffdc0581000 	C:\WINDOWS\System32\combase.dll
0x00007ffdc2300000 - 0x00007ffdc23d8000 	C:\WINDOWS\System32\OLEAUT32.dll
0x00007ffda7890000 - 0x00007ffda78c2000 	C:\WINDOWS\SYSTEM32\dbgcore.DLL
0x00007ffdbf660000 - 0x00007ffdbf6db000 	C:\WINDOWS\System32\bcryptPrimitives.dll
0x00007ffd98870000 - 0x00007ffd9887f000 	C:\Users\notai\.vscode\extensions\redhat.java-1.54.0-win32-x64\jre\21.0.10-win32-x86_64\bin\instrument.dll
0x00007ffd982c0000 - 0x00007ffd982e0000 	C:\Users\notai\.vscode\extensions\redhat.java-1.54.0-win32-x64\jre\21.0.10-win32-x86_64\bin\java.dll
0x00007ffdc08a0000 - 0x00007ffdc113c000 	C:\WINDOWS\System32\SHELL32.dll
0x00007ffdbfa90000 - 0x00007ffdbfbcf000 	C:\WINDOWS\System32\wintypes.dll
0x00007ffdbd510000 - 0x00007ffdbde2a000 	C:\WINDOWS\SYSTEM32\windows.storage.dll
0x00007ffdc15c0000 - 0x00007ffdc16c4000 	C:\WINDOWS\System32\SHCORE.dll
0x00007ffdc23e0000 - 0x00007ffdc2449000 	C:\WINDOWS\System32\shlwapi.dll
0x00007ffdbf590000 - 0x00007ffdbf5b5000 	C:\WINDOWS\SYSTEM32\profapi.dll
0x00007ffd97250000 - 0x00007ffd97268000 	C:\Users\notai\.vscode\extensions\redhat.java-1.54.0-win32-x64\jre\21.0.10-win32-x86_64\bin\zip.dll
0x00007ffd987d0000 - 0x00007ffd987e0000 	C:\Users\notai\.vscode\extensions\redhat.java-1.54.0-win32-x64\jre\21.0.10-win32-x86_64\bin\net.dll
0x00007ffdb8990000 - 0x00007ffdb8abc000 	C:\WINDOWS\SYSTEM32\WINHTTP.dll
0x00007ffdbead0000 - 0x00007ffdbeb39000 	C:\WINDOWS\system32\mswsock.dll
0x00007ffd97230000 - 0x00007ffd97246000 	C:\Users\notai\.vscode\extensions\redhat.java-1.54.0-win32-x64\jre\21.0.10-win32-x86_64\bin\nio.dll
0x00007ffd98600000 - 0x00007ffd98610000 	C:\Users\notai\.vscode\extensions\redhat.java-1.54.0-win32-x64\jre\21.0.10-win32-x86_64\bin\verify.dll
0x00007ffd98120000 - 0x00007ffd98147000 	C:\Users\notai\.gradle\native\1def1411415f61bf3af743bc5b6707747c0891f09f0c88961ee8f79bc544acac\windows-amd64\native-platform.dll
0x00007ffd93e00000 - 0x00007ffd93e77000 	C:\Users\notai\.gradle\native\0.2.8\x86_64-windows-gnu\gradle-fileevents.dll
0x00007ffd97200000 - 0x00007ffd9720a000 	C:\Users\notai\.vscode\extensions\redhat.java-1.54.0-win32-x64\jre\21.0.10-win32-x86_64\bin\management.dll
0x00007ffd971f0000 - 0x00007ffd971fc000 	C:\Users\notai\.vscode\extensions\redhat.java-1.54.0-win32-x64\jre\21.0.10-win32-x86_64\bin\management_ext.dll
0x00007ffdc24e0000 - 0x00007ffdc24e8000 	C:\WINDOWS\System32\PSAPI.DLL
0x00007ffdbe0d0000 - 0x00007ffdbe0fd000 	C:\WINDOWS\SYSTEM32\IPHLPAPI.DLL
0x00007ffdc1a60000 - 0x00007ffdc1a69000 	C:\WINDOWS\System32\NSI.dll
0x00007ffd983e0000 - 0x00007ffd983e9000 	C:\Users\notai\.vscode\extensions\redhat.java-1.54.0-win32-x64\jre\21.0.10-win32-x86_64\bin\extnet.dll
0x00007ffdbed50000 - 0x00007ffdbed6b000 	C:\WINDOWS\SYSTEM32\CRYPTSP.dll
0x00007ffdbe560000 - 0x00007ffdbe597000 	C:\WINDOWS\system32\rsaenh.dll
0x00007ffdbebf0000 - 0x00007ffdbec18000 	C:\WINDOWS\SYSTEM32\USERENV.dll
0x00007ffdbed70000 - 0x00007ffdbed7c000 	C:\WINDOWS\SYSTEM32\CRYPTBASE.dll
0x00007ffd98570000 - 0x00007ffd9857e000 	C:\Users\notai\.vscode\extensions\redhat.java-1.54.0-win32-x64\jre\21.0.10-win32-x86_64\bin\sunmscapi.dll
0x00007ffdbf6e0000 - 0x00007ffdbf848000 	C:\WINDOWS\System32\CRYPT32.dll
0x00007ffdbef30000 - 0x00007ffdbef5e000 	C:\WINDOWS\SYSTEM32\ncrypt.dll
0x00007ffdbeef0000 - 0x00007ffdbef27000 	C:\WINDOWS\SYSTEM32\NTASN1.dll
0x00007ffd45e80000 - 0x00007ffd45e88000 	C:\WINDOWS\system32\wshunix.dll
0x00007ffdbe720000 - 0x00007ffdbe754000 	C:\WINDOWS\SYSTEM32\ntmarta.dll

JVMTI agents:
C:\Users\notai\.gradle\wrapper\dists\gradle-9.0.0-bin\d6wjpkvcgsg3oed0qlfss3wgl\gradle-9.0.0\lib\agents\gradle-instrumentation-agent-9.0.0.jar path:C:\Users\notai\.vscode\extensions\redhat.java-1.54.0-win32-x64\jre\21.0.10-win32-x86_64\bin\instrument.dll, loaded, initialized, instrumentlib options:none

dbghelp: loaded successfully - version: 4.0.5 - missing functions: none
symbol engine: initialized successfully - sym options: 0x614 - pdb path: .;C:\Users\notai\.vscode\extensions\redhat.java-1.54.0-win32-x64\jre\21.0.10-win32-x86_64\bin;C:\WINDOWS\SYSTEM32;C:\WINDOWS\WinSxS\amd64_microsoft.windows.common-controls_6595b64144ccf1df_6.0.22621.6060_none_2712eda17382d24b;C:\Users\notai\.vscode\extensions\redhat.java-1.54.0-win32-x64\jre\21.0.10-win32-x86_64\bin\server;C:\Users\notai\.gradle\native\1def1411415f61bf3af743bc5b6707747c0891f09f0c88961ee8f79bc544acac\windows-amd64;C:\Users\notai\.gradle\native\0.2.8\x86_64-windows-gnu

VM Arguments:
jvm_args: --add-opens=java.base/java.lang=ALL-UNNAMED --add-opens=java.base/java.lang.invoke=ALL-UNNAMED --add-opens=java.base/java.util=ALL-UNNAMED --add-opens=java.prefs/java.util.prefs=ALL-UNNAMED --add-exports=jdk.compiler/com.sun.tools.javac.api=ALL-UNNAMED --add-exports=jdk.compiler/com.sun.tools.javac.util=ALL-UNNAMED --add-opens=java.base/java.util=ALL-UNNAMED --add-opens=java.prefs/java.util.prefs=ALL-UNNAMED --add-opens=java.base/java.nio.charset=ALL-UNNAMED --add-opens=java.base/java.net=ALL-UNNAMED --add-opens=java.base/java.util.concurrent=ALL-UNNAMED --add-opens=java.base/java.util.concurrent.atomic=ALL-UNNAMED --add-opens=java.xml/javax.xml.namespace=ALL-UNNAMED -XX:MaxMetaspaceSize=512m -Xmx2048m -Dfile.encoding=UTF-8 -Duser.country=US -Duser.language=en -Duser.variant -javaagent:C:\Users\notai\.gradle\wrapper\dists\gradle-9.0.0-bin\d6wjpkvcgsg3oed0qlfss3wgl\gradle-9.0.0\lib\agents\gradle-instrumentation-agent-9.0.0.jar 
java_command: org.gradle.launcher.daemon.bootstrap.GradleDaemon 9.0.0
java_class_path (initial): C:\Users\notai\.gradle\wrapper\dists\gradle-9.0.0-bin\d6wjpkvcgsg3oed0qlfss3wgl\gradle-9.0.0\lib\gradle-daemon-main-9.0.0.jar
Launcher Type: SUN_STANDARD

[Global flags]
     intx CICompilerCount                          = 4                                         {product} {ergonomic}
   size_t CompressedClassSpaceSize                 = 436207616                                 {product} {ergonomic}
     uint ConcGCThreads                            = 2                                         {product} {ergonomic}
     uint G1ConcRefinementThreads                  = 8                                         {product} {ergonomic}
   size_t G1HeapRegionSize                         = 1048576                                   {product} {ergonomic}
    uintx GCDrainStackTargetSize                   = 64                                        {product} {ergonomic}
   size_t InitialHeapSize                          = 532676608                                 {product} {ergonomic}
   size_t MarkStackSize                            = 4194304                                   {product} {ergonomic}
   size_t MaxHeapSize                              = 2147483648                                {product} {command line}
   size_t MaxMetaspaceSize                         = 536870912                                 {product} {command line}
   size_t MaxNewSize                               = 1287651328                                {product} {ergonomic}
   size_t MinHeapDeltaBytes                        = 1048576                                   {product} {ergonomic}
   size_t MinHeapSize                              = 8388608                                   {product} {ergonomic}
    uintx NonNMethodCodeHeapSize                   = 5839372                                {pd product} {ergonomic}
    uintx NonProfiledCodeHeapSize                  = 122909434                              {pd product} {ergonomic}
    uintx ProfiledCodeHeapSize                     = 122909434                              {pd product} {ergonomic}
    uintx ReservedCodeCacheSize                    = 251658240                              {pd product} {ergonomic}
     bool SegmentedCodeCache                       = true                                      {product} {ergonomic}
   size_t SoftMaxHeapSize                          = 2147483648                             {manageable} {ergonomic}
     bool UseCompressedOops                        = true                           {product lp64_product} {ergonomic}
     bool UseG1GC                                  = true                                      {product} {ergonomic}
     bool UseLargePagesIndividualAllocation        = false                                  {pd product} {ergonomic}

Logging:
Log output configuration:
 #0: stdout all=warning uptime,level,tags foldmultilines=false
 #1: stderr all=off uptime,level,tags foldmultilines=false

Release file:
JAVA_VERSION="21.0.10" 
MODULES="java.base java.compiler java.datatransfer java.xml java.prefs java.desktop java.instrument java.logging java.management java.security.sasl java.naming java.rmi java.management.rmi java.net.http java.scripting java.security.jgss java.transaction.xa java.sql java.sql.rowset java.xml.crypto java.se java.smartcardio jdk.accessibility jdk.internal.jvmstat jdk.attach jdk.charsets jdk.internal.opt jdk.zipfs jdk.compiler jdk.crypto.ec jdk.crypto.cryptoki jdk.crypto.mscapi jdk.dynalink jdk.internal.ed jdk.editpad jdk.hotspot.agent jdk.httpserver jdk.internal.le jdk.internal.vm.ci jdk.internal.vm.compiler jdk.internal.vm.compiler.management jdk.jartool jdk.javadoc jdk.jcmd jdk.management jdk.management.agent jdk.jconsole jdk.jdeps jdk.jdwp.agent jdk.jdi jdk.jfr jdk.jshell jdk.jsobject jdk.jstatd jdk.localedata jdk.management.jfr jdk.naming.dns jdk.naming.rmi jdk.net jdk.nio.mapmode jdk.random jdk.sctp jdk.security.auth jdk.security.jgss jdk.unsupported jdk.unsupported.desktop jdk.xml.dom" 

Environment Variables:
JAVA_HOME=C:\Program Files\Java\jdk-21
PATH=C:\Users\notai\AppData\Local\Programs\Microsoft VS Code;C:\Program Files (x86)\Common Files\Intel\Shared Libraries\redist\intel64\compiler;C:\Program Files\Java\jdk-21\bin;C:\Program Files\Java\jdk-17\bin;C:\Program Files\Common Files\Oracle\Java\javapath;C:\Program Files (x86)\Common Files\Oracle\Java\java8path;C:\Program Files (x86)\Common Files\Oracle\Java\javapath;C:\Program Files (x86)\Microsoft SDKs\Azure\CLI2\wbin;C:\Program Files (x86)\Common Files\Intel\Shared Files\cpp\bin\Intel64;C:\WINDOWS\system32;C:\WINDOWS;C:\WINDOWS\System32\Wbem;C:\WINDOWS\System32\WindowsPowerShell\v1.0\;C:\WINDOWS\System32\OpenSSH\;C:\Program Files\Microsoft SQL Server\Client SDK\ODBC\130\Tools\Binn\;C:\Program Files (x86)\Microsoft SQL Server\140\Tools\Binn\;C:\Program Files\Microsoft SQL Server\140\Tools\Binn\;C:\Program Files\Microsoft SQL Server\140\DTS\Binn\;C:\Program Files (x86)\HP\IdrsOCR_15.2.10.1114\;C:\Program Files\dotnet\;C:\Program Files\Git LFS;C:\Program Files\Microsoft SQL Server\Client SDK\ODBC\170\Tools\Binn\;C:\Program Files (x86)\Microsoft SQL Server\150\Tools\Binn\;C:\Program Files\Microsoft SQL Server\150\Tools\Binn\;C:\Program Files\Microsoft SQL Server\150\DTS\Binn\;C:\Program Files (x86)\QuickTime\QTSystem\;C:\Program Files\Git\cmd;C:\Program Files\HP\Common\HPDestPlgIn\;C:\Program Files (x86)\HP\Common\HPDestPlgIn\;C:\Program Files\nodejs\;C:\Users\notai\platform-tools;D:\Users\notai\AppData\Local\pnpm;C:\Users\notai\AppData\Local\Programs\Python\Python312\Scripts\;C:\Users\notai\AppData\Local\Programs\Python\Python312\;C:\Users\notai\AppData\Local\Programs\Python\Python311\Scripts;C:\Users\notai\AppData\Local\Programs\Python\Python311;C:\Users\notai\AppData\Roaming\Python\Python311\Scripts;C:\Python310\Scripts\;C:\Python310\;C:\Users\notai\AppData\Local\Programs\Python\Python310\Scripts\;C:\Users\notai\AppData\Local\Programs\Python\Python310\;C:\Users\notai\AppData\Local\Packages\PythonSoftwareFoundation.Python.3.9_qbz5n2kfra8p0\LocalCache\local-packages\Python39\Scripts;C:\Users\notai\AppData\Local\Microsoft\WindowsApps;C:\Users\notai\AppData\Local\Programs\Microsoft VS Code\bin;C:\Users\notai\.dotnet\tools;C:\Users\notai\AppData\Local\GitHubDesktop\bin;C:\Program Files\JetBrains\PyCharm Community Edition 2022.3\bin;C:\Program Files\heroku\bin;C:\Program Files\Azure Data Studio\bin;C:\Users\notai\Downloads\flutter\bin;C:\Users\notai\AppData\Local\Google\Cloud SDK\google-cloud-sdk\bin;C:\Users\notai\AppData\Local\JetBrains\Toolbox\scripts;C:\Program Files\JetBrains\PyCharm Community Edition 2024.1.2\bin;;E:\Program Files\JetBrains\IntelliJ IDEA Community Edition 2024.3.4.1\bin;;C:\Program Files\Azure Data Studio\bin;C:\Program Files\HP\Common\HPDestPlgIn\;C:\Program Files (x86)\HP\Common\HPDestPlgIn\;C:\Users\notai\AppData\Roaming\npm;C:\apache-maven-3.9.9\bin;D:\android\cmdline-tools\latest\bin;D:\android\platform-tools;C:\Users\notai\AppData\Local\Python\bin
USERNAME=notai
OS=Windows_NT
PROCESSOR_IDENTIFIER=Intel64 Family 6 Model 126 Stepping 5, GenuineIntel
TMP=C:\Users\notai\AppData\Local\Temp
TEMP=C:\Users\notai\AppData\Local\Temp




Periodic native trim disabled

---------------  S Y S T E M  ---------------

OS:
 Windows 11 , 64 bit Build 22621 (10.0.22621.5415)
OS uptime: 4 days 7:39 hours
Hyper-V role detected

CPU: total 8 (initial active 8) (4 cores per cpu, 2 threads per core) family 6 model 126 stepping 5 microcode 0xca, cx8, cmov, fxsr, ht, mmx, 3dnowpref, sse, sse2, sse3, ssse3, sse4.1, sse4.2, popcnt, lzcnt, tsc, tscinvbit, avx, avx2, aes, erms, clmul, bmi1, bmi2, adx, avx512f, avx512dq, avx512cd, avx512bw, avx512vl, sha, fma, vzeroupper, avx512_vpopcntdq, avx512_vpclmulqdq, avx512_vaes, avx512_vnni, clflush, clflushopt, avx512_vbmi2, avx512_vbmi, hv, rdtscp, rdpid, fsrm, gfni, avx512_bitalg, f16c, avx512_ifma
Processor Information for the first 8 processors :
  Max Mhz: 1201, Current Mhz: 1201, Mhz Limit: 1201

Memory: 4k page, system-wide physical 32455M (9097M free)
TotalPageFile size 32455M (AvailPageFile size 272M)
current process WorkingSet (physical memory assigned to process): 1187M, peak: 1192M
current process commit charge ("private bytes"): 1234M, peak: 1332M

vm_info: OpenJDK 64-Bit Server VM (21.0.10+7-LTS) for windows-amd64 JRE (21.0.10+7-LTS), built on 2026-01-20T00:00:00Z by "admin" with MS VC++ 17.12 (VS2022)

END.
