#
# There is insufficient memory for the Java Runtime Environment to continue.
# Native memory allocation (malloc) failed to allocate 1392176 bytes. Error detail: Chunk::new
# Possible reasons:
#   The system is out of physical RAM or swap space
#   This process is running with CompressedOops enabled, and the Java Heap may be blocking the growth of the native heap
# Possible solutions:
#   Reduce memory load on the system
#   Increase physical memory or swap space
#   Check if swap backing store is full
#   Decrease Java heap size (-Xmx/-Xms)
#   Decrease number of Java threads
#   Decrease Java thread stack sizes (-Xss)
#   Set larger code cache with -XX:ReservedCodeCacheSize=
#   JVM is running with Unscaled Compressed Oops mode in which the Java heap is
#     placed in the first 4GB address space. The Java Heap base address is the
#     maximum limit for the native heap growth. Please use -XX:HeapBaseMinAddress
#     to set the Java Heap base and to place the Java Heap above 4GB virtual address.
# This output file may be truncated or incomplete.
#
#  Out of Memory Error (arena.cpp:168), pid=25284, tid=16968
#
# JRE version: OpenJDK Runtime Environment Temurin-21.0.10+7 (21.0.10+7) (build 21.0.10+7-LTS)
# Java VM: OpenJDK 64-Bit Server VM Temurin-21.0.10+7 (21.0.10+7-LTS, mixed mode, sharing, tiered, compressed oops, compressed class ptrs, g1 gc, windows-amd64)
# No core dump will be written. Minidumps are not enabled by default on client versions of Windows
#

---------------  S U M M A R Y ------------

Command Line: --add-opens=java.base/java.util=ALL-UNNAMED --add-opens=java.base/java.lang=ALL-UNNAMED --add-opens=java.base/java.lang.invoke=ALL-UNNAMED --add-opens=java.prefs/java.util.prefs=ALL-UNNAMED --add-exports=jdk.compiler/com.sun.tools.javac.api=ALL-UNNAMED --add-exports=jdk.compiler/com.sun.tools.javac.util=ALL-UNNAMED --add-opens=java.base/java.nio.charset=ALL-UNNAMED --add-opens=java.base/java.net=ALL-UNNAMED --add-opens=java.base/java.util.concurrent.atomic=ALL-UNNAMED -XX:MaxMetaspaceSize=384m -XX:+HeapDumpOnOutOfMemoryError -Xms256m -Xmx512m -Dfile.encoding=utf8 -Duser.country=US -Duser.language=en -Duser.variant -javaagent:C:\Users\notai\.gradle\wrapper\dists\gradle-8.9-bin\90cnw93cvbtalezasaz0blq0a\gradle-8.9\lib\agents\gradle-instrumentation-agent-8.9.jar org.gradle.launcher.daemon.bootstrap.GradleDaemon 8.9

Host: Intel(R) Core(TM) i5-1035G1 CPU @ 1.00GHz, 8 cores, 31G,  Windows 11 , 64 bit Build 22621 (10.0.22621.5415)
Time: Thu May  7 13:43:49 2026 W. Central Africa Standard Time elapsed time: 25.953414 seconds (0d 0h 0m 25s)

---------------  T H R E A D  ---------------

Current thread (0x0000028f7152c510):  JavaThread "C2 CompilerThread2" daemon [_thread_in_native, id=16968, stack(0x000000dc78a00000,0x000000dc78b00000) (1024K)]


Current CompileTask:
C2:25953 10843       4       org.gradle.cache.internal.btree.CachingBlockStore::read (56 bytes)

Stack: [0x000000dc78a00000,0x000000dc78b00000]
Native frames: (J=compiled Java code, j=interpreted, Vv=VM code, C=native code)
V  [jvm.dll+0x6d7a39]
V  [jvm.dll+0x8b4b26]
V  [jvm.dll+0x8b70de]
V  [jvm.dll+0x8b77c3]
V  [jvm.dll+0x284346]
V  [jvm.dll+0xc66ed]
V  [jvm.dll+0xc6c31]
V  [jvm.dll+0x3bec3b]
V  [jvm.dll+0x38b162]
V  [jvm.dll+0x38a5aa]
V  [jvm.dll+0x24c560]
V  [jvm.dll+0x24bb40]
V  [jvm.dll+0x1cb34e]
V  [jvm.dll+0x25b85d]
V  [jvm.dll+0x259dea]
V  [jvm.dll+0x3f857e]
V  [jvm.dll+0x85f59d]
V  [jvm.dll+0x6d626d]
C  [ucrtbase.dll+0x29333]
C  [KERNEL32.DLL+0x1259d]
C  [ntdll.dll+0x5af78]


---------------  P R O C E S S  ---------------

Threads class SMR info:
_java_thread_list=0x0000028f76ece0e0, length=93, elements={
0x0000028f56646120, 0x0000028f6bfa8770, 0x0000028f6bfa9690, 0x0000028f6bfaba10,
0x0000028f6bfafa30, 0x0000028f6bfb14a0, 0x0000028f6bfb2110, 0x0000028f6bfbd2c0,
0x0000028f6bfca180, 0x0000028f6c2cfeb0, 0x0000028f6c2cf190, 0x0000028f6c2ceb00,
0x0000028f71ffd870, 0x0000028f71ffc4c0, 0x0000028f71ffdf00, 0x0000028f71ffbe30,
0x0000028f72001a10, 0x0000028f72000cf0, 0x0000028f71ffec20, 0x0000028f720020a0,
0x0000028f71ffb110, 0x0000028f725ab8e0, 0x0000028f725acc90, 0x0000028f725b07a0,
0x0000028f725ad9b0, 0x0000028f725b1b50, 0x0000028f71ffcb50, 0x0000028f725ac600,
0x0000028f725ae040, 0x0000028f725ae6d0, 0x0000028f725b21e0, 0x0000028f725b14c0,
0x0000028f725af3f0, 0x0000028f725ad320, 0x0000028f725ab250, 0x0000028f725b2870,
0x0000028f725afa80, 0x0000028f71ffb7a0, 0x0000028f71fff940, 0x0000028f72000660,
0x0000028f72001380, 0x0000028f71ffaa80, 0x0000028f6c2cf820, 0x0000028f72a0ebb0,
0x0000028f72a0f8d0, 0x0000028f72a0ff60, 0x0000028f72a0e520, 0x0000028f72a09660,
0x0000028f72a0c450, 0x0000028f72a105f0, 0x0000028f72a0d800, 0x0000028f72a0f240,
0x0000028f72a0cae0, 0x0000028f72a0a380, 0x0000028f72a10c80, 0x0000028f72a0d170,
0x0000028f72a0de90, 0x0000028f72a09cf0, 0x0000028f72a0aa10, 0x0000028f72a0b0a0,
0x0000028f72a0bdc0, 0x0000028f7152e050, 0x0000028f72395860, 0x0000028f723972a0,
0x0000028f72396c10, 0x0000028f72393100, 0x0000028f72397fc0, 0x0000028f72398650,
0x0000028f723916c0, 0x0000028f72393790, 0x0000028f723944b0, 0x0000028f723923e0,
0x0000028f72398ce0, 0x0000028f72391d50, 0x0000028f72395ef0, 0x0000028f72392a70,
0x0000028f72394b40, 0x0000028f723951d0, 0x0000028f77496740, 0x0000028f77495390,
0x0000028f774932c0, 0x0000028f774904d0, 0x0000028f77491880, 0x0000028f774911f0,
0x0000028f77496dd0, 0x0000028f77491f10, 0x0000028f774925a0, 0x0000028f77495a20,
0x0000028f77493950, 0x0000028f77493fe0, 0x0000028f7748fe40, 0x0000028f77494670,
0x0000028f7152c510
}

Java Threads: ( => current thread )
  0x0000028f56646120 JavaThread "main"                              [_thread_blocked, id=17456, stack(0x000000dc71f00000,0x000000dc72000000) (1024K)]
  0x0000028f6bfa8770 JavaThread "Reference Handler"          daemon [_thread_blocked, id=24488, stack(0x000000dc72700000,0x000000dc72800000) (1024K)]
  0x0000028f6bfa9690 JavaThread "Finalizer"                  daemon [_thread_blocked, id=5496, stack(0x000000dc72800000,0x000000dc72900000) (1024K)]
  0x0000028f6bfaba10 JavaThread "Signal Dispatcher"          daemon [_thread_blocked, id=21872, stack(0x000000dc72900000,0x000000dc72a00000) (1024K)]
  0x0000028f6bfafa30 JavaThread "Attach Listener"            daemon [_thread_blocked, id=25268, stack(0x000000dc72a00000,0x000000dc72b00000) (1024K)]
  0x0000028f6bfb14a0 JavaThread "Service Thread"             daemon [_thread_blocked, id=31332, stack(0x000000dc72b00000,0x000000dc72c00000) (1024K)]
  0x0000028f6bfb2110 JavaThread "Monitor Deflation Thread"   daemon [_thread_blocked, id=30276, stack(0x000000dc72c00000,0x000000dc72d00000) (1024K)]
  0x0000028f6bfbd2c0 JavaThread "C2 CompilerThread0"         daemon [_thread_in_native, id=31748, stack(0x000000dc72d00000,0x000000dc72e00000) (1024K)]
  0x0000028f6bfca180 JavaThread "C1 CompilerThread0"         daemon [_thread_in_vm, id=33568, stack(0x000000dc72e00000,0x000000dc72f00000) (1024K)]
  0x0000028f6c2cfeb0 JavaThread "Common-Cleaner"             daemon [_thread_blocked, id=28184, stack(0x000000dc72f00000,0x000000dc73000000) (1024K)]
  0x0000028f6c2cf190 JavaThread "Notification Thread"        daemon [_thread_blocked, id=700, stack(0x000000dc73000000,0x000000dc73100000) (1024K)]
  0x0000028f6c2ceb00 JavaThread "Daemon health stats"               [_thread_blocked, id=20612, stack(0x000000dc73200000,0x000000dc73300000) (1024K)]
  0x0000028f71ffd870 JavaThread "Incoming local TCP Connector on port 61027"        [_thread_in_native, id=2220, stack(0x000000dc73100000,0x000000dc73200000) (1024K)]
  0x0000028f71ffc4c0 JavaThread "Daemon periodic checks"            [_thread_blocked, id=8248, stack(0x000000dc73800000,0x000000dc73900000) (1024K)]
  0x0000028f71ffdf00 JavaThread "Daemon"                            [_thread_blocked, id=988, stack(0x000000dc73900000,0x000000dc73a00000) (1024K)]
  0x0000028f71ffbe30 JavaThread "Daemon worker"                     [_thread_blocked, id=9532, stack(0x000000dc73c00000,0x000000dc73d00000) (1024K)]
  0x0000028f72001a10 JavaThread "Cache worker for journal cache (C:\Users\notai\.gradle\caches\journal-1)"        [_thread_blocked, id=26232, stack(0x000000dc74100000,0x000000dc74200000) (1024K)]
  0x0000028f72000cf0 JavaThread "File lock request listener"        [_thread_in_native, id=18800, stack(0x000000dc74200000,0x000000dc74300000) (1024K)]
  0x0000028f71ffec20 JavaThread "Cache worker for file hash cache (C:\Users\notai\.gradle\caches\8.9\fileHashes)"        [_thread_blocked, id=11144, stack(0x000000dc74300000,0x000000dc74400000) (1024K)]
  0x0000028f720020a0 JavaThread "File watcher server"        daemon [_thread_in_native, id=33100, stack(0x000000dc74a00000,0x000000dc74b00000) (1024K)]
  0x0000028f71ffb110 JavaThread "File watcher consumer"      daemon [_thread_blocked, id=23868, stack(0x000000dc74b00000,0x000000dc74c00000) (1024K)]
  0x0000028f725ab8e0 JavaThread "Cache worker for file content cache (C:\Users\notai\.gradle\caches\8.9\fileContent)"        [_thread_blocked, id=1192, stack(0x000000dc74c00000,0x000000dc74d00000) (1024K)]
  0x0000028f725acc90 JavaThread "jar transforms"                    [_thread_blocked, id=27916, stack(0x000000dc74f00000,0x000000dc75000000) (1024K)]
  0x0000028f725b07a0 JavaThread "jar transforms Thread 2"           [_thread_blocked, id=25992, stack(0x000000dc75000000,0x000000dc75100000) (1024K)]
  0x0000028f725ad9b0 JavaThread "jar transforms Thread 3"           [_thread_blocked, id=5148, stack(0x000000dc75100000,0x000000dc75200000) (1024K)]
  0x0000028f725b1b50 JavaThread "VFS cleanup"                       [_thread_blocked, id=22224, stack(0x000000dc73d00000,0x000000dc73e00000) (1024K)]
  0x0000028f71ffcb50 JavaThread "jar transforms Thread 4"           [_thread_blocked, id=26240, stack(0x000000dc75300000,0x000000dc75400000) (1024K)]
  0x0000028f725ac600 JavaThread "jar transforms Thread 5"           [_thread_blocked, id=16500, stack(0x000000dc75400000,0x000000dc75500000) (1024K)]
  0x0000028f725ae040 JavaThread "Handler for socket connection from /127.0.0.1:61027 to /127.0.0.1:61041"        [_thread_in_native, id=24996, stack(0x000000dc73a00000,0x000000dc73b00000) (1024K)]
  0x0000028f725ae6d0 JavaThread "Cancel handler"                    [_thread_blocked, id=22320, stack(0x000000dc73b00000,0x000000dc73c00000) (1024K)]
  0x0000028f725b21e0 JavaThread "Asynchronous log dispatcher for DefaultDaemonConnection: socket connection from /127.0.0.1:61027 to /127.0.0.1:61041"        [_thread_blocked, id=29608, stack(0x000000dc73e00000,0x000000dc73f00000) (1024K)]
  0x0000028f725b14c0 JavaThread "Stdin handler"                     [_thread_blocked, id=22888, stack(0x000000dc73f00000,0x000000dc74000000) (1024K)]
  0x0000028f725af3f0 JavaThread "Daemon client event forwarder"        [_thread_blocked, id=29220, stack(0x000000dc74000000,0x000000dc74100000) (1024K)]
  0x0000028f725ad320 JavaThread "Cache worker for file hash cache (D:\Software Projects\jagabans-rewards-app-zbaymg\node_modules\expo-modules-autolinking\android\expo-gradle-plugin\.gradle\8.9\fileHashes)"        [_thread_blocked, id=25252, stack(0x000000dc74400000,0x000000dc74500000) (1024K)]
  0x0000028f725ab250 JavaThread "Cache worker for Build Output Cleanup Cache (D:\Software Projects\jagabans-rewards-app-zbaymg\node_modules\expo-modules-autolinking\android\expo-gradle-plugin\.gradle\buildOutputCleanup)"        [_thread_blocked, id=32936, stack(0x000000dc74500000,0x000000dc74600000) (1024K)]
  0x0000028f725b2870 JavaThread "Cache worker for checksums cache (D:\Software Projects\jagabans-rewards-app-zbaymg\node_modules\expo-modules-autolinking\android\expo-gradle-plugin\.gradle\8.9\checksums)"        [_thread_blocked, id=26404, stack(0x000000dc74d00000,0x000000dc74e00000) (1024K)]
  0x0000028f725afa80 JavaThread "Cache worker for cache directory md-rule (C:\Users\notai\.gradle\caches\8.9\md-rule)"        [_thread_blocked, id=8824, stack(0x000000dc74e00000,0x000000dc74f00000) (1024K)]
  0x0000028f71ffb7a0 JavaThread "Cache worker for cache directory md-supplier (C:\Users\notai\.gradle\caches\8.9\md-supplier)"        [_thread_blocked, id=19140, stack(0x000000dc75200000,0x000000dc75300000) (1024K)]
  0x0000028f71fff940 JavaThread "Unconstrained build operations"        [_thread_blocked, id=20292, stack(0x000000dc74600000,0x000000dc74700000) (1024K)]
  0x0000028f72000660 JavaThread "Unconstrained build operations Thread 2"        [_thread_blocked, id=26520, stack(0x000000dc75500000,0x000000dc75600000) (1024K)]
  0x0000028f72001380 JavaThread "Unconstrained build operations Thread 3"        [_thread_blocked, id=7108, stack(0x000000dc75600000,0x000000dc75700000) (1024K)]
  0x0000028f71ffaa80 JavaThread "Unconstrained build operations Thread 4"        [_thread_blocked, id=28752, stack(0x000000dc75700000,0x000000dc75800000) (1024K)]
  0x0000028f6c2cf820 JavaThread "Unconstrained build operations Thread 5"        [_thread_blocked, id=25960, stack(0x000000dc75800000,0x000000dc75900000) (1024K)]
  0x0000028f72a0ebb0 JavaThread "Unconstrained build operations Thread 6"        [_thread_blocked, id=28124, stack(0x000000dc75900000,0x000000dc75a00000) (1024K)]
  0x0000028f72a0f8d0 JavaThread "Unconstrained build operations Thread 7"        [_thread_blocked, id=13440, stack(0x000000dc75a00000,0x000000dc75b00000) (1024K)]
  0x0000028f72a0ff60 JavaThread "Unconstrained build operations Thread 8"        [_thread_blocked, id=27408, stack(0x000000dc75b00000,0x000000dc75c00000) (1024K)]
  0x0000028f72a0e520 JavaThread "Unconstrained build operations Thread 9"        [_thread_blocked, id=20668, stack(0x000000dc75c00000,0x000000dc75d00000) (1024K)]
  0x0000028f72a09660 JavaThread "Unconstrained build operations Thread 10"        [_thread_blocked, id=27172, stack(0x000000dc75d00000,0x000000dc75e00000) (1024K)]
  0x0000028f72a0c450 JavaThread "Unconstrained build operations Thread 11"        [_thread_blocked, id=30320, stack(0x000000dc75e00000,0x000000dc75f00000) (1024K)]
  0x0000028f72a105f0 JavaThread "Unconstrained build operations Thread 12"        [_thread_blocked, id=24356, stack(0x000000dc75f00000,0x000000dc76000000) (1024K)]
  0x0000028f72a0d800 JavaThread "Unconstrained build operations Thread 13"        [_thread_blocked, id=14872, stack(0x000000dc76000000,0x000000dc76100000) (1024K)]
  0x0000028f72a0f240 JavaThread "Unconstrained build operations Thread 14"        [_thread_blocked, id=33216, stack(0x000000dc76100000,0x000000dc76200000) (1024K)]
  0x0000028f72a0cae0 JavaThread "Unconstrained build operations Thread 15"        [_thread_blocked, id=30772, stack(0x000000dc76200000,0x000000dc76300000) (1024K)]
  0x0000028f72a0a380 JavaThread "Unconstrained build operations Thread 16"        [_thread_blocked, id=25060, stack(0x000000dc76300000,0x000000dc76400000) (1024K)]
  0x0000028f72a10c80 JavaThread "Unconstrained build operations Thread 17"        [_thread_blocked, id=28472, stack(0x000000dc76400000,0x000000dc76500000) (1024K)]
  0x0000028f72a0d170 JavaThread "Unconstrained build operations Thread 18"        [_thread_blocked, id=17688, stack(0x000000dc76500000,0x000000dc76600000) (1024K)]
  0x0000028f72a0de90 JavaThread "Unconstrained build operations Thread 19"        [_thread_blocked, id=17756, stack(0x000000dc76600000,0x000000dc76700000) (1024K)]
  0x0000028f72a09cf0 JavaThread "Unconstrained build operations Thread 20"        [_thread_blocked, id=17296, stack(0x000000dc76700000,0x000000dc76800000) (1024K)]
  0x0000028f72a0aa10 JavaThread "Unconstrained build operations Thread 21"        [_thread_blocked, id=7288, stack(0x000000dc76800000,0x000000dc76900000) (1024K)]
  0x0000028f72a0b0a0 JavaThread "Memory manager"                    [_thread_blocked, id=7272, stack(0x000000dc76a00000,0x000000dc76b00000) (1024K)]
  0x0000028f72a0bdc0 JavaThread "build event listener"              [_thread_blocked, id=9968, stack(0x000000dc76c00000,0x000000dc76d00000) (1024K)]
  0x0000028f7152e050 JavaThread "C2 CompilerThread1"         daemon [_thread_in_native, id=16020, stack(0x000000dc76900000,0x000000dc76a00000) (1024K)]
  0x0000028f72395860 JavaThread "Unconstrained build operations Thread 22"        [_thread_blocked, id=9908, stack(0x000000dc76d00000,0x000000dc76e00000) (1024K)]
  0x0000028f723972a0 JavaThread "Unconstrained build operations Thread 23"        [_thread_blocked, id=14948, stack(0x000000dc76e00000,0x000000dc76f00000) (1024K)]
  0x0000028f72396c10 JavaThread "Unconstrained build operations Thread 24"        [_thread_blocked, id=20108, stack(0x000000dc76f00000,0x000000dc77000000) (1024K)]
  0x0000028f72393100 JavaThread "Unconstrained build operations Thread 25"        [_thread_blocked, id=31284, stack(0x000000dc77000000,0x000000dc77100000) (1024K)]
  0x0000028f72397fc0 JavaThread "Unconstrained build operations Thread 26"        [_thread_blocked, id=18460, stack(0x000000dc77100000,0x000000dc77200000) (1024K)]
  0x0000028f72398650 JavaThread "Unconstrained build operations Thread 27"        [_thread_blocked, id=26656, stack(0x000000dc77200000,0x000000dc77300000) (1024K)]
  0x0000028f723916c0 JavaThread "Unconstrained build operations Thread 28"        [_thread_blocked, id=29268, stack(0x000000dc77300000,0x000000dc77400000) (1024K)]
  0x0000028f72393790 JavaThread "Unconstrained build operations Thread 29"        [_thread_blocked, id=33128, stack(0x000000dc77400000,0x000000dc77500000) (1024K)]
  0x0000028f723944b0 JavaThread "Unconstrained build operations Thread 30"        [_thread_blocked, id=10368, stack(0x000000dc77500000,0x000000dc77600000) (1024K)]
  0x0000028f723923e0 JavaThread "Unconstrained build operations Thread 31"        [_thread_blocked, id=16420, stack(0x000000dc77600000,0x000000dc77700000) (1024K)]
  0x0000028f72398ce0 JavaThread "Unconstrained build operations Thread 32"        [_thread_blocked, id=13332, stack(0x000000dc77700000,0x000000dc77800000) (1024K)]
  0x0000028f72391d50 JavaThread "Unconstrained build operations Thread 33"        [_thread_blocked, id=18592, stack(0x000000dc77800000,0x000000dc77900000) (1024K)]
  0x0000028f72395ef0 JavaThread "Unconstrained build operations Thread 34"        [_thread_blocked, id=12300, stack(0x000000dc77900000,0x000000dc77a00000) (1024K)]
  0x0000028f72392a70 JavaThread "Unconstrained build operations Thread 35"        [_thread_blocked, id=33212, stack(0x000000dc77a00000,0x000000dc77b00000) (1024K)]
  0x0000028f72394b40 JavaThread "Unconstrained build operations Thread 36"        [_thread_blocked, id=9776, stack(0x000000dc77b00000,0x000000dc77c00000) (1024K)]
  0x0000028f723951d0 JavaThread "Unconstrained build operations Thread 37"        [_thread_blocked, id=17968, stack(0x000000dc77c00000,0x000000dc77d00000) (1024K)]
  0x0000028f77496740 JavaThread "Unconstrained build operations Thread 38"        [_thread_blocked, id=32748, stack(0x000000dc77d00000,0x000000dc77e00000) (1024K)]
  0x0000028f77495390 JavaThread "Unconstrained build operations Thread 39"        [_thread_blocked, id=11840, stack(0x000000dc77e00000,0x000000dc77f00000) (1024K)]
  0x0000028f774932c0 JavaThread "Unconstrained build operations Thread 40"        [_thread_blocked, id=10972, stack(0x000000dc77f00000,0x000000dc78000000) (1024K)]
  0x0000028f774904d0 JavaThread "Unconstrained build operations Thread 41"        [_thread_blocked, id=24992, stack(0x000000dc78000000,0x000000dc78100000) (1024K)]
  0x0000028f77491880 JavaThread "Unconstrained build operations Thread 42"        [_thread_blocked, id=17504, stack(0x000000dc78100000,0x000000dc78200000) (1024K)]
  0x0000028f774911f0 JavaThread "included builds"                   [_thread_in_native, id=17536, stack(0x000000dc78200000,0x000000dc78300000) (1024K)]
  0x0000028f77496dd0 JavaThread "Execution worker"                  [_thread_blocked, id=640, stack(0x000000dc78300000,0x000000dc78400000) (1024K)]
  0x0000028f77491f10 JavaThread "Execution worker Thread 2"         [_thread_blocked, id=2900, stack(0x000000dc78400000,0x000000dc78500000) (1024K)]
  0x0000028f774925a0 JavaThread "Execution worker Thread 3"         [_thread_blocked, id=5608, stack(0x000000dc78500000,0x000000dc78600000) (1024K)]
  0x0000028f77495a20 JavaThread "Execution worker Thread 4"         [_thread_blocked, id=23420, stack(0x000000dc78600000,0x000000dc78700000) (1024K)]
  0x0000028f77493950 JavaThread "Execution worker Thread 5"         [_thread_blocked, id=26808, stack(0x000000dc78700000,0x000000dc78800000) (1024K)]
  0x0000028f77493fe0 JavaThread "Execution worker Thread 6"         [_thread_blocked, id=26796, stack(0x000000dc78800000,0x000000dc78900000) (1024K)]
  0x0000028f7748fe40 JavaThread "Execution worker Thread 7"         [_thread_blocked, id=312, stack(0x000000dc78900000,0x000000dc78a00000) (1024K)]
  0x0000028f77494670 JavaThread "Cache worker for execution history cache (D:\Software Projects\jagabans-rewards-app-zbaymg\node_modules\expo-modules-autolinking\android\expo-gradle-plugin\.gradle\8.9\executionHistory)"        [_thread_blocked, id=29900, stack(0x000000dc76b00000,0x000000dc76c00000) (1024K)]
=>0x0000028f7152c510 JavaThread "C2 CompilerThread2"         daemon [_thread_in_native, id=16968, stack(0x000000dc78a00000,0x000000dc78b00000) (1024K)]
Total: 93

Other Threads:
  0x0000028f6bf80000 VMThread "VM Thread"                           [id=25504, stack(0x000000dc72600000,0x000000dc72700000) (1024K)]
  0x0000028f6c070bc0 WatcherThread "VM Periodic Task Thread"        [id=3240, stack(0x000000dc72500000,0x000000dc72600000) (1024K)]
  0x0000028f56671ce0 WorkerThread "GC Thread#0"                     [id=18024, stack(0x000000dc72000000,0x000000dc72100000) (1024K)]
  0x0000028f71018e30 WorkerThread "GC Thread#1"                     [id=22632, stack(0x000000dc73300000,0x000000dc73400000) (1024K)]
  0x0000028f6c5f3050 WorkerThread "GC Thread#2"                     [id=23796, stack(0x000000dc73400000,0x000000dc73500000) (1024K)]
  0x0000028f711a8f80 WorkerThread "GC Thread#3"                     [id=30168, stack(0x000000dc73500000,0x000000dc73600000) (1024K)]
  0x0000028f711a9330 WorkerThread "GC Thread#4"                     [id=13612, stack(0x000000dc73600000,0x000000dc73700000) (1024K)]
  0x0000028f6cb43fe0 WorkerThread "GC Thread#5"                     [id=8680, stack(0x000000dc73700000,0x000000dc73800000) (1024K)]
  0x0000028f7390d3b0 WorkerThread "GC Thread#6"                     [id=19752, stack(0x000000dc74700000,0x000000dc74800000) (1024K)]
  0x0000028f7390fff0 WorkerThread "GC Thread#7"                     [id=30936, stack(0x000000dc74800000,0x000000dc74900000) (1024K)]
  0x0000028f56676e80 ConcurrentGCThread "G1 Main Marker"            [id=30160, stack(0x000000dc72100000,0x000000dc72200000) (1024K)]
  0x0000028f56679140 WorkerThread "G1 Conc#0"                       [id=26092, stack(0x000000dc72200000,0x000000dc72300000) (1024K)]
  0x0000028f73910eb0 WorkerThread "G1 Conc#1"                       [id=29572, stack(0x000000dc74900000,0x000000dc74a00000) (1024K)]
  0x0000028f6bec0a90 ConcurrentGCThread "G1 Refine#0"               [id=28912, stack(0x000000dc72300000,0x000000dc72400000) (1024K)]
  0x0000028f6bec1420 ConcurrentGCThread "G1 Service"                [id=7444, stack(0x000000dc72400000,0x000000dc72500000) (1024K)]
Total: 15

Threads with active compile tasks:
C2 CompilerThread0  26030 10527 %     4       org.gradle.internal.instantiation.generator.AbstractClassGenerator::inspectType @ 107 (560 bytes)
C1 CompilerThread0  26031 11071       3       com.google.common.collect.SingletonImmutableBiMap::<init> (20 bytes)
C2 CompilerThread1  26031 10500       4       java.beans.Introspector::addMethod (241 bytes)
C2 CompilerThread2  26031 10843       4       org.gradle.cache.internal.btree.CachingBlockStore::read (56 bytes)
Total: 4

VM state: not at safepoint (normal execution)

VM Mutex/Monitor currently owned by a thread: None

Heap address: 0x00000000e0000000, size: 512 MB, Compressed Oops mode: 32-bit

CDS archive(s) mapped at: [0x0000028f00000000-0x0000028f00ba0000-0x0000028f00ba0000), size 12189696, SharedBaseAddress: 0x0000028f00000000, ArchiveRelocationMode: 1.
Compressed class space mapped at: 0x0000028f01000000-0x0000028f15000000, reserved size: 335544320
Narrow klass base: 0x0000028f00000000, Narrow klass shift: 0, Narrow klass range: 0x100000000

GC Precious Log:
 CardTable entry size: 512
 Card Set container configuration: InlinePtr #cards 5 size 8 Array Of Cards #cards 12 size 40 Howl #buckets 4 coarsen threshold 1843 Howl Bitmap #cards 512 size 80 coarsen threshold 460 Card regions per heap region 1 cards per card region 2048
 CPUs: 8 total, 8 available
 Memory: 32455M
 Large Page Support: Disabled
 NUMA Support: Disabled
 Compressed Oops: Enabled (32-bit)
 Heap Region Size: 1M
 Heap Min Capacity: 256M
 Heap Initial Capacity: 256M
 Heap Max Capacity: 512M
 Pre-touch: Disabled
 Parallel Workers: 8
 Concurrent Workers: 2
 Concurrent Refinement Workers: 8
 Periodic GC: Disabled

Heap:
 garbage-first heap   total 262144K, used 77906K [0x00000000e0000000, 0x0000000100000000)
  region size 1024K, 23 young (23552K), 20 survivors (20480K)
 Metaspace       used 78223K, committed 80384K, reserved 458752K
  class space    used 11358K, committed 12416K, reserved 327680K

Heap Regions: E=young(eden), S=young(survivor), O=old, HS=humongous(starts), HC=humongous(continues), CS=collection set, F=free, TAMS=top-at-mark-start, PB=parsable bottom
|   0|0x00000000e0000000, 0x00000000e0100000, 0x00000000e0100000|100%|HS|  |TAMS 0x00000000e0000000| PB 0x00000000e0000000| Complete 
|   1|0x00000000e0100000, 0x00000000e0200000, 0x00000000e0200000|100%|HC|  |TAMS 0x00000000e0100000| PB 0x00000000e0100000| Complete 
|   2|0x00000000e0200000, 0x00000000e0300000, 0x00000000e0300000|100%|HC|  |TAMS 0x00000000e0200000| PB 0x00000000e0200000| Complete 
|   3|0x00000000e0300000, 0x00000000e0400000, 0x00000000e0400000|100%|HC|  |TAMS 0x00000000e0300000| PB 0x00000000e0300000| Complete 
|   4|0x00000000e0400000, 0x00000000e0500000, 0x00000000e0500000|100%| O|  |TAMS 0x00000000e0400000| PB 0x00000000e0400000| Untracked 
|   5|0x00000000e0500000, 0x00000000e0600000, 0x00000000e0600000|100%| O|  |TAMS 0x00000000e0500000| PB 0x00000000e0500000| Untracked 
|   6|0x00000000e0600000, 0x00000000e0700000, 0x00000000e0700000|100%| O|  |TAMS 0x00000000e0600000| PB 0x00000000e0600000| Untracked 
|   7|0x00000000e0700000, 0x00000000e0800000, 0x00000000e0800000|100%| O|  |TAMS 0x00000000e0700000| PB 0x00000000e0700000| Untracked 
|   8|0x00000000e0800000, 0x00000000e0900000, 0x00000000e0900000|100%| O|  |TAMS 0x00000000e0800000| PB 0x00000000e0800000| Untracked 
|   9|0x00000000e0900000, 0x00000000e0a00000, 0x00000000e0a00000|100%| O|  |TAMS 0x00000000e0900000| PB 0x00000000e0900000| Untracked 
|  10|0x00000000e0a00000, 0x00000000e0b00000, 0x00000000e0b00000|100%| O|  |TAMS 0x00000000e0a00000| PB 0x00000000e0a00000| Untracked 
|  11|0x00000000e0b00000, 0x00000000e0c00000, 0x00000000e0c00000|100%|HS|  |TAMS 0x00000000e0b00000| PB 0x00000000e0b00000| Complete 
|  12|0x00000000e0c00000, 0x00000000e0d00000, 0x00000000e0d00000|100%| O|  |TAMS 0x00000000e0c00000| PB 0x00000000e0c00000| Untracked 
|  13|0x00000000e0d00000, 0x00000000e0e00000, 0x00000000e0e00000|100%| O|  |TAMS 0x00000000e0d00000| PB 0x00000000e0d00000| Untracked 
|  14|0x00000000e0e00000, 0x00000000e0f00000, 0x00000000e0f00000|100%| O|  |TAMS 0x00000000e0e00000| PB 0x00000000e0e00000| Untracked 
|  15|0x00000000e0f00000, 0x00000000e1000000, 0x00000000e1000000|100%| O|  |TAMS 0x00000000e0f00000| PB 0x00000000e0f00000| Untracked 
|  16|0x00000000e1000000, 0x00000000e1100000, 0x00000000e1100000|100%| O|  |TAMS 0x00000000e1000000| PB 0x00000000e1000000| Untracked 
|  17|0x00000000e1100000, 0x00000000e1200000, 0x00000000e1200000|100%| O|  |TAMS 0x00000000e1100000| PB 0x00000000e1100000| Untracked 
|  18|0x00000000e1200000, 0x00000000e1300000, 0x00000000e1300000|100%| O|  |TAMS 0x00000000e1200000| PB 0x00000000e1200000| Untracked 
|  19|0x00000000e1300000, 0x00000000e1400000, 0x00000000e1400000|100%| O|  |TAMS 0x00000000e1300000| PB 0x00000000e1300000| Untracked 
|  20|0x00000000e1400000, 0x00000000e1500000, 0x00000000e1500000|100%| O|  |TAMS 0x00000000e1400000| PB 0x00000000e1400000| Untracked 
|  21|0x00000000e1500000, 0x00000000e1600000, 0x00000000e1600000|100%| O|  |TAMS 0x00000000e1500000| PB 0x00000000e1500000| Untracked 
|  22|0x00000000e1600000, 0x00000000e1700000, 0x00000000e1700000|100%| O|  |TAMS 0x00000000e1600000| PB 0x00000000e1600000| Untracked 
|  23|0x00000000e1700000, 0x00000000e1700000, 0x00000000e1800000|  0%| F|  |TAMS 0x00000000e1700000| PB 0x00000000e1700000| Untracked 
|  24|0x00000000e1800000, 0x00000000e1900000, 0x00000000e1900000|100%| O|  |TAMS 0x00000000e1800000| PB 0x00000000e1800000| Untracked 
|  25|0x00000000e1900000, 0x00000000e1a00000, 0x00000000e1a00000|100%| O|  |TAMS 0x00000000e1900000| PB 0x00000000e1900000| Untracked 
|  26|0x00000000e1a00000, 0x00000000e1b00000, 0x00000000e1b00000|100%| O|  |TAMS 0x00000000e1a00000| PB 0x00000000e1a00000| Untracked 
|  27|0x00000000e1b00000, 0x00000000e1c00000, 0x00000000e1c00000|100%| O|  |TAMS 0x00000000e1b00000| PB 0x00000000e1b00000| Untracked 
|  28|0x00000000e1c00000, 0x00000000e1d00000, 0x00000000e1d00000|100%| O|  |TAMS 0x00000000e1c00000| PB 0x00000000e1c00000| Untracked 
|  29|0x00000000e1d00000, 0x00000000e1e00000, 0x00000000e1e00000|100%| O|  |TAMS 0x00000000e1d00000| PB 0x00000000e1d00000| Untracked 
|  30|0x00000000e1e00000, 0x00000000e1f00000, 0x00000000e1f00000|100%| O|  |TAMS 0x00000000e1e00000| PB 0x00000000e1e00000| Untracked 
|  31|0x00000000e1f00000, 0x00000000e2000000, 0x00000000e2000000|100%| O|  |TAMS 0x00000000e1f00000| PB 0x00000000e1f00000| Untracked 
|  32|0x00000000e2000000, 0x00000000e2100000, 0x00000000e2100000|100%| O|  |TAMS 0x00000000e2000000| PB 0x00000000e2000000| Untracked 
|  33|0x00000000e2100000, 0x00000000e2200000, 0x00000000e2200000|100%| O|  |TAMS 0x00000000e2100000| PB 0x00000000e2100000| Untracked 
|  34|0x00000000e2200000, 0x00000000e2300000, 0x00000000e2300000|100%| O|  |TAMS 0x00000000e2200000| PB 0x00000000e2200000| Untracked 
|  35|0x00000000e2300000, 0x00000000e2400000, 0x00000000e2400000|100%| O|  |TAMS 0x00000000e2300000| PB 0x00000000e2300000| Untracked 
|  36|0x00000000e2400000, 0x00000000e2500000, 0x00000000e2500000|100%| O|  |TAMS 0x00000000e2400000| PB 0x00000000e2400000| Untracked 
|  37|0x00000000e2500000, 0x00000000e2600000, 0x00000000e2600000|100%| O|  |TAMS 0x00000000e2500000| PB 0x00000000e2500000| Untracked 
|  38|0x00000000e2600000, 0x00000000e2700000, 0x00000000e2700000|100%|HS|  |TAMS 0x00000000e2600000| PB 0x00000000e2600000| Complete 
|  39|0x00000000e2700000, 0x00000000e2800000, 0x00000000e2800000|100%|HC|  |TAMS 0x00000000e2700000| PB 0x00000000e2700000| Complete 
|  40|0x00000000e2800000, 0x00000000e2900000, 0x00000000e2900000|100%|HC|  |TAMS 0x00000000e2800000| PB 0x00000000e2800000| Complete 
|  41|0x00000000e2900000, 0x00000000e2a00000, 0x00000000e2a00000|100%|HS|  |TAMS 0x00000000e2900000| PB 0x00000000e2900000| Complete 
|  42|0x00000000e2a00000, 0x00000000e2b00000, 0x00000000e2b00000|100%|HC|  |TAMS 0x00000000e2a00000| PB 0x00000000e2a00000| Complete 
|  43|0x00000000e2b00000, 0x00000000e2c00000, 0x00000000e2c00000|100%|HC|  |TAMS 0x00000000e2b00000| PB 0x00000000e2b00000| Complete 
|  44|0x00000000e2c00000, 0x00000000e2d00000, 0x00000000e2d00000|100%| O|  |TAMS 0x00000000e2c00000| PB 0x00000000e2c00000| Untracked 
|  45|0x00000000e2d00000, 0x00000000e2e00000, 0x00000000e2e00000|100%| O|  |TAMS 0x00000000e2d00000| PB 0x00000000e2d00000| Untracked 
|  46|0x00000000e2e00000, 0x00000000e2f00000, 0x00000000e2f00000|100%| O|  |TAMS 0x00000000e2e00000| PB 0x00000000e2e00000| Untracked 
|  47|0x00000000e2f00000, 0x00000000e3000000, 0x00000000e3000000|100%| O|  |TAMS 0x00000000e2f00000| PB 0x00000000e2f00000| Untracked 
|  48|0x00000000e3000000, 0x00000000e3100000, 0x00000000e3100000|100%| O|  |TAMS 0x00000000e3000000| PB 0x00000000e3000000| Untracked 
|  49|0x00000000e3100000, 0x00000000e3200000, 0x00000000e3200000|100%| O|  |TAMS 0x00000000e3100000| PB 0x00000000e3100000| Untracked 
|  50|0x00000000e3200000, 0x00000000e3300000, 0x00000000e3300000|100%| O|  |TAMS 0x00000000e3200000| PB 0x00000000e3200000| Untracked 
|  51|0x00000000e3300000, 0x00000000e3400000, 0x00000000e3400000|100%| O|  |TAMS 0x00000000e3300000| PB 0x00000000e3300000| Untracked 
|  52|0x00000000e3400000, 0x00000000e3500000, 0x00000000e3500000|100%| O|  |TAMS 0x00000000e3400000| PB 0x00000000e3400000| Untracked 
|  53|0x00000000e3500000, 0x00000000e3600000, 0x00000000e3600000|100%| O|  |TAMS 0x00000000e3500000| PB 0x00000000e3500000| Untracked 
|  54|0x00000000e3600000, 0x00000000e3700000, 0x00000000e3700000|100%| O|  |TAMS 0x00000000e3600000| PB 0x00000000e3600000| Untracked 
|  55|0x00000000e3700000, 0x00000000e37149c0, 0x00000000e3800000|  8%| O|  |TAMS 0x00000000e3700000| PB 0x00000000e3700000| Untracked 
|  56|0x00000000e3800000, 0x00000000e3800000, 0x00000000e3900000|  0%| F|  |TAMS 0x00000000e3800000| PB 0x00000000e3800000| Untracked 
|  57|0x00000000e3900000, 0x00000000e3900000, 0x00000000e3a00000|  0%| F|  |TAMS 0x00000000e3900000| PB 0x00000000e3900000| Untracked 
|  58|0x00000000e3a00000, 0x00000000e3a00000, 0x00000000e3b00000|  0%| F|  |TAMS 0x00000000e3a00000| PB 0x00000000e3a00000| Untracked 
|  59|0x00000000e3b00000, 0x00000000e3b00000, 0x00000000e3c00000|  0%| F|  |TAMS 0x00000000e3b00000| PB 0x00000000e3b00000| Untracked 
|  60|0x00000000e3c00000, 0x00000000e3c00000, 0x00000000e3d00000|  0%| F|  |TAMS 0x00000000e3c00000| PB 0x00000000e3c00000| Untracked 
|  61|0x00000000e3d00000, 0x00000000e3d00000, 0x00000000e3e00000|  0%| F|  |TAMS 0x00000000e3d00000| PB 0x00000000e3d00000| Untracked 
|  62|0x00000000e3e00000, 0x00000000e3e00000, 0x00000000e3f00000|  0%| F|  |TAMS 0x00000000e3e00000| PB 0x00000000e3e00000| Untracked 
|  63|0x00000000e3f00000, 0x00000000e3f00000, 0x00000000e4000000|  0%| F|  |TAMS 0x00000000e3f00000| PB 0x00000000e3f00000| Untracked 
|  64|0x00000000e4000000, 0x00000000e4000000, 0x00000000e4100000|  0%| F|  |TAMS 0x00000000e4000000| PB 0x00000000e4000000| Untracked 
|  65|0x00000000e4100000, 0x00000000e4100000, 0x00000000e4200000|  0%| F|  |TAMS 0x00000000e4100000| PB 0x00000000e4100000| Untracked 
|  66|0x00000000e4200000, 0x00000000e4200000, 0x00000000e4300000|  0%| F|  |TAMS 0x00000000e4200000| PB 0x00000000e4200000| Untracked 
|  67|0x00000000e4300000, 0x00000000e4300000, 0x00000000e4400000|  0%| F|  |TAMS 0x00000000e4300000| PB 0x00000000e4300000| Untracked 
|  68|0x00000000e4400000, 0x00000000e4400000, 0x00000000e4500000|  0%| F|  |TAMS 0x00000000e4400000| PB 0x00000000e4400000| Untracked 
|  69|0x00000000e4500000, 0x00000000e4500000, 0x00000000e4600000|  0%| F|  |TAMS 0x00000000e4500000| PB 0x00000000e4500000| Untracked 
|  70|0x00000000e4600000, 0x00000000e4600000, 0x00000000e4700000|  0%| F|  |TAMS 0x00000000e4600000| PB 0x00000000e4600000| Untracked 
|  71|0x00000000e4700000, 0x00000000e4700000, 0x00000000e4800000|  0%| F|  |TAMS 0x00000000e4700000| PB 0x00000000e4700000| Untracked 
|  72|0x00000000e4800000, 0x00000000e4800000, 0x00000000e4900000|  0%| F|  |TAMS 0x00000000e4800000| PB 0x00000000e4800000| Untracked 
|  73|0x00000000e4900000, 0x00000000e4900000, 0x00000000e4a00000|  0%| F|  |TAMS 0x00000000e4900000| PB 0x00000000e4900000| Untracked 
|  74|0x00000000e4a00000, 0x00000000e4a00000, 0x00000000e4b00000|  0%| F|  |TAMS 0x00000000e4a00000| PB 0x00000000e4a00000| Untracked 
|  75|0x00000000e4b00000, 0x00000000e4b00000, 0x00000000e4c00000|  0%| F|  |TAMS 0x00000000e4b00000| PB 0x00000000e4b00000| Untracked 
|  76|0x00000000e4c00000, 0x00000000e4c00000, 0x00000000e4d00000|  0%| F|  |TAMS 0x00000000e4c00000| PB 0x00000000e4c00000| Untracked 
|  77|0x00000000e4d00000, 0x00000000e4d00000, 0x00000000e4e00000|  0%| F|  |TAMS 0x00000000e4d00000| PB 0x00000000e4d00000| Untracked 
|  78|0x00000000e4e00000, 0x00000000e4e00000, 0x00000000e4f00000|  0%| F|  |TAMS 0x00000000e4e00000| PB 0x00000000e4e00000| Untracked 
|  79|0x00000000e4f00000, 0x00000000e4f00000, 0x00000000e5000000|  0%| F|  |TAMS 0x00000000e4f00000| PB 0x00000000e4f00000| Untracked 
|  80|0x00000000e5000000, 0x00000000e5000000, 0x00000000e5100000|  0%| F|  |TAMS 0x00000000e5000000| PB 0x00000000e5000000| Untracked 
|  81|0x00000000e5100000, 0x00000000e5100000, 0x00000000e5200000|  0%| F|  |TAMS 0x00000000e5100000| PB 0x00000000e5100000| Untracked 
|  82|0x00000000e5200000, 0x00000000e5200000, 0x00000000e5300000|  0%| F|  |TAMS 0x00000000e5200000| PB 0x00000000e5200000| Untracked 
|  83|0x00000000e5300000, 0x00000000e5300000, 0x00000000e5400000|  0%| F|  |TAMS 0x00000000e5300000| PB 0x00000000e5300000| Untracked 
|  84|0x00000000e5400000, 0x00000000e5400000, 0x00000000e5500000|  0%| F|  |TAMS 0x00000000e5400000| PB 0x00000000e5400000| Untracked 
|  85|0x00000000e5500000, 0x00000000e5500000, 0x00000000e5600000|  0%| F|  |TAMS 0x00000000e5500000| PB 0x00000000e5500000| Untracked 
|  86|0x00000000e5600000, 0x00000000e5600000, 0x00000000e5700000|  0%| F|  |TAMS 0x00000000e5600000| PB 0x00000000e5600000| Untracked 
|  87|0x00000000e5700000, 0x00000000e5700000, 0x00000000e5800000|  0%| F|  |TAMS 0x00000000e5700000| PB 0x00000000e5700000| Untracked 
|  88|0x00000000e5800000, 0x00000000e5800000, 0x00000000e5900000|  0%| F|  |TAMS 0x00000000e5800000| PB 0x00000000e5800000| Untracked 
|  89|0x00000000e5900000, 0x00000000e5900000, 0x00000000e5a00000|  0%| F|  |TAMS 0x00000000e5900000| PB 0x00000000e5900000| Untracked 
|  90|0x00000000e5a00000, 0x00000000e5a00000, 0x00000000e5b00000|  0%| F|  |TAMS 0x00000000e5a00000| PB 0x00000000e5a00000| Untracked 
|  91|0x00000000e5b00000, 0x00000000e5b00000, 0x00000000e5c00000|  0%| F|  |TAMS 0x00000000e5b00000| PB 0x00000000e5b00000| Untracked 
|  92|0x00000000e5c00000, 0x00000000e5c00000, 0x00000000e5d00000|  0%| F|  |TAMS 0x00000000e5c00000| PB 0x00000000e5c00000| Untracked 
|  93|0x00000000e5d00000, 0x00000000e5d00000, 0x00000000e5e00000|  0%| F|  |TAMS 0x00000000e5d00000| PB 0x00000000e5d00000| Untracked 
|  94|0x00000000e5e00000, 0x00000000e5e00000, 0x00000000e5f00000|  0%| F|  |TAMS 0x00000000e5e00000| PB 0x00000000e5e00000| Untracked 
|  95|0x00000000e5f00000, 0x00000000e5f00000, 0x00000000e6000000|  0%| F|  |TAMS 0x00000000e5f00000| PB 0x00000000e5f00000| Untracked 
|  96|0x00000000e6000000, 0x00000000e6000000, 0x00000000e6100000|  0%| F|  |TAMS 0x00000000e6000000| PB 0x00000000e6000000| Untracked 
|  97|0x00000000e6100000, 0x00000000e6100000, 0x00000000e6200000|  0%| F|  |TAMS 0x00000000e6100000| PB 0x00000000e6100000| Untracked 
|  98|0x00000000e6200000, 0x00000000e6200000, 0x00000000e6300000|  0%| F|  |TAMS 0x00000000e6200000| PB 0x00000000e6200000| Untracked 
|  99|0x00000000e6300000, 0x00000000e6300000, 0x00000000e6400000|  0%| F|  |TAMS 0x00000000e6300000| PB 0x00000000e6300000| Untracked 
| 100|0x00000000e6400000, 0x00000000e6400000, 0x00000000e6500000|  0%| F|  |TAMS 0x00000000e6400000| PB 0x00000000e6400000| Untracked 
| 101|0x00000000e6500000, 0x00000000e6500000, 0x00000000e6600000|  0%| F|  |TAMS 0x00000000e6500000| PB 0x00000000e6500000| Untracked 
| 102|0x00000000e6600000, 0x00000000e6600000, 0x00000000e6700000|  0%| F|  |TAMS 0x00000000e6600000| PB 0x00000000e6600000| Untracked 
| 103|0x00000000e6700000, 0x00000000e6800000, 0x00000000e6800000|100%| S|CS|TAMS 0x00000000e6700000| PB 0x00000000e6700000| Complete 
| 104|0x00000000e6800000, 0x00000000e6900000, 0x00000000e6900000|100%| S|CS|TAMS 0x00000000e6800000| PB 0x00000000e6800000| Complete 
| 105|0x00000000e6900000, 0x00000000e6a00000, 0x00000000e6a00000|100%| S|CS|TAMS 0x00000000e6900000| PB 0x00000000e6900000| Complete 
| 106|0x00000000e6a00000, 0x00000000e6b00000, 0x00000000e6b00000|100%| S|CS|TAMS 0x00000000e6a00000| PB 0x00000000e6a00000| Complete 
| 107|0x00000000e6b00000, 0x00000000e6c00000, 0x00000000e6c00000|100%| S|CS|TAMS 0x00000000e6b00000| PB 0x00000000e6b00000| Complete 
| 108|0x00000000e6c00000, 0x00000000e6d00000, 0x00000000e6d00000|100%| S|CS|TAMS 0x00000000e6c00000| PB 0x00000000e6c00000| Complete 
| 109|0x00000000e6d00000, 0x00000000e6e00000, 0x00000000e6e00000|100%| S|CS|TAMS 0x00000000e6d00000| PB 0x00000000e6d00000| Complete 
| 110|0x00000000e6e00000, 0x00000000e6f00000, 0x00000000e6f00000|100%| S|CS|TAMS 0x00000000e6e00000| PB 0x00000000e6e00000| Complete 
| 111|0x00000000e6f00000, 0x00000000e7000000, 0x00000000e7000000|100%| S|CS|TAMS 0x00000000e6f00000| PB 0x00000000e6f00000| Complete 
| 112|0x00000000e7000000, 0x00000000e7100000, 0x00000000e7100000|100%| S|CS|TAMS 0x00000000e7000000| PB 0x00000000e7000000| Complete 
| 113|0x00000000e7100000, 0x00000000e7200000, 0x00000000e7200000|100%| S|CS|TAMS 0x00000000e7100000| PB 0x00000000e7100000| Complete 
| 114|0x00000000e7200000, 0x00000000e7300000, 0x00000000e7300000|100%| S|CS|TAMS 0x00000000e7200000| PB 0x00000000e7200000| Complete 
| 115|0x00000000e7300000, 0x00000000e7400000, 0x00000000e7400000|100%| S|CS|TAMS 0x00000000e7300000| PB 0x00000000e7300000| Complete 
| 116|0x00000000e7400000, 0x00000000e7500000, 0x00000000e7500000|100%| S|CS|TAMS 0x00000000e7400000| PB 0x00000000e7400000| Complete 
| 117|0x00000000e7500000, 0x00000000e7600000, 0x00000000e7600000|100%| S|CS|TAMS 0x00000000e7500000| PB 0x00000000e7500000| Complete 
| 118|0x00000000e7600000, 0x00000000e7700000, 0x00000000e7700000|100%| S|CS|TAMS 0x00000000e7600000| PB 0x00000000e7600000| Complete 
| 119|0x00000000e7700000, 0x00000000e7800000, 0x00000000e7800000|100%| S|CS|TAMS 0x00000000e7700000| PB 0x00000000e7700000| Complete 
| 120|0x00000000e7800000, 0x00000000e7900000, 0x00000000e7900000|100%| S|CS|TAMS 0x00000000e7800000| PB 0x00000000e7800000| Complete 
| 121|0x00000000e7900000, 0x00000000e7a00000, 0x00000000e7a00000|100%| S|CS|TAMS 0x00000000e7900000| PB 0x00000000e7900000| Complete 
| 122|0x00000000e7a00000, 0x00000000e7b00000, 0x00000000e7b00000|100%| S|CS|TAMS 0x00000000e7a00000| PB 0x00000000e7a00000| Complete 
| 123|0x00000000e7b00000, 0x00000000e7b00000, 0x00000000e7c00000|  0%| F|  |TAMS 0x00000000e7b00000| PB 0x00000000e7b00000| Untracked 
| 124|0x00000000e7c00000, 0x00000000e7c00000, 0x00000000e7d00000|  0%| F|  |TAMS 0x00000000e7c00000| PB 0x00000000e7c00000| Untracked 
| 125|0x00000000e7d00000, 0x00000000e7d00000, 0x00000000e7e00000|  0%| F|  |TAMS 0x00000000e7d00000| PB 0x00000000e7d00000| Untracked 
| 126|0x00000000e7e00000, 0x00000000e7e00000, 0x00000000e7f00000|  0%| F|  |TAMS 0x00000000e7e00000| PB 0x00000000e7e00000| Untracked 
| 127|0x00000000e7f00000, 0x00000000e7f00000, 0x00000000e8000000|  0%| F|  |TAMS 0x00000000e7f00000| PB 0x00000000e7f00000| Untracked 
| 128|0x00000000e8000000, 0x00000000e8000000, 0x00000000e8100000|  0%| F|  |TAMS 0x00000000e8000000| PB 0x00000000e8000000| Untracked 
| 129|0x00000000e8100000, 0x00000000e8100000, 0x00000000e8200000|  0%| F|  |TAMS 0x00000000e8100000| PB 0x00000000e8100000| Untracked 
| 130|0x00000000e8200000, 0x00000000e8200000, 0x00000000e8300000|  0%| F|  |TAMS 0x00000000e8200000| PB 0x00000000e8200000| Untracked 
| 131|0x00000000e8300000, 0x00000000e8300000, 0x00000000e8400000|  0%| F|  |TAMS 0x00000000e8300000| PB 0x00000000e8300000| Untracked 
| 132|0x00000000e8400000, 0x00000000e8400000, 0x00000000e8500000|  0%| F|  |TAMS 0x00000000e8400000| PB 0x00000000e8400000| Untracked 
| 133|0x00000000e8500000, 0x00000000e8500000, 0x00000000e8600000|  0%| F|  |TAMS 0x00000000e8500000| PB 0x00000000e8500000| Untracked 
| 134|0x00000000e8600000, 0x00000000e8600000, 0x00000000e8700000|  0%| F|  |TAMS 0x00000000e8600000| PB 0x00000000e8600000| Untracked 
| 135|0x00000000e8700000, 0x00000000e8700000, 0x00000000e8800000|  0%| F|  |TAMS 0x00000000e8700000| PB 0x00000000e8700000| Untracked 
| 136|0x00000000e8800000, 0x00000000e8800000, 0x00000000e8900000|  0%| F|  |TAMS 0x00000000e8800000| PB 0x00000000e8800000| Untracked 
| 137|0x00000000e8900000, 0x00000000e8900000, 0x00000000e8a00000|  0%| F|  |TAMS 0x00000000e8900000| PB 0x00000000e8900000| Untracked 
| 138|0x00000000e8a00000, 0x00000000e8a00000, 0x00000000e8b00000|  0%| F|  |TAMS 0x00000000e8a00000| PB 0x00000000e8a00000| Untracked 
| 139|0x00000000e8b00000, 0x00000000e8b00000, 0x00000000e8c00000|  0%| F|  |TAMS 0x00000000e8b00000| PB 0x00000000e8b00000| Untracked 
| 140|0x00000000e8c00000, 0x00000000e8c00000, 0x00000000e8d00000|  0%| F|  |TAMS 0x00000000e8c00000| PB 0x00000000e8c00000| Untracked 
| 141|0x00000000e8d00000, 0x00000000e8d00000, 0x00000000e8e00000|  0%| F|  |TAMS 0x00000000e8d00000| PB 0x00000000e8d00000| Untracked 
| 142|0x00000000e8e00000, 0x00000000e8e00000, 0x00000000e8f00000|  0%| F|  |TAMS 0x00000000e8e00000| PB 0x00000000e8e00000| Untracked 
| 143|0x00000000e8f00000, 0x00000000e8f00000, 0x00000000e9000000|  0%| F|  |TAMS 0x00000000e8f00000| PB 0x00000000e8f00000| Untracked 
| 144|0x00000000e9000000, 0x00000000e9000000, 0x00000000e9100000|  0%| F|  |TAMS 0x00000000e9000000| PB 0x00000000e9000000| Untracked 
| 145|0x00000000e9100000, 0x00000000e9100000, 0x00000000e9200000|  0%| F|  |TAMS 0x00000000e9100000| PB 0x00000000e9100000| Untracked 
| 146|0x00000000e9200000, 0x00000000e9200000, 0x00000000e9300000|  0%| F|  |TAMS 0x00000000e9200000| PB 0x00000000e9200000| Untracked 
| 147|0x00000000e9300000, 0x00000000e9300000, 0x00000000e9400000|  0%| F|  |TAMS 0x00000000e9300000| PB 0x00000000e9300000| Untracked 
| 148|0x00000000e9400000, 0x00000000e9400000, 0x00000000e9500000|  0%| F|  |TAMS 0x00000000e9400000| PB 0x00000000e9400000| Untracked 
| 149|0x00000000e9500000, 0x00000000e9500000, 0x00000000e9600000|  0%| F|  |TAMS 0x00000000e9500000| PB 0x00000000e9500000| Untracked 
| 150|0x00000000e9600000, 0x00000000e9600000, 0x00000000e9700000|  0%| F|  |TAMS 0x00000000e9600000| PB 0x00000000e9600000| Untracked 
| 151|0x00000000e9700000, 0x00000000e9700000, 0x00000000e9800000|  0%| F|  |TAMS 0x00000000e9700000| PB 0x00000000e9700000| Untracked 
| 152|0x00000000e9800000, 0x00000000e9800000, 0x00000000e9900000|  0%| F|  |TAMS 0x00000000e9800000| PB 0x00000000e9800000| Untracked 
| 153|0x00000000e9900000, 0x00000000e9900000, 0x00000000e9a00000|  0%| F|  |TAMS 0x00000000e9900000| PB 0x00000000e9900000| Untracked 
| 154|0x00000000e9a00000, 0x00000000e9a00000, 0x00000000e9b00000|  0%| F|  |TAMS 0x00000000e9a00000| PB 0x00000000e9a00000| Untracked 
| 155|0x00000000e9b00000, 0x00000000e9b00000, 0x00000000e9c00000|  0%| F|  |TAMS 0x00000000e9b00000| PB 0x00000000e9b00000| Untracked 
| 156|0x00000000e9c00000, 0x00000000e9c00000, 0x00000000e9d00000|  0%| F|  |TAMS 0x00000000e9c00000| PB 0x00000000e9c00000| Untracked 
| 157|0x00000000e9d00000, 0x00000000e9d00000, 0x00000000e9e00000|  0%| F|  |TAMS 0x00000000e9d00000| PB 0x00000000e9d00000| Untracked 
| 158|0x00000000e9e00000, 0x00000000e9e00000, 0x00000000e9f00000|  0%| F|  |TAMS 0x00000000e9e00000| PB 0x00000000e9e00000| Untracked 
| 159|0x00000000e9f00000, 0x00000000e9f00000, 0x00000000ea000000|  0%| F|  |TAMS 0x00000000e9f00000| PB 0x00000000e9f00000| Untracked 
| 160|0x00000000ea000000, 0x00000000ea000000, 0x00000000ea100000|  0%| F|  |TAMS 0x00000000ea000000| PB 0x00000000ea000000| Untracked 
| 161|0x00000000ea100000, 0x00000000ea100000, 0x00000000ea200000|  0%| F|  |TAMS 0x00000000ea100000| PB 0x00000000ea100000| Untracked 
| 162|0x00000000ea200000, 0x00000000ea200000, 0x00000000ea300000|  0%| F|  |TAMS 0x00000000ea200000| PB 0x00000000ea200000| Untracked 
| 163|0x00000000ea300000, 0x00000000ea300000, 0x00000000ea400000|  0%| F|  |TAMS 0x00000000ea300000| PB 0x00000000ea300000| Untracked 
| 164|0x00000000ea400000, 0x00000000ea400000, 0x00000000ea500000|  0%| F|  |TAMS 0x00000000ea400000| PB 0x00000000ea400000| Untracked 
| 165|0x00000000ea500000, 0x00000000ea500000, 0x00000000ea600000|  0%| F|  |TAMS 0x00000000ea500000| PB 0x00000000ea500000| Untracked 
| 166|0x00000000ea600000, 0x00000000ea600000, 0x00000000ea700000|  0%| F|  |TAMS 0x00000000ea600000| PB 0x00000000ea600000| Untracked 
| 167|0x00000000ea700000, 0x00000000ea700000, 0x00000000ea800000|  0%| F|  |TAMS 0x00000000ea700000| PB 0x00000000ea700000| Untracked 
| 168|0x00000000ea800000, 0x00000000ea800000, 0x00000000ea900000|  0%| F|  |TAMS 0x00000000ea800000| PB 0x00000000ea800000| Untracked 
| 169|0x00000000ea900000, 0x00000000ea900000, 0x00000000eaa00000|  0%| F|  |TAMS 0x00000000ea900000| PB 0x00000000ea900000| Untracked 
| 170|0x00000000eaa00000, 0x00000000eaa00000, 0x00000000eab00000|  0%| F|  |TAMS 0x00000000eaa00000| PB 0x00000000eaa00000| Untracked 
| 171|0x00000000eab00000, 0x00000000eab00000, 0x00000000eac00000|  0%| F|  |TAMS 0x00000000eab00000| PB 0x00000000eab00000| Untracked 
| 172|0x00000000eac00000, 0x00000000eac00000, 0x00000000ead00000|  0%| F|  |TAMS 0x00000000eac00000| PB 0x00000000eac00000| Untracked 
| 173|0x00000000ead00000, 0x00000000ead00000, 0x00000000eae00000|  0%| F|  |TAMS 0x00000000ead00000| PB 0x00000000ead00000| Untracked 
| 174|0x00000000eae00000, 0x00000000eae00000, 0x00000000eaf00000|  0%| F|  |TAMS 0x00000000eae00000| PB 0x00000000eae00000| Untracked 
| 175|0x00000000eaf00000, 0x00000000eaf00000, 0x00000000eb000000|  0%| F|  |TAMS 0x00000000eaf00000| PB 0x00000000eaf00000| Untracked 
| 176|0x00000000eb000000, 0x00000000eb000000, 0x00000000eb100000|  0%| F|  |TAMS 0x00000000eb000000| PB 0x00000000eb000000| Untracked 
| 177|0x00000000eb100000, 0x00000000eb100000, 0x00000000eb200000|  0%| F|  |TAMS 0x00000000eb100000| PB 0x00000000eb100000| Untracked 
| 178|0x00000000eb200000, 0x00000000eb200000, 0x00000000eb300000|  0%| F|  |TAMS 0x00000000eb200000| PB 0x00000000eb200000| Untracked 
| 179|0x00000000eb300000, 0x00000000eb300000, 0x00000000eb400000|  0%| F|  |TAMS 0x00000000eb300000| PB 0x00000000eb300000| Untracked 
| 180|0x00000000eb400000, 0x00000000eb400000, 0x00000000eb500000|  0%| F|  |TAMS 0x00000000eb400000| PB 0x00000000eb400000| Untracked 
| 181|0x00000000eb500000, 0x00000000eb500000, 0x00000000eb600000|  0%| F|  |TAMS 0x00000000eb500000| PB 0x00000000eb500000| Untracked 
| 182|0x00000000eb600000, 0x00000000eb600000, 0x00000000eb700000|  0%| F|  |TAMS 0x00000000eb600000| PB 0x00000000eb600000| Untracked 
| 183|0x00000000eb700000, 0x00000000eb700000, 0x00000000eb800000|  0%| F|  |TAMS 0x00000000eb700000| PB 0x00000000eb700000| Untracked 
| 184|0x00000000eb800000, 0x00000000eb800000, 0x00000000eb900000|  0%| F|  |TAMS 0x00000000eb800000| PB 0x00000000eb800000| Untracked 
| 185|0x00000000eb900000, 0x00000000eb900000, 0x00000000eba00000|  0%| F|  |TAMS 0x00000000eb900000| PB 0x00000000eb900000| Untracked 
| 186|0x00000000eba00000, 0x00000000eba00000, 0x00000000ebb00000|  0%| F|  |TAMS 0x00000000eba00000| PB 0x00000000eba00000| Untracked 
| 187|0x00000000ebb00000, 0x00000000ebb00000, 0x00000000ebc00000|  0%| F|  |TAMS 0x00000000ebb00000| PB 0x00000000ebb00000| Untracked 
| 188|0x00000000ebc00000, 0x00000000ebc00000, 0x00000000ebd00000|  0%| F|  |TAMS 0x00000000ebc00000| PB 0x00000000ebc00000| Untracked 
| 189|0x00000000ebd00000, 0x00000000ebd00000, 0x00000000ebe00000|  0%| F|  |TAMS 0x00000000ebd00000| PB 0x00000000ebd00000| Untracked 
| 190|0x00000000ebe00000, 0x00000000ebe00000, 0x00000000ebf00000|  0%| F|  |TAMS 0x00000000ebe00000| PB 0x00000000ebe00000| Untracked 
| 191|0x00000000ebf00000, 0x00000000ebf00000, 0x00000000ec000000|  0%| F|  |TAMS 0x00000000ebf00000| PB 0x00000000ebf00000| Untracked 
| 192|0x00000000ec000000, 0x00000000ec000000, 0x00000000ec100000|  0%| F|  |TAMS 0x00000000ec000000| PB 0x00000000ec000000| Untracked 
| 193|0x00000000ec100000, 0x00000000ec100000, 0x00000000ec200000|  0%| F|  |TAMS 0x00000000ec100000| PB 0x00000000ec100000| Untracked 
| 194|0x00000000ec200000, 0x00000000ec200000, 0x00000000ec300000|  0%| F|  |TAMS 0x00000000ec200000| PB 0x00000000ec200000| Untracked 
| 195|0x00000000ec300000, 0x00000000ec300000, 0x00000000ec400000|  0%| F|  |TAMS 0x00000000ec300000| PB 0x00000000ec300000| Untracked 
| 196|0x00000000ec400000, 0x00000000ec400000, 0x00000000ec500000|  0%| F|  |TAMS 0x00000000ec400000| PB 0x00000000ec400000| Untracked 
| 197|0x00000000ec500000, 0x00000000ec500000, 0x00000000ec600000|  0%| F|  |TAMS 0x00000000ec500000| PB 0x00000000ec500000| Untracked 
| 198|0x00000000ec600000, 0x00000000ec600000, 0x00000000ec700000|  0%| F|  |TAMS 0x00000000ec600000| PB 0x00000000ec600000| Untracked 
| 199|0x00000000ec700000, 0x00000000ec700000, 0x00000000ec800000|  0%| F|  |TAMS 0x00000000ec700000| PB 0x00000000ec700000| Untracked 
| 200|0x00000000ec800000, 0x00000000ec800000, 0x00000000ec900000|  0%| F|  |TAMS 0x00000000ec800000| PB 0x00000000ec800000| Untracked 
| 201|0x00000000ec900000, 0x00000000ec900000, 0x00000000eca00000|  0%| F|  |TAMS 0x00000000ec900000| PB 0x00000000ec900000| Untracked 
| 202|0x00000000eca00000, 0x00000000eca00000, 0x00000000ecb00000|  0%| F|  |TAMS 0x00000000eca00000| PB 0x00000000eca00000| Untracked 
| 203|0x00000000ecb00000, 0x00000000ecb00000, 0x00000000ecc00000|  0%| F|  |TAMS 0x00000000ecb00000| PB 0x00000000ecb00000| Untracked 
| 204|0x00000000ecc00000, 0x00000000ecc00000, 0x00000000ecd00000|  0%| F|  |TAMS 0x00000000ecc00000| PB 0x00000000ecc00000| Untracked 
| 205|0x00000000ecd00000, 0x00000000ecd00000, 0x00000000ece00000|  0%| F|  |TAMS 0x00000000ecd00000| PB 0x00000000ecd00000| Untracked 
| 206|0x00000000ece00000, 0x00000000ece00000, 0x00000000ecf00000|  0%| F|  |TAMS 0x00000000ece00000| PB 0x00000000ece00000| Untracked 
| 207|0x00000000ecf00000, 0x00000000ecf00000, 0x00000000ed000000|  0%| F|  |TAMS 0x00000000ecf00000| PB 0x00000000ecf00000| Untracked 
| 208|0x00000000ed000000, 0x00000000ed000000, 0x00000000ed100000|  0%| F|  |TAMS 0x00000000ed000000| PB 0x00000000ed000000| Untracked 
| 209|0x00000000ed100000, 0x00000000ed100000, 0x00000000ed200000|  0%| F|  |TAMS 0x00000000ed100000| PB 0x00000000ed100000| Untracked 
| 210|0x00000000ed200000, 0x00000000ed200000, 0x00000000ed300000|  0%| F|  |TAMS 0x00000000ed200000| PB 0x00000000ed200000| Untracked 
| 211|0x00000000ed300000, 0x00000000ed300000, 0x00000000ed400000|  0%| F|  |TAMS 0x00000000ed300000| PB 0x00000000ed300000| Untracked 
| 212|0x00000000ed400000, 0x00000000ed400000, 0x00000000ed500000|  0%| F|  |TAMS 0x00000000ed400000| PB 0x00000000ed400000| Untracked 
| 213|0x00000000ed500000, 0x00000000ed500000, 0x00000000ed600000|  0%| F|  |TAMS 0x00000000ed500000| PB 0x00000000ed500000| Untracked 
| 214|0x00000000ed600000, 0x00000000ed600000, 0x00000000ed700000|  0%| F|  |TAMS 0x00000000ed600000| PB 0x00000000ed600000| Untracked 
| 215|0x00000000ed700000, 0x00000000ed700000, 0x00000000ed800000|  0%| F|  |TAMS 0x00000000ed700000| PB 0x00000000ed700000| Untracked 
| 216|0x00000000ed800000, 0x00000000ed800000, 0x00000000ed900000|  0%| F|  |TAMS 0x00000000ed800000| PB 0x00000000ed800000| Untracked 
| 217|0x00000000ed900000, 0x00000000ed900000, 0x00000000eda00000|  0%| F|  |TAMS 0x00000000ed900000| PB 0x00000000ed900000| Untracked 
| 218|0x00000000eda00000, 0x00000000eda00000, 0x00000000edb00000|  0%| F|  |TAMS 0x00000000eda00000| PB 0x00000000eda00000| Untracked 
| 219|0x00000000edb00000, 0x00000000edb00000, 0x00000000edc00000|  0%| F|  |TAMS 0x00000000edb00000| PB 0x00000000edb00000| Untracked 
| 220|0x00000000edc00000, 0x00000000edc00000, 0x00000000edd00000|  0%| F|  |TAMS 0x00000000edc00000| PB 0x00000000edc00000| Untracked 
| 221|0x00000000edd00000, 0x00000000edd00000, 0x00000000ede00000|  0%| F|  |TAMS 0x00000000edd00000| PB 0x00000000edd00000| Untracked 
| 222|0x00000000ede00000, 0x00000000ede00000, 0x00000000edf00000|  0%| F|  |TAMS 0x00000000ede00000| PB 0x00000000ede00000| Untracked 
| 223|0x00000000edf00000, 0x00000000edf00000, 0x00000000ee000000|  0%| F|  |TAMS 0x00000000edf00000| PB 0x00000000edf00000| Untracked 
| 224|0x00000000ee000000, 0x00000000ee000000, 0x00000000ee100000|  0%| F|  |TAMS 0x00000000ee000000| PB 0x00000000ee000000| Untracked 
| 225|0x00000000ee100000, 0x00000000ee100000, 0x00000000ee200000|  0%| F|  |TAMS 0x00000000ee100000| PB 0x00000000ee100000| Untracked 
| 226|0x00000000ee200000, 0x00000000ee200000, 0x00000000ee300000|  0%| F|  |TAMS 0x00000000ee200000| PB 0x00000000ee200000| Untracked 
| 227|0x00000000ee300000, 0x00000000ee300000, 0x00000000ee400000|  0%| F|  |TAMS 0x00000000ee300000| PB 0x00000000ee300000| Untracked 
| 228|0x00000000ee400000, 0x00000000ee400000, 0x00000000ee500000|  0%| F|  |TAMS 0x00000000ee400000| PB 0x00000000ee400000| Untracked 
| 229|0x00000000ee500000, 0x00000000ee500000, 0x00000000ee600000|  0%| F|  |TAMS 0x00000000ee500000| PB 0x00000000ee500000| Untracked 
| 230|0x00000000ee600000, 0x00000000ee600000, 0x00000000ee700000|  0%| F|  |TAMS 0x00000000ee600000| PB 0x00000000ee600000| Untracked 
| 231|0x00000000ee700000, 0x00000000ee700000, 0x00000000ee800000|  0%| F|  |TAMS 0x00000000ee700000| PB 0x00000000ee700000| Untracked 
| 232|0x00000000ee800000, 0x00000000ee800000, 0x00000000ee900000|  0%| F|  |TAMS 0x00000000ee800000| PB 0x00000000ee800000| Untracked 
| 233|0x00000000ee900000, 0x00000000ee900000, 0x00000000eea00000|  0%| F|  |TAMS 0x00000000ee900000| PB 0x00000000ee900000| Untracked 
| 234|0x00000000eea00000, 0x00000000eea00000, 0x00000000eeb00000|  0%| F|  |TAMS 0x00000000eea00000| PB 0x00000000eea00000| Untracked 
| 235|0x00000000eeb00000, 0x00000000eeb00000, 0x00000000eec00000|  0%| F|  |TAMS 0x00000000eeb00000| PB 0x00000000eeb00000| Untracked 
| 236|0x00000000eec00000, 0x00000000eec00000, 0x00000000eed00000|  0%| F|  |TAMS 0x00000000eec00000| PB 0x00000000eec00000| Untracked 
| 237|0x00000000eed00000, 0x00000000eed00000, 0x00000000eee00000|  0%| F|  |TAMS 0x00000000eed00000| PB 0x00000000eed00000| Untracked 
| 238|0x00000000eee00000, 0x00000000eee00000, 0x00000000eef00000|  0%| F|  |TAMS 0x00000000eee00000| PB 0x00000000eee00000| Untracked 
| 239|0x00000000eef00000, 0x00000000eef00000, 0x00000000ef000000|  0%| F|  |TAMS 0x00000000eef00000| PB 0x00000000eef00000| Untracked 
| 240|0x00000000ef000000, 0x00000000ef000000, 0x00000000ef100000|  0%| F|  |TAMS 0x00000000ef000000| PB 0x00000000ef000000| Untracked 
| 241|0x00000000ef100000, 0x00000000ef100000, 0x00000000ef200000|  0%| F|  |TAMS 0x00000000ef100000| PB 0x00000000ef100000| Untracked 
| 242|0x00000000ef200000, 0x00000000ef200000, 0x00000000ef300000|  0%| F|  |TAMS 0x00000000ef200000| PB 0x00000000ef200000| Untracked 
| 243|0x00000000ef300000, 0x00000000ef300000, 0x00000000ef400000|  0%| F|  |TAMS 0x00000000ef300000| PB 0x00000000ef300000| Untracked 
| 244|0x00000000ef400000, 0x00000000ef400000, 0x00000000ef500000|  0%| F|  |TAMS 0x00000000ef400000| PB 0x00000000ef400000| Untracked 
| 245|0x00000000ef500000, 0x00000000ef500000, 0x00000000ef600000|  0%| F|  |TAMS 0x00000000ef500000| PB 0x00000000ef500000| Untracked 
| 246|0x00000000ef600000, 0x00000000ef600000, 0x00000000ef700000|  0%| F|  |TAMS 0x00000000ef600000| PB 0x00000000ef600000| Untracked 
| 247|0x00000000ef700000, 0x00000000ef700000, 0x00000000ef800000|  0%| F|  |TAMS 0x00000000ef700000| PB 0x00000000ef700000| Untracked 
| 248|0x00000000ef800000, 0x00000000ef800000, 0x00000000ef900000|  0%| F|  |TAMS 0x00000000ef800000| PB 0x00000000ef800000| Untracked 
| 249|0x00000000ef900000, 0x00000000ef900000, 0x00000000efa00000|  0%| F|  |TAMS 0x00000000ef900000| PB 0x00000000ef900000| Untracked 
| 250|0x00000000efa00000, 0x00000000efa00000, 0x00000000efb00000|  0%| F|  |TAMS 0x00000000efa00000| PB 0x00000000efa00000| Untracked 
| 251|0x00000000efb00000, 0x00000000efb00000, 0x00000000efc00000|  0%| F|  |TAMS 0x00000000efb00000| PB 0x00000000efb00000| Untracked 
| 252|0x00000000efc00000, 0x00000000efc00000, 0x00000000efd00000|  0%| F|  |TAMS 0x00000000efc00000| PB 0x00000000efc00000| Untracked 
| 253|0x00000000efd00000, 0x00000000efdd00e8, 0x00000000efe00000| 81%| E|  |TAMS 0x00000000efd00000| PB 0x00000000efd00000| Complete 
| 254|0x00000000efe00000, 0x00000000eff00000, 0x00000000eff00000|100%| E|CS|TAMS 0x00000000efe00000| PB 0x00000000efe00000| Complete 
| 255|0x00000000eff00000, 0x00000000f0000000, 0x00000000f0000000|100%| E|CS|TAMS 0x00000000eff00000| PB 0x00000000eff00000| Complete 

Card table byte_map: [0x0000028f68c70000,0x0000028f68d70000] _byte_map_base: 0x0000028f68570000

Marking Bits: (CMBitMap*) 0x0000028f566723f0
 Bits: [0x0000028f68d70000, 0x0000028f69570000)

Polling page: 0x0000028f55e00000

Metaspace:

Usage:
  Non-class:     65.31 MB used.
      Class:     11.09 MB used.
       Both:     76.40 MB used.

Virtual space:
  Non-class space:      128.00 MB reserved,      66.38 MB ( 52%) committed,  2 nodes.
      Class space:      320.00 MB reserved,      12.12 MB (  4%) committed,  1 nodes.
             Both:      448.00 MB reserved,      78.50 MB ( 18%) committed. 

Chunk freelists:
   Non-Class:  13.41 MB
       Class:  3.91 MB
        Both:  17.31 MB

MaxMetaspaceSize: 384.00 MB
CompressedClassSpaceSize: 320.00 MB
Initial GC threshold: 21.00 MB
Current GC threshold: 98.38 MB
CDS: on
 - commit_granule_bytes: 65536.
 - commit_granule_words: 8192.
 - virtual_space_node_default_size: 8388608.
 - enlarge_chunks_in_place: 1.
 - use_allocation_guard: 0.


Internal statistics:

num_allocs_failed_limit: 9.
num_arena_births: 3786.
num_arena_deaths: 0.
num_vsnodes_births: 3.
num_vsnodes_deaths: 0.
num_space_committed: 1256.
num_space_uncommitted: 0.
num_chunks_returned_to_freelist: 9.
num_chunks_taken_from_freelist: 7574.
num_chunk_merges: 9.
num_chunk_splits: 4869.
num_chunks_enlarged: 2959.
num_inconsistent_stats: 0.

CodeHeap 'non-profiled nmethods': size=120000Kb used=6339Kb max_used=6339Kb free=113661Kb
 bounds [0x0000028f61310000, 0x0000028f61950000, 0x0000028f68840000]
CodeHeap 'profiled nmethods': size=120000Kb used=19911Kb max_used=19911Kb free=100088Kb
 bounds [0x0000028f59840000, 0x0000028f5abc0000, 0x0000028f60d70000]
CodeHeap 'non-nmethods': size=5760Kb used=2912Kb max_used=2970Kb free=2847Kb
 bounds [0x0000028f60d70000, 0x0000028f61070000, 0x0000028f61310000]
CodeCache: size=245760Kb, used=29162Kb, max_used=29220Kb, free=216596Kb
 total_blobs=11328, nmethods=10385, adapters=847, full_count=0
Compilation: enabled, stopped_count=0, restarted_count=0

Compilation events (20 events):
Event: 25.937 Thread 0x0000028f6bfca180 11011       1       org.gradle.api.internal.artifacts.result.DefaultComponentArtifactsResult::getId (5 bytes)
Event: 25.938 Thread 0x0000028f6bfca180 nmethod 11011 0x0000028f6193f410 code [0x0000028f6193f5a0, 0x0000028f6193f668]
Event: 25.938 Thread 0x0000028f6bfca180 11019       1       org.gradle.internal.component.external.model.UrlBackedArtifactMetadata::getId (5 bytes)
Event: 25.938 Thread 0x0000028f6bfca180 nmethod 11019 0x0000028f6193f710 code [0x0000028f6193f8a0, 0x0000028f6193f968]
Event: 25.938 Thread 0x0000028f6bfca180 11020       1       org.gradle.internal.component.local.model.ComponentFileArtifactIdentifier::getFileName (5 bytes)
Event: 25.938 Thread 0x0000028f6bfca180 nmethod 11020 0x0000028f6193fa10 code [0x0000028f6193fba0, 0x0000028f6193fc68]
Event: 25.939 Thread 0x0000028f6bfca180 11021       3       org.gradle.launcher.daemon.protocol.Message::<init> (5 bytes)
Event: 25.939 Thread 0x0000028f6bfca180 nmethod 11021 0x0000028f5ab89610 code [0x0000028f5ab897c0, 0x0000028f5ab89928]
Event: 25.939 Thread 0x0000028f6bfca180 11022   !   3       org.codehaus.groovy.runtime.InvokerHelper::write (227 bytes)
Event: 25.941 Thread 0x0000028f6bfca180 nmethod 11022 0x0000028f5ab89a10 code [0x0000028f5ab89e20, 0x0000028f5ab8c128]
Event: 25.942 Thread 0x0000028f6bfca180 11023   !   3       sun.nio.ch.SocketChannelImpl::write (190 bytes)
Event: 25.944 Thread 0x0000028f6bfca180 nmethod 11023 0x0000028f5ab8c790 code [0x0000028f5ab8cb40, 0x0000028f5ab8e220]
Event: 25.944 Thread 0x0000028f6bfca180 11024   !   3       org.codehaus.groovy.runtime.callsite.PojoMetaMethodSite::checkCall (56 bytes)
Event: 25.946 Thread 0x0000028f6bfca180 nmethod 11024 0x0000028f5ab8ec10 code [0x0000028f5ab8ee80, 0x0000028f5ab8fb20]
Event: 25.947 Thread 0x0000028f6bfca180 11025       3       org.codehaus.groovy.reflection.ParameterTypes::isValidMethod (80 bytes)
Event: 25.948 Thread 0x0000028f6bfca180 nmethod 11025 0x0000028f5ab90090 code [0x0000028f5ab902c0, 0x0000028f5ab90958]
Event: 25.949 Thread 0x0000028f6bfca180 11026       3       java.io.OutputStream::write (34 bytes)
Event: 25.949 Thread 0x0000028f6bfca180 nmethod 11026 0x0000028f5ab90b90 code [0x0000028f5ab90d80, 0x0000028f5ab911e0]
Event: 25.950 Thread 0x0000028f6bfca180 11027       3       org.gradle.internal.logging.console.StyledTextOutputBackedRenderer$OutputEventTextOutputImpl::doLineText (17 bytes)
Event: 25.951 Thread 0x0000028f6bfca180 nmethod 11027 0x0000028f5ab91410 code [0x0000028f5ab915c0, 0x0000028f5ab917a8]

GC Heap History (18 events):
Event: 1.230 GC heap before
{Heap before GC invocations=0 (full 0):
 garbage-first heap   total 262144K, used 26624K [0x00000000e0000000, 0x0000000100000000)
  region size 1024K, 23 young (23552K), 0 survivors (0K)
 Metaspace       used 1121K, committed 1216K, reserved 393216K
  class space    used 80K, committed 128K, reserved 327680K
}
Event: 1.244 GC heap after
{Heap after GC invocations=1 (full 0):
 garbage-first heap   total 262144K, used 10410K [0x00000000e0000000, 0x0000000100000000)
  region size 1024K, 3 young (3072K), 3 survivors (3072K)
 Metaspace       used 1121K, committed 1216K, reserved 393216K
  class space    used 80K, committed 128K, reserved 327680K
}
Event: 2.611 GC heap before
{Heap before GC invocations=1 (full 0):
 garbage-first heap   total 262144K, used 41130K [0x00000000e0000000, 0x0000000100000000)
  region size 1024K, 33 young (33792K), 3 survivors (3072K)
 Metaspace       used 4295K, committed 4480K, reserved 393216K
  class space    used 545K, committed 640K, reserved 327680K
}
Event: 2.615 GC heap after
{Heap after GC invocations=2 (full 0):
 garbage-first heap   total 262144K, used 11971K [0x00000000e0000000, 0x0000000100000000)
  region size 1024K, 2 young (2048K), 2 survivors (2048K)
 Metaspace       used 4295K, committed 4480K, reserved 393216K
  class space    used 545K, committed 640K, reserved 327680K
}
Event: 7.473 GC heap before
{Heap before GC invocations=2 (full 0):
 garbage-first heap   total 262144K, used 146115K [0x00000000e0000000, 0x0000000100000000)
  region size 1024K, 132 young (135168K), 2 survivors (2048K)
 Metaspace       used 20838K, committed 21504K, reserved 393216K
  class space    used 3074K, committed 3392K, reserved 327680K
}
Event: 7.487 GC heap after
{Heap after GC invocations=3 (full 0):
 garbage-first heap   total 262144K, used 25140K [0x00000000e0000000, 0x0000000100000000)
  region size 1024K, 14 young (14336K), 14 survivors (14336K)
 Metaspace       used 20838K, committed 21504K, reserved 393216K
  class space    used 3074K, committed 3392K, reserved 327680K
}
Event: 10.339 GC heap before
{Heap before GC invocations=4 (full 0):
 garbage-first heap   total 262144K, used 115252K [0x00000000e0000000, 0x0000000100000000)
  region size 1024K, 104 young (106496K), 14 survivors (14336K)
 Metaspace       used 34715K, committed 35968K, reserved 393216K
  class space    used 5151K, committed 5760K, reserved 327680K
}
Event: 10.354 GC heap after
{Heap after GC invocations=5 (full 0):
 garbage-first heap   total 262144K, used 32366K [0x00000000e0000000, 0x0000000100000000)
  region size 1024K, 8 young (8192K), 8 survivors (8192K)
 Metaspace       used 34715K, committed 35968K, reserved 393216K
  class space    used 5151K, committed 5760K, reserved 327680K
}
Event: 14.322 GC heap before
{Heap before GC invocations=6 (full 0):
 garbage-first heap   total 262144K, used 186990K [0x00000000e0000000, 0x0000000100000000)
  region size 1024K, 153 young (156672K), 8 survivors (8192K)
 Metaspace       used 44826K, committed 46208K, reserved 393216K
  class space    used 6513K, committed 7232K, reserved 327680K
}
Event: 14.340 GC heap after
{Heap after GC invocations=7 (full 0):
 garbage-first heap   total 262144K, used 39719K [0x00000000e0000000, 0x0000000100000000)
  region size 1024K, 15 young (15360K), 15 survivors (15360K)
 Metaspace       used 44826K, committed 46208K, reserved 393216K
  class space    used 6513K, committed 7232K, reserved 327680K
}
Event: 17.657 GC heap before
{Heap before GC invocations=7 (full 0):
 garbage-first heap   total 262144K, used 181031K [0x00000000e0000000, 0x0000000100000000)
  region size 1024K, 153 young (156672K), 15 survivors (15360K)
 Metaspace       used 52552K, committed 54272K, reserved 393216K
  class space    used 7606K, committed 8448K, reserved 327680K
}
Event: 17.678 GC heap after
{Heap after GC invocations=8 (full 0):
 garbage-first heap   total 262144K, used 47297K [0x00000000e0000000, 0x0000000100000000)
  region size 1024K, 16 young (16384K), 16 survivors (16384K)
 Metaspace       used 52552K, committed 54272K, reserved 393216K
  class space    used 7606K, committed 8448K, reserved 327680K
}
Event: 19.137 GC heap before
{Heap before GC invocations=8 (full 0):
 garbage-first heap   total 262144K, used 103617K [0x00000000e0000000, 0x0000000100000000)
  region size 1024K, 72 young (73728K), 16 survivors (16384K)
 Metaspace       used 58428K, committed 60160K, reserved 393216K
  class space    used 8420K, committed 9280K, reserved 327680K
}
Event: 19.152 GC heap after
{Heap after GC invocations=9 (full 0):
 garbage-first heap   total 262144K, used 50176K [0x00000000e0000000, 0x0000000100000000)
  region size 1024K, 11 young (11264K), 11 survivors (11264K)
 Metaspace       used 58428K, committed 60160K, reserved 393216K
  class space    used 8420K, committed 9280K, reserved 327680K
}
Event: 22.212 GC heap before
{Heap before GC invocations=10 (full 0):
 garbage-first heap   total 262144K, used 200704K [0x00000000e0000000, 0x0000000100000000)
  region size 1024K, 153 young (156672K), 11 survivors (11264K)
 Metaspace       used 71425K, committed 73408K, reserved 393216K
  class space    used 10372K, committed 11328K, reserved 327680K
}
Event: 22.228 GC heap after
{Heap after GC invocations=11 (full 0):
 garbage-first heap   total 262144K, used 65536K [0x00000000e0000000, 0x0000000100000000)
  region size 1024K, 20 young (20480K), 20 survivors (20480K)
 Metaspace       used 71425K, committed 73408K, reserved 393216K
  class space    used 10372K, committed 11328K, reserved 327680K
}
Event: 25.888 GC heap before
{Heap before GC invocations=11 (full 0):
 garbage-first heap   total 262144K, used 201728K [0x00000000e0000000, 0x0000000100000000)
  region size 1024K, 153 young (156672K), 20 survivors (20480K)
 Metaspace       used 78159K, committed 80320K, reserved 458752K
  class space    used 11358K, committed 12416K, reserved 327680K
}
Event: 25.916 GC heap after
{Heap after GC invocations=12 (full 0):
 garbage-first heap   total 262144K, used 75858K [0x00000000e0000000, 0x0000000100000000)
  region size 1024K, 20 young (20480K), 20 survivors (20480K)
 Metaspace       used 78159K, committed 80320K, reserved 458752K
  class space    used 11358K, committed 12416K, reserved 327680K
}

Dll operation events (14 events):
Event: 0.024 Loaded shared library C:\Users\notai\.vscode\extensions\redhat.java-1.54.0-win32-x64\jre\21.0.10-win32-x86_64\bin\java.dll
Event: 0.143 Loaded shared library C:\Users\notai\.vscode\extensions\redhat.java-1.54.0-win32-x64\jre\21.0.10-win32-x86_64\bin\zip.dll
Event: 0.188 Loaded shared library C:\Users\notai\.vscode\extensions\redhat.java-1.54.0-win32-x64\jre\21.0.10-win32-x86_64\bin\instrument.dll
Event: 0.198 Loaded shared library C:\Users\notai\.vscode\extensions\redhat.java-1.54.0-win32-x64\jre\21.0.10-win32-x86_64\bin\net.dll
Event: 0.203 Loaded shared library C:\Users\notai\.vscode\extensions\redhat.java-1.54.0-win32-x64\jre\21.0.10-win32-x86_64\bin\nio.dll
Event: 0.209 Loaded shared library C:\Users\notai\.vscode\extensions\redhat.java-1.54.0-win32-x64\jre\21.0.10-win32-x86_64\bin\zip.dll
Event: 0.853 Loaded shared library C:\Users\notai\.vscode\extensions\redhat.java-1.54.0-win32-x64\jre\21.0.10-win32-x86_64\bin\jimage.dll
Event: 1.260 Loaded shared library C:\Users\notai\.vscode\extensions\redhat.java-1.54.0-win32-x64\jre\21.0.10-win32-x86_64\bin\verify.dll
Event: 1.623 Loaded shared library C:\Users\notai\.gradle\native\c067742578af261105cb4f569cf0c3c89f3d7b1fecec35dd04571415982c5e48\windows-amd64\native-platform.dll
Event: 1.632 Loaded shared library C:\Users\notai\.gradle\native\100fb08df4bc3b14c8652ba06237920a3bd2aa13389f12d3474272988ae205f9\windows-amd64\native-platform-file-events.dll
Event: 3.720 Loaded shared library C:\Users\notai\.vscode\extensions\redhat.java-1.54.0-win32-x64\jre\21.0.10-win32-x86_64\bin\management.dll
Event: 3.725 Loaded shared library C:\Users\notai\.vscode\extensions\redhat.java-1.54.0-win32-x64\jre\21.0.10-win32-x86_64\bin\management_ext.dll
Event: 4.181 Loaded shared library C:\Users\notai\.vscode\extensions\redhat.java-1.54.0-win32-x64\jre\21.0.10-win32-x86_64\bin\extnet.dll
Event: 4.454 Loaded shared library C:\Users\notai\.vscode\extensions\redhat.java-1.54.0-win32-x64\jre\21.0.10-win32-x86_64\bin\sunmscapi.dll

Deoptimization events (20 events):
Event: 25.308 Thread 0x0000028f72a0b0a0 Uncommon trap: trap_request=0xffffffd6 fr.pc=0x0000028f6188876c relative=0x00000000000003ac
Event: 25.308 Thread 0x0000028f72a0b0a0 Uncommon trap: reason=array_check action=maybe_recompile pc=0x0000028f6188876c method=java.util.LinkedHashMap.keysToArray([Ljava/lang/Object;Z)[Ljava/lang/Object; @ 67 c2
Event: 25.308 Thread 0x0000028f72a0b0a0 DEOPT PACKING pc=0x0000028f6188876c sp=0x000000dc76afd100
Event: 25.308 Thread 0x0000028f72a0b0a0 DEOPT UNPACKING pc=0x0000028f60dc7ba2 sp=0x000000dc76afd0a0 mode 2
Event: 25.508 Thread 0x0000028f7748fe40 Uncommon trap: trap_request=0xffffffc6 fr.pc=0x0000028f61817ec8 relative=0x0000000000000068
Event: 25.508 Thread 0x0000028f7748fe40 Uncommon trap: reason=bimorphic_or_optimized_type_check action=maybe_recompile pc=0x0000028f61817ec8 method=java.util.AbstractQueue.add(Ljava/lang/Object;)Z @ 2 c2
Event: 25.508 Thread 0x0000028f7748fe40 DEOPT PACKING pc=0x0000028f61817ec8 sp=0x000000dc789fe770
Event: 25.508 Thread 0x0000028f7748fe40 DEOPT UNPACKING pc=0x0000028f60dc7ba2 sp=0x000000dc789fe738 mode 2
Event: 25.510 Thread 0x0000028f7748fe40 Uncommon trap: trap_request=0xffffffde fr.pc=0x0000028f613ab940 relative=0x0000000000000280
Event: 25.510 Thread 0x0000028f7748fe40 Uncommon trap: reason=class_check action=maybe_recompile pc=0x0000028f613ab940 method=java.util.stream.StreamOpFlag.fromCharacteristics(Ljava/util/Spliterator;)I @ 14 c2
Event: 25.510 Thread 0x0000028f7748fe40 DEOPT PACKING pc=0x0000028f613ab940 sp=0x000000dc789fe680
Event: 25.510 Thread 0x0000028f7748fe40 DEOPT UNPACKING pc=0x0000028f60dc7ba2 sp=0x000000dc789fe568 mode 2
Event: 25.657 Thread 0x0000028f7748fe40 Uncommon trap: trap_request=0xffffffc6 fr.pc=0x0000028f61817ec8 relative=0x0000000000000068
Event: 25.657 Thread 0x0000028f7748fe40 Uncommon trap: reason=bimorphic_or_optimized_type_check action=maybe_recompile pc=0x0000028f61817ec8 method=java.util.AbstractQueue.add(Ljava/lang/Object;)Z @ 2 c2
Event: 25.657 Thread 0x0000028f7748fe40 DEOPT PACKING pc=0x0000028f61817ec8 sp=0x000000dc789fe770
Event: 25.657 Thread 0x0000028f7748fe40 DEOPT UNPACKING pc=0x0000028f60dc7ba2 sp=0x000000dc789fe738 mode 2
Event: 25.659 Thread 0x0000028f77495a20 Uncommon trap: trap_request=0xffffffde fr.pc=0x0000028f613ab940 relative=0x0000000000000280
Event: 25.659 Thread 0x0000028f77495a20 Uncommon trap: reason=class_check action=maybe_recompile pc=0x0000028f613ab940 method=java.util.stream.StreamOpFlag.fromCharacteristics(Ljava/util/Spliterator;)I @ 14 c2
Event: 25.660 Thread 0x0000028f77495a20 DEOPT PACKING pc=0x0000028f613ab940 sp=0x000000dc786fe230
Event: 25.660 Thread 0x0000028f77495a20 DEOPT UNPACKING pc=0x0000028f60dc7ba2 sp=0x000000dc786fe118 mode 2

Classes loaded (20 events):
Event: 25.295 Loading class java/util/AbstractMapCustomizer
Event: 25.295 Loading class java/util/AbstractMapCustomizer done
Event: 25.296 Loading class java/util/AbstractMapCustomizer
Event: 25.296 Loading class java/util/AbstractMapCustomizer done
Event: 25.298 Loading class java/util/HashMapCustomizer
Event: 25.298 Loading class java/util/HashMapCustomizer done
Event: 25.299 Loading class java/util/HashMapCustomizer
Event: 25.299 Loading class java/util/HashMapCustomizer done
Event: 25.302 Loading class java/util/LinkedHashMapCustomizer
Event: 25.302 Loading class java/util/LinkedHashMapCustomizer done
Event: 25.303 Loading class java/util/LinkedHashMapCustomizer
Event: 25.303 Loading class java/util/LinkedHashMapCustomizer done
Event: 25.485 Loading class java/lang/StringBeanInfo
Event: 25.485 Loading class java/lang/StringBeanInfo done
Event: 25.486 Loading class java/lang/StringBeanInfo
Event: 25.486 Loading class java/lang/StringBeanInfo done
Event: 25.487 Loading class java/lang/StringCustomizer
Event: 25.487 Loading class java/lang/StringCustomizer done
Event: 25.487 Loading class java/lang/StringCustomizer
Event: 25.487 Loading class java/lang/StringCustomizer done

Classes unloaded (0 events):
No events

Classes redefined (0 events):
No events

Internal exceptions (20 events):
Event: 25.263 Thread 0x0000028f7748fe40 Exception <a 'java/lang/ClassNotFoundException'{0x00000000e8ca29a8}: java/io/FileBeanInfo> (0x00000000e8ca29a8) 
thrown [s\src\hotspot\share\classfile\systemDictionary.cpp, line 312]
Event: 25.264 Thread 0x0000028f7748fe40 Exception <a 'java/lang/ClassNotFoundException'{0x00000000e8ca8100}: java/io/FileCustomizer> (0x00000000e8ca8100) 
thrown [s\src\hotspot\share\classfile\systemDictionary.cpp, line 312]
Event: 25.269 Thread 0x0000028f7748fe40 Exception <a 'java/lang/ClassNotFoundException'{0x00000000e8cea730}: org/gradle/internal/component/external/model/DefaultModuleComponentIdentifierBeanInfo> (0x00000000e8cea730) 
thrown [s\src\hotspot\share\classfile\systemDictionary.cpp, line 312]
Event: 25.271 Thread 0x0000028f7748fe40 Exception <a 'java/lang/ClassNotFoundException'{0x00000000e8cfbb80}: org/gradle/internal/component/external/model/DefaultModuleComponentIdentifierCustomizer> (0x00000000e8cfbb80) 
thrown [s\src\hotspot\share\classfile\systemDictionary.cpp, line 312]
Event: 25.282 Thread 0x0000028f7748fe40 Exception <a 'java/lang/ClassNotFoundException'{0x00000000e8a03240}: org/codehaus/groovy/runtime/GStringImplBeanInfo> (0x00000000e8a03240) 
thrown [s\src\hotspot\share\classfile\systemDictionary.cpp, line 312]
Event: 25.284 Thread 0x0000028f7748fe40 Exception <a 'java/lang/ClassNotFoundException'{0x00000000e8a118c0}: org/codehaus/groovy/runtime/GStringImplCustomizer> (0x00000000e8a118c0) 
thrown [s\src\hotspot\share\classfile\systemDictionary.cpp, line 312]
Event: 25.293 Thread 0x0000028f7748fe40 Exception <a 'java/lang/ClassNotFoundException'{0x00000000e8aba618}: java/util/LinkedHashMapBeanInfo> (0x00000000e8aba618) 
thrown [s\src\hotspot\share\classfile\systemDictionary.cpp, line 312]
Event: 25.294 Thread 0x0000028f7748fe40 Exception <a 'java/lang/ClassNotFoundException'{0x00000000e8abfe40}: java/util/HashMapBeanInfo> (0x00000000e8abfe40) 
thrown [s\src\hotspot\share\classfile\systemDictionary.cpp, line 312]
Event: 25.295 Thread 0x0000028f7748fe40 Exception <a 'java/lang/ClassNotFoundException'{0x00000000e8ac5680}: java/util/AbstractMapBeanInfo> (0x00000000e8ac5680) 
thrown [s\src\hotspot\share\classfile\systemDictionary.cpp, line 312]
Event: 25.296 Thread 0x0000028f7748fe40 Exception <a 'java/lang/ClassNotFoundException'{0x00000000e8acaea0}: java/util/AbstractMapCustomizer> (0x00000000e8acaea0) 
thrown [s\src\hotspot\share\classfile\systemDictionary.cpp, line 312]
Event: 25.299 Thread 0x0000028f7748fe40 Exception <a 'java/lang/ClassNotFoundException'{0x00000000e8901aa0}: java/util/HashMapCustomizer> (0x00000000e8901aa0) 
thrown [s\src\hotspot\share\classfile\systemDictionary.cpp, line 312]
Event: 25.303 Thread 0x0000028f7748fe40 Exception <a 'java/lang/ClassNotFoundException'{0x00000000e8952c50}: java/util/LinkedHashMapCustomizer> (0x00000000e8952c50) 
thrown [s\src\hotspot\share\classfile\systemDictionary.cpp, line 312]
Event: 25.453 Thread 0x0000028f7748fe40 Exception <a 'java/lang/ClassNotFoundException'{0x00000000e831e468}: org/gradle/api/internal/artifacts/DefaultResolvedArtifactBeanInfo> (0x00000000e831e468) 
thrown [s\src\hotspot\share\classfile\systemDictionary.cpp, line 312]
Event: 25.455 Thread 0x0000028f7748fe40 Exception <a 'java/lang/ClassNotFoundException'{0x00000000e83311d0}: org/gradle/api/internal/artifacts/DefaultResolvedArtifactCustomizer> (0x00000000e83311d0) 
thrown [s\src\hotspot\share\classfile\systemDictionary.cpp, line 312]
Event: 25.463 Thread 0x0000028f7748fe40 Exception <a 'java/lang/ClassNotFoundException'{0x00000000e83663e8}: org/gradle/api/internal/artifacts/ivyservice/modulecache/dynamicversions/DefaultResolvedModuleVersionBeanInfo> (0x00000000e83663e8) 
thrown [s\src\hotspot\share\classfile\systemDictionary.cpp, line 312]
Event: 25.464 Thread 0x0000028f7748fe40 Exception <a 'java/lang/ClassNotFoundException'{0x00000000e837a3d0}: org/gradle/api/internal/artifacts/ivyservice/modulecache/dynamicversions/DefaultResolvedModuleVersionCustomizer> (0x00000000e837a3d0) 
thrown [s\src\hotspot\share\classfile\systemDictionary.cpp, line 312]
Event: 25.469 Thread 0x0000028f7748fe40 Exception <a 'java/lang/ClassNotFoundException'{0x00000000e839e168}: org/gradle/api/internal/artifacts/DefaultModuleVersionIdentifierBeanInfo> (0x00000000e839e168) 
thrown [s\src\hotspot\share\classfile\systemDictionary.cpp, line 312]
Event: 25.473 Thread 0x0000028f7748fe40 Exception <a 'java/lang/ClassNotFoundException'{0x00000000e83b0f58}: org/gradle/api/internal/artifacts/DefaultModuleVersionIdentifierCustomizer> (0x00000000e83b0f58) 
thrown [s\src\hotspot\share\classfile\systemDictionary.cpp, line 312]
Event: 25.486 Thread 0x0000028f7748fe40 Exception <a 'java/lang/ClassNotFoundException'{0x00000000e82de860}: java/lang/StringBeanInfo> (0x00000000e82de860) 
thrown [s\src\hotspot\share\classfile\systemDictionary.cpp, line 312]
Event: 25.488 Thread 0x0000028f7748fe40 Exception <a 'java/lang/ClassNotFoundException'{0x00000000e82e4d88}: java/lang/StringCustomizer> (0x00000000e82e4d88) 
thrown [s\src\hotspot\share\classfile\systemDictionary.cpp, line 312]

ZGC Phase Switch (0 events):
No events

VM Operations (20 events):
Event: 23.252 Executing safepoint VM operation: ICBufferFull
Event: 23.253 Executing safepoint VM operation: ICBufferFull done
Event: 23.744 Executing safepoint VM operation: ICBufferFull
Event: 23.744 Executing safepoint VM operation: ICBufferFull done
Event: 24.082 Executing safepoint VM operation: ICBufferFull
Event: 24.082 Executing safepoint VM operation: ICBufferFull done
Event: 24.483 Executing non-safepoint VM operation: HandshakeAllThreads (Deoptimize)
Event: 24.483 Executing non-safepoint VM operation: HandshakeAllThreads (Deoptimize) done
Event: 24.497 Executing non-safepoint VM operation: HandshakeAllThreads (Deoptimize)
Event: 24.497 Executing non-safepoint VM operation: HandshakeAllThreads (Deoptimize) done
Event: 24.500 Executing non-safepoint VM operation: HandshakeAllThreads (Deoptimize)
Event: 24.500 Executing non-safepoint VM operation: HandshakeAllThreads (Deoptimize) done
Event: 24.528 Executing non-safepoint VM operation: HandshakeAllThreads (Deoptimize)
Event: 24.529 Executing non-safepoint VM operation: HandshakeAllThreads (Deoptimize) done
Event: 24.546 Executing safepoint VM operation: ICBufferFull
Event: 24.546 Executing safepoint VM operation: ICBufferFull done
Event: 25.285 Executing safepoint VM operation: ICBufferFull
Event: 25.285 Executing safepoint VM operation: ICBufferFull done
Event: 25.888 Executing safepoint VM operation: G1CollectForAllocation (G1 Evacuation Pause)
Event: 25.916 Executing safepoint VM operation: G1CollectForAllocation (G1 Evacuation Pause) done

Memory protections (0 events):
No events

Nmethod flushes (20 events):
Event: 19.214 Thread 0x0000028f6bf80000 flushing  nmethod 0x0000028f59b11c10
Event: 19.214 Thread 0x0000028f6bf80000 flushing  nmethod 0x0000028f59b12a10
Event: 19.214 Thread 0x0000028f6bf80000 flushing  nmethod 0x0000028f59b13590
Event: 19.214 Thread 0x0000028f6bf80000 flushing  nmethod 0x0000028f59b14790
Event: 19.214 Thread 0x0000028f6bf80000 flushing  nmethod 0x0000028f59b22e90
Event: 19.214 Thread 0x0000028f6bf80000 flushing  nmethod 0x0000028f59b4b090
Event: 19.214 Thread 0x0000028f6bf80000 flushing  nmethod 0x0000028f59d2bb90
Event: 19.214 Thread 0x0000028f6bf80000 flushing  nmethod 0x0000028f59ea4290
Event: 19.214 Thread 0x0000028f6bf80000 flushing  nmethod 0x0000028f59eac210
Event: 19.214 Thread 0x0000028f6bf80000 flushing  nmethod 0x0000028f59864c90
Event: 19.214 Thread 0x0000028f6bf80000 flushing  nmethod 0x0000028f598b7710
Event: 19.214 Thread 0x0000028f6bf80000 flushing  nmethod 0x0000028f598b8190
Event: 19.214 Thread 0x0000028f6bf80000 flushing  nmethod 0x0000028f598b8610
Event: 19.214 Thread 0x0000028f6bf80000 flushing  nmethod 0x0000028f598b9a10
Event: 19.214 Thread 0x0000028f6bf80000 flushing  nmethod 0x0000028f598e9310
Event: 19.214 Thread 0x0000028f6bf80000 flushing  nmethod 0x0000028f5991cc10
Event: 19.214 Thread 0x0000028f6bf80000 flushing  nmethod 0x0000028f5998dd90
Event: 19.214 Thread 0x0000028f6bf80000 flushing  nmethod 0x0000028f59cd1d10
Event: 19.214 Thread 0x0000028f6bf80000 flushing  nmethod 0x0000028f59ff0210
Event: 19.214 Thread 0x0000028f6bf80000 flushing  nmethod 0x0000028f59ff1190

Events (20 events):
Event: 23.211 Thread 0x0000028f71ffbe30 Thread added: 0x0000028f72395ef0
Event: 23.216 Thread 0x0000028f71ffbe30 Thread added: 0x0000028f72392a70
Event: 23.232 Thread 0x0000028f71ffbe30 Thread added: 0x0000028f72394b40
Event: 23.233 Thread 0x0000028f71ffbe30 Thread added: 0x0000028f723951d0
Event: 23.234 Thread 0x0000028f71ffbe30 Thread added: 0x0000028f77496740
Event: 23.235 Thread 0x0000028f71ffbe30 Thread added: 0x0000028f77495390
Event: 23.236 Thread 0x0000028f71ffbe30 Thread added: 0x0000028f774932c0
Event: 23.237 Thread 0x0000028f71ffbe30 Thread added: 0x0000028f774904d0
Event: 23.238 Thread 0x0000028f71ffbe30 Thread added: 0x0000028f77491880
Event: 24.364 Thread 0x0000028f71ffbe30 Thread added: 0x0000028f774911f0
Event: 24.385 Thread 0x0000028f774911f0 Thread added: 0x0000028f77496dd0
Event: 24.385 Thread 0x0000028f774911f0 Thread added: 0x0000028f77491f10
Event: 24.385 Thread 0x0000028f774911f0 Thread added: 0x0000028f774925a0
Event: 24.385 Thread 0x0000028f774911f0 Thread added: 0x0000028f77495a20
Event: 24.385 Thread 0x0000028f774911f0 Thread added: 0x0000028f77493950
Event: 24.385 Thread 0x0000028f774911f0 Thread added: 0x0000028f77493fe0
Event: 24.386 Thread 0x0000028f774911f0 Thread added: 0x0000028f7748fe40
Event: 24.424 Thread 0x0000028f715316d0 Thread exited: 0x0000028f715316d0
Event: 24.439 Thread 0x0000028f7748fe40 Thread added: 0x0000028f77494670
Event: 24.574 Thread 0x0000028f6bfca180 Thread added: 0x0000028f7152c510


Dynamic libraries:
0x00007ff605190000 - 0x00007ff60519e000 	C:\Users\notai\.vscode\extensions\redhat.java-1.54.0-win32-x64\jre\21.0.10-win32-x86_64\bin\java.exe
0x00007ffdc2550000 - 0x00007ffdc2768000 	C:\WINDOWS\SYSTEM32\ntdll.dll
0x00007ffdc1c80000 - 0x00007ffdc1d44000 	C:\WINDOWS\System32\KERNEL32.DLL
0x00007ffdbfc70000 - 0x00007ffdc0043000 	C:\WINDOWS\System32\KERNELBASE.dll
0x00007ffdbf970000 - 0x00007ffdbfa81000 	C:\WINDOWS\System32\ucrtbase.dll
0x00007ffd99a50000 - 0x00007ffd99a68000 	C:\Users\notai\.vscode\extensions\redhat.java-1.54.0-win32-x64\jre\21.0.10-win32-x86_64\bin\jli.dll
0x00007ffd99a30000 - 0x00007ffd99a4e000 	C:\Users\notai\.vscode\extensions\redhat.java-1.54.0-win32-x64\jre\21.0.10-win32-x86_64\bin\VCRUNTIME140.dll
0x00007ffdc2010000 - 0x00007ffdc21c2000 	C:\WINDOWS\System32\USER32.dll
0x00007ffdbf850000 - 0x00007ffdbf876000 	C:\WINDOWS\System32\win32u.dll
0x00007ffd89560000 - 0x00007ffd897fc000 	C:\WINDOWS\WinSxS\amd64_microsoft.windows.common-controls_6595b64144ccf1df_6.0.22621.6060_none_2712eda17382d24b\COMCTL32.dll
0x00007ffdc2450000 - 0x00007ffdc2479000 	C:\WINDOWS\System32\GDI32.dll
0x00007ffdc00d0000 - 0x00007ffdc01eb000 	C:\WINDOWS\System32\gdi32full.dll
0x00007ffdc1ab0000 - 0x00007ffdc1b57000 	C:\WINDOWS\System32\msvcrt.dll
0x00007ffdbfbd0000 - 0x00007ffdbfc6a000 	C:\WINDOWS\System32\msvcp_win.dll
0x00007ffdc1a70000 - 0x00007ffdc1aa1000 	C:\WINDOWS\System32\IMM32.DLL
0x00007ffda4980000 - 0x00007ffda498c000 	C:\Users\notai\.vscode\extensions\redhat.java-1.54.0-win32-x64\jre\21.0.10-win32-x86_64\bin\vcruntime140_1.dll
0x00007ffd93240000 - 0x00007ffd932cd000 	C:\Users\notai\.vscode\extensions\redhat.java-1.54.0-win32-x64\jre\21.0.10-win32-x86_64\bin\msvcp140.dll
0x00007ffce4cb0000 - 0x00007ffce5a51000 	C:\Users\notai\.vscode\extensions\redhat.java-1.54.0-win32-x64\jre\21.0.10-win32-x86_64\bin\server\jvm.dll
0x00007ffdc19a0000 - 0x00007ffdc1a51000 	C:\WINDOWS\System32\ADVAPI32.dll
0x00007ffdc2250000 - 0x00007ffdc22f8000 	C:\WINDOWS\System32\sechost.dll
0x00007ffdbf880000 - 0x00007ffdbf8a8000 	C:\WINDOWS\System32\bcrypt.dll
0x00007ffdc1b60000 - 0x00007ffdc1c78000 	C:\WINDOWS\System32\RPCRT4.dll
0x00007ffdc1de0000 - 0x00007ffdc1e51000 	C:\WINDOWS\System32\WS2_32.dll
0x00007ffdbf530000 - 0x00007ffdbf57d000 	C:\WINDOWS\SYSTEM32\POWRPROF.dll
0x00007ffdb7e20000 - 0x00007ffdb7e54000 	C:\WINDOWS\SYSTEM32\WINMM.dll
0x00007ffdb8070000 - 0x00007ffdb807a000 	C:\WINDOWS\SYSTEM32\VERSION.dll
0x00007ffdbf510000 - 0x00007ffdbf523000 	C:\WINDOWS\SYSTEM32\UMPDC.dll
0x00007ffdbe5a0000 - 0x00007ffdbe5b8000 	C:\WINDOWS\SYSTEM32\kernel.appcore.dll
0x00007ffd99520000 - 0x00007ffd9952a000 	C:\Users\notai\.vscode\extensions\redhat.java-1.54.0-win32-x64\jre\21.0.10-win32-x86_64\bin\jimage.dll
0x00007ffdbca10000 - 0x00007ffdbcc43000 	C:\WINDOWS\SYSTEM32\DBGHELP.DLL
0x00007ffdc01f0000 - 0x00007ffdc0581000 	C:\WINDOWS\System32\combase.dll
0x00007ffdc2300000 - 0x00007ffdc23d8000 	C:\WINDOWS\System32\OLEAUT32.dll
0x00007ffda7890000 - 0x00007ffda78c2000 	C:\WINDOWS\SYSTEM32\dbgcore.DLL
0x00007ffdbf660000 - 0x00007ffdbf6db000 	C:\WINDOWS\System32\bcryptPrimitives.dll
0x00007ffd98870000 - 0x00007ffd9887f000 	C:\Users\notai\.vscode\extensions\redhat.java-1.54.0-win32-x64\jre\21.0.10-win32-x86_64\bin\instrument.dll
0x00007ffd982c0000 - 0x00007ffd982e0000 	C:\Users\notai\.vscode\extensions\redhat.java-1.54.0-win32-x64\jre\21.0.10-win32-x86_64\bin\java.dll
0x00007ffdc08a0000 - 0x00007ffdc113c000 	C:\WINDOWS\System32\SHELL32.dll
0x00007ffdbfa90000 - 0x00007ffdbfbcf000 	C:\WINDOWS\System32\wintypes.dll
0x00007ffdbd510000 - 0x00007ffdbde2a000 	C:\WINDOWS\SYSTEM32\windows.storage.dll
0x00007ffdc15c0000 - 0x00007ffdc16c4000 	C:\WINDOWS\System32\SHCORE.dll
0x00007ffdc23e0000 - 0x00007ffdc2449000 	C:\WINDOWS\System32\shlwapi.dll
0x00007ffdbf590000 - 0x00007ffdbf5b5000 	C:\WINDOWS\SYSTEM32\profapi.dll
0x00007ffd97250000 - 0x00007ffd97268000 	C:\Users\notai\.vscode\extensions\redhat.java-1.54.0-win32-x64\jre\21.0.10-win32-x86_64\bin\zip.dll
0x00007ffd987d0000 - 0x00007ffd987e0000 	C:\Users\notai\.vscode\extensions\redhat.java-1.54.0-win32-x64\jre\21.0.10-win32-x86_64\bin\net.dll
0x00007ffdb8990000 - 0x00007ffdb8abc000 	C:\WINDOWS\SYSTEM32\WINHTTP.dll
0x00007ffdbead0000 - 0x00007ffdbeb39000 	C:\WINDOWS\system32\mswsock.dll
0x00007ffd97230000 - 0x00007ffd97246000 	C:\Users\notai\.vscode\extensions\redhat.java-1.54.0-win32-x64\jre\21.0.10-win32-x86_64\bin\nio.dll
0x00007ffd98600000 - 0x00007ffd98610000 	C:\Users\notai\.vscode\extensions\redhat.java-1.54.0-win32-x64\jre\21.0.10-win32-x86_64\bin\verify.dll
0x00007ffda0660000 - 0x00007ffda0687000 	C:\Users\notai\.gradle\native\c067742578af261105cb4f569cf0c3c89f3d7b1fecec35dd04571415982c5e48\windows-amd64\native-platform.dll
0x00007ffd21a90000 - 0x00007ffd21bd4000 	C:\Users\notai\.gradle\native\100fb08df4bc3b14c8652ba06237920a3bd2aa13389f12d3474272988ae205f9\windows-amd64\native-platform-file-events.dll
0x00007ffd97200000 - 0x00007ffd9720a000 	C:\Users\notai\.vscode\extensions\redhat.java-1.54.0-win32-x64\jre\21.0.10-win32-x86_64\bin\management.dll
0x00007ffd971f0000 - 0x00007ffd971fc000 	C:\Users\notai\.vscode\extensions\redhat.java-1.54.0-win32-x64\jre\21.0.10-win32-x86_64\bin\management_ext.dll
0x00007ffdc24e0000 - 0x00007ffdc24e8000 	C:\WINDOWS\System32\PSAPI.DLL
0x00007ffdbed50000 - 0x00007ffdbed6b000 	C:\WINDOWS\SYSTEM32\CRYPTSP.dll
0x00007ffdbe560000 - 0x00007ffdbe597000 	C:\WINDOWS\system32\rsaenh.dll
0x00007ffdbebf0000 - 0x00007ffdbec18000 	C:\WINDOWS\SYSTEM32\USERENV.dll
0x00007ffdbed70000 - 0x00007ffdbed7c000 	C:\WINDOWS\SYSTEM32\CRYPTBASE.dll
0x00007ffdbe0d0000 - 0x00007ffdbe0fd000 	C:\WINDOWS\SYSTEM32\IPHLPAPI.DLL
0x00007ffdc1a60000 - 0x00007ffdc1a69000 	C:\WINDOWS\System32\NSI.dll
0x00007ffd983e0000 - 0x00007ffd983e9000 	C:\Users\notai\.vscode\extensions\redhat.java-1.54.0-win32-x64\jre\21.0.10-win32-x86_64\bin\extnet.dll
0x00007ffd98570000 - 0x00007ffd9857e000 	C:\Users\notai\.vscode\extensions\redhat.java-1.54.0-win32-x64\jre\21.0.10-win32-x86_64\bin\sunmscapi.dll
0x00007ffdbf6e0000 - 0x00007ffdbf848000 	C:\WINDOWS\System32\CRYPT32.dll
0x00007ffdbef30000 - 0x00007ffdbef5e000 	C:\WINDOWS\SYSTEM32\ncrypt.dll
0x00007ffdbeef0000 - 0x00007ffdbef27000 	C:\WINDOWS\SYSTEM32\NTASN1.dll
0x00007ffd45e80000 - 0x00007ffd45e88000 	C:\WINDOWS\system32\wshunix.dll

JVMTI agents:
C:\Users\notai\.gradle\wrapper\dists\gradle-8.9-bin\90cnw93cvbtalezasaz0blq0a\gradle-8.9\lib\agents\gradle-instrumentation-agent-8.9.jar path:C:\Users\notai\.vscode\extensions\redhat.java-1.54.0-win32-x64\jre\21.0.10-win32-x86_64\bin\instrument.dll, loaded, initialized, instrumentlib options:none

dbghelp: loaded successfully - version: 4.0.5 - missing functions: none
symbol engine: initialized successfully - sym options: 0x614 - pdb path: .;C:\Users\notai\.vscode\extensions\redhat.java-1.54.0-win32-x64\jre\21.0.10-win32-x86_64\bin;C:\WINDOWS\SYSTEM32;C:\WINDOWS\WinSxS\amd64_microsoft.windows.common-controls_6595b64144ccf1df_6.0.22621.6060_none_2712eda17382d24b;C:\Users\notai\.vscode\extensions\redhat.java-1.54.0-win32-x64\jre\21.0.10-win32-x86_64\bin\server;C:\Users\notai\.gradle\native\c067742578af261105cb4f569cf0c3c89f3d7b1fecec35dd04571415982c5e48\windows-amd64;C:\Users\notai\.gradle\native\100fb08df4bc3b14c8652ba06237920a3bd2aa13389f12d3474272988ae205f9\windows-amd64

VM Arguments:
jvm_args: --add-opens=java.base/java.util=ALL-UNNAMED --add-opens=java.base/java.lang=ALL-UNNAMED --add-opens=java.base/java.lang.invoke=ALL-UNNAMED --add-opens=java.prefs/java.util.prefs=ALL-UNNAMED --add-exports=jdk.compiler/com.sun.tools.javac.api=ALL-UNNAMED --add-exports=jdk.compiler/com.sun.tools.javac.util=ALL-UNNAMED --add-opens=java.base/java.nio.charset=ALL-UNNAMED --add-opens=java.base/java.net=ALL-UNNAMED --add-opens=java.base/java.util.concurrent.atomic=ALL-UNNAMED -XX:MaxMetaspaceSize=384m -XX:+HeapDumpOnOutOfMemoryError -Xms256m -Xmx512m -Dfile.encoding=utf8 -Duser.country=US -Duser.language=en -Duser.variant -javaagent:C:\Users\notai\.gradle\wrapper\dists\gradle-8.9-bin\90cnw93cvbtalezasaz0blq0a\gradle-8.9\lib\agents\gradle-instrumentation-agent-8.9.jar 
java_command: org.gradle.launcher.daemon.bootstrap.GradleDaemon 8.9
java_class_path (initial): C:\Users\notai\.gradle\wrapper\dists\gradle-8.9-bin\90cnw93cvbtalezasaz0blq0a\gradle-8.9\lib\gradle-daemon-main-8.9.jar
Launcher Type: SUN_STANDARD

[Global flags]
     intx CICompilerCount                          = 4                                         {product} {ergonomic}
   size_t CompressedClassSpaceSize                 = 335544320                                 {product} {ergonomic}
     uint ConcGCThreads                            = 2                                         {product} {ergonomic}
     uint G1ConcRefinementThreads                  = 8                                         {product} {ergonomic}
   size_t G1HeapRegionSize                         = 1048576                                   {product} {ergonomic}
    uintx GCDrainStackTargetSize                   = 64                                        {product} {ergonomic}
     bool HeapDumpOnOutOfMemoryError               = true                                   {manageable} {command line}
   size_t InitialHeapSize                          = 268435456                                 {product} {command line}
   size_t MarkStackSize                            = 4194304                                   {product} {ergonomic}
   size_t MaxHeapSize                              = 536870912                                 {product} {command line}
   size_t MaxMetaspaceSize                         = 402653184                                 {product} {command line}
   size_t MaxNewSize                               = 321912832                                 {product} {ergonomic}
   size_t MinHeapDeltaBytes                        = 1048576                                   {product} {ergonomic}
   size_t MinHeapSize                              = 268435456                                 {product} {command line}
    uintx NonNMethodCodeHeapSize                   = 5839372                                {pd product} {ergonomic}
    uintx NonProfiledCodeHeapSize                  = 122909434                              {pd product} {ergonomic}
    uintx ProfiledCodeHeapSize                     = 122909434                              {pd product} {ergonomic}
    uintx ReservedCodeCacheSize                    = 251658240                              {pd product} {ergonomic}
     bool SegmentedCodeCache                       = true                                      {product} {ergonomic}
   size_t SoftMaxHeapSize                          = 536870912                              {manageable} {ergonomic}
     bool UseCompressedOops                        = true                           {product lp64_product} {ergonomic}
     bool UseG1GC                                  = true                                      {product} {ergonomic}
     bool UseLargePagesIndividualAllocation        = false                                  {pd product} {ergonomic}

Logging:
Log output configuration:
 #0: stdout all=warning uptime,level,tags foldmultilines=false
 #1: stderr all=off uptime,level,tags foldmultilines=false

Release file:
JAVA_VERSION="21.0.10" 
MODULES="java.base java.compiler java.datatransfer java.xml java.prefs java.desktop java.instrument java.logging java.management java.security.sasl java.naming java.rmi java.management.rmi java.net.http java.scripting java.security.jgss java.transaction.xa java.sql java.sql.rowset java.xml.crypto java.se java.smartcardio jdk.accessibility jdk.internal.jvmstat jdk.attach jdk.charsets jdk.internal.opt jdk.zipfs jdk.compiler jdk.crypto.ec jdk.crypto.cryptoki jdk.crypto.mscapi jdk.dynalink jdk.internal.ed jdk.editpad jdk.hotspot.agent jdk.httpserver jdk.internal.le jdk.internal.vm.ci jdk.internal.vm.compiler jdk.internal.vm.compiler.management jdk.jartool jdk.javadoc jdk.jcmd jdk.management jdk.management.agent jdk.jconsole jdk.jdeps jdk.jdwp.agent jdk.jdi jdk.jfr jdk.jshell jdk.jsobject jdk.jstatd jdk.localedata jdk.management.jfr jdk.naming.dns jdk.naming.rmi jdk.net jdk.nio.mapmode jdk.random jdk.sctp jdk.security.auth jdk.security.jgss jdk.unsupported jdk.unsupported.desktop jdk.xml.dom" 

Environment Variables:
JAVA_HOME=C:\Program Files\Java\jdk-21
PATH=C:\Users\notai\AppData\Local\Programs\Microsoft VS Code;C:\Program Files (x86)\Common Files\Intel\Shared Libraries\redist\intel64\compiler;C:\Program Files\Java\jdk-21\bin;C:\Program Files\Java\jdk-17\bin;C:\Program Files\Common Files\Oracle\Java\javapath;C:\Program Files (x86)\Common Files\Oracle\Java\java8path;C:\Program Files (x86)\Common Files\Oracle\Java\javapath;C:\Program Files (x86)\Microsoft SDKs\Azure\CLI2\wbin;C:\Program Files (x86)\Common Files\Intel\Shared Files\cpp\bin\Intel64;C:\WINDOWS\system32;C:\WINDOWS;C:\WINDOWS\System32\Wbem;C:\WINDOWS\System32\WindowsPowerShell\v1.0\;C:\WINDOWS\System32\OpenSSH\;C:\Program Files\Microsoft SQL Server\Client SDK\ODBC\130\Tools\Binn\;C:\Program Files (x86)\Microsoft SQL Server\140\Tools\Binn\;C:\Program Files\Microsoft SQL Server\140\Tools\Binn\;C:\Program Files\Microsoft SQL Server\140\DTS\Binn\;C:\Program Files (x86)\HP\IdrsOCR_15.2.10.1114\;C:\Program Files\dotnet\;C:\Program Files\Git LFS;C:\Program Files\Microsoft SQL Server\Client SDK\ODBC\170\Tools\Binn\;C:\Program Files (x86)\Microsoft SQL Server\150\Tools\Binn\;C:\Program Files\Microsoft SQL Server\150\Tools\Binn\;C:\Program Files\Microsoft SQL Server\150\DTS\Binn\;C:\Program Files (x86)\QuickTime\QTSystem\;C:\Program Files\Git\cmd;C:\Program Files\HP\Common\HPDestPlgIn\;C:\Program Files (x86)\HP\Common\HPDestPlgIn\;C:\Program Files\nodejs\;C:\Users\notai\platform-tools;D:\Users\notai\AppData\Local\pnpm;C:\Users\notai\AppData\Local\Programs\Python\Python312\Scripts\;C:\Users\notai\AppData\Local\Programs\Python\Python312\;C:\Users\notai\AppData\Local\Programs\Python\Python311\Scripts;C:\Users\notai\AppData\Local\Programs\Python\Python311;C:\Users\notai\AppData\Roaming\Python\Python311\Scripts;C:\Python310\Scripts\;C:\Python310\;C:\Users\notai\AppData\Local\Programs\Python\Python310\Scripts\;C:\Users\notai\AppData\Local\Programs\Python\Python310\;C:\Users\notai\AppData\Local\Packages\PythonSoftwareFoundation.Python.3.9_qbz5n2kfra8p0\LocalCache\local-packages\Python39\Scripts;C:\Users\notai\AppData\Local\Microsoft\WindowsApps;C:\Users\notai\AppData\Local\Programs\Microsoft VS Code\bin;C:\Users\notai\.dotnet\tools;C:\Users\notai\AppData\Local\GitHubDesktop\bin;C:\Program Files\JetBrains\PyCharm Community Edition 2022.3\bin;C:\Program Files\heroku\bin;C:\Program Files\Azure Data Studio\bin;C:\Users\notai\Downloads\flutter\bin;C:\Users\notai\AppData\Local\Google\Cloud SDK\google-cloud-sdk\bin;C:\Users\notai\AppData\Local\JetBrains\Toolbox\scripts;C:\Program Files\JetBrains\PyCharm Community Edition 2024.1.2\bin;;E:\Program Files\JetBrains\IntelliJ IDEA Community Edition 2024.3.4.1\bin;;C:\Program Files\Azure Data Studio\bin;C:\Program Files\HP\Common\HPDestPlgIn\;C:\Program Files (x86)\HP\Common\HPDestPlgIn\;C:\Users\notai\AppData\Roaming\npm;C:\apache-maven-3.9.9\bin;D:\android\cmdline-tools\latest\bin;D:\android\platform-tools;C:\Users\notai\AppData\Local\Python\bin
USERNAME=notai
OS=Windows_NT
PROCESSOR_IDENTIFIER=Intel64 Family 6 Model 126 Stepping 5, GenuineIntel
TMP=C:\Users\notai\AppData\Local\Temp
TEMP=C:\Users\notai\AppData\Local\Temp




Periodic native trim disabled

---------------  S Y S T E M  ---------------

OS:
 Windows 11 , 64 bit Build 22621 (10.0.22621.5415)
OS uptime: 4 days 7:29 hours
Hyper-V role detected

CPU: total 8 (initial active 8) (4 cores per cpu, 2 threads per core) family 6 model 126 stepping 5 microcode 0xca, cx8, cmov, fxsr, ht, mmx, 3dnowpref, sse, sse2, sse3, ssse3, sse4.1, sse4.2, popcnt, lzcnt, tsc, tscinvbit, avx, avx2, aes, erms, clmul, bmi1, bmi2, adx, avx512f, avx512dq, avx512cd, avx512bw, avx512vl, sha, fma, vzeroupper, avx512_vpopcntdq, avx512_vpclmulqdq, avx512_vaes, avx512_vnni, clflush, clflushopt, avx512_vbmi2, avx512_vbmi, hv, rdtscp, rdpid, fsrm, gfni, avx512_bitalg, f16c, avx512_ifma
Processor Information for the first 8 processors :
  Max Mhz: 1201, Current Mhz: 1201, Mhz Limit: 1201

Memory: 4k page, system-wide physical 32455M (8268M free)
TotalPageFile size 32455M (AvailPageFile size 21M)
current process WorkingSet (physical memory assigned to process): 501M, peak: 501M
current process commit charge ("private bytes"): 576M, peak: 576M

vm_info: OpenJDK 64-Bit Server VM (21.0.10+7-LTS) for windows-amd64 JRE (21.0.10+7-LTS), built on 2026-01-20T00:00:00Z by "admin" with MS VC++ 17.12 (VS2022)

END.
