#
# There is insufficient memory for the Java Runtime Environment to continue.
# Native memory allocation (malloc) failed to allocate 32784 bytes. Error detail: Chunk::new
# Possible reasons:
#   The system is out of physical RAM or swap space
#   This process is running with CompressedOops enabled, and the Java Heap may be blocking the growth of the native heap
# Possible solutions:
#   Reduce memory load on the system
#   Increase physical memory or swap space
#   Check if swap backing store is full
#   Decrease Java heap size (-Xmx/-Xms)
#   Decrease number of Java threads
#   Decrease Java thread stack sizes (-Xss)
#   Set larger code cache with -XX:ReservedCodeCacheSize=
#   JVM is running with Unscaled Compressed Oops mode in which the Java heap is
#     placed in the first 4GB address space. The Java Heap base address is the
#     maximum limit for the native heap growth. Please use -XX:HeapBaseMinAddress
#     to set the Java Heap base and to place the Java Heap above 4GB virtual address.
# This output file may be truncated or incomplete.
#
#  Out of Memory Error (arena.cpp:168), pid=28792, tid=20152
#
# JRE version: OpenJDK Runtime Environment Temurin-21.0.10+7 (21.0.10+7) (build 21.0.10+7-LTS)
# Java VM: OpenJDK 64-Bit Server VM Temurin-21.0.10+7 (21.0.10+7-LTS, mixed mode, sharing, tiered, compressed oops, compressed class ptrs, g1 gc, windows-amd64)
# No core dump will be written. Minidumps are not enabled by default on client versions of Windows
#

---------------  S U M M A R Y ------------

Command Line: --add-opens=java.base/java.util=ALL-UNNAMED --add-opens=java.base/java.lang=ALL-UNNAMED --add-opens=java.base/java.lang.invoke=ALL-UNNAMED --add-opens=java.prefs/java.util.prefs=ALL-UNNAMED --add-exports=jdk.compiler/com.sun.tools.javac.api=ALL-UNNAMED --add-exports=jdk.compiler/com.sun.tools.javac.util=ALL-UNNAMED --add-opens=java.base/java.nio.charset=ALL-UNNAMED --add-opens=java.base/java.net=ALL-UNNAMED --add-opens=java.base/java.util.concurrent.atomic=ALL-UNNAMED -XX:MaxMetaspaceSize=384m -XX:+HeapDumpOnOutOfMemoryError -Xms256m -Xmx512m -Dfile.encoding=utf8 -Duser.country=US -Duser.language=en -Duser.variant -javaagent:C:\Users\notai\.gradle\wrapper\dists\gradle-8.9-bin\90cnw93cvbtalezasaz0blq0a\gradle-8.9\lib\agents\gradle-instrumentation-agent-8.9.jar org.gradle.launcher.daemon.bootstrap.GradleDaemon 8.9

Host: Intel(R) Core(TM) i5-1035G1 CPU @ 1.00GHz, 8 cores, 31G,  Windows 11 , 64 bit Build 22621 (10.0.22621.5415)
Time: Thu May  7 13:43:22 2026 W. Central Africa Standard Time elapsed time: 64.034454 seconds (0d 0h 1m 4s)

---------------  T H R E A D  ---------------

Current thread (0x0000025c0696e2b0):  JavaThread "C2 CompilerThread1" daemon [_thread_in_native, id=20152, stack(0x000000b131600000,0x000000b131700000) (1024K)]


Current CompileTask:
C2:64034 14278       4       java.lang.reflect.Constructor::newInstance (34 bytes)

Stack: [0x000000b131600000,0x000000b131700000]
Native frames: (J=compiled Java code, j=interpreted, Vv=VM code, C=native code)
V  [jvm.dll+0x6d7a39]
V  [jvm.dll+0x8b4b26]
V  [jvm.dll+0x8b70de]
V  [jvm.dll+0x8b77c3]
V  [jvm.dll+0x284346]
V  [jvm.dll+0xc66ed]
V  [jvm.dll+0xc6c31]
V  [jvm.dll+0xd405d]
V  [jvm.dll+0x38b53e]
V  [jvm.dll+0x38d66b]
V  [jvm.dll+0x38af5a]
V  [jvm.dll+0x38a5aa]
V  [jvm.dll+0x24c560]
V  [jvm.dll+0x24bb40]
V  [jvm.dll+0x1cb34e]
V  [jvm.dll+0x25b85d]
V  [jvm.dll+0x259dea]
V  [jvm.dll+0x3f857e]
V  [jvm.dll+0x85f59d]
V  [jvm.dll+0x6d626d]
C  [ucrtbase.dll+0x29333]
C  [KERNEL32.DLL+0x1259d]
C  [ntdll.dll+0x5af78]


---------------  P R O C E S S  ---------------

Threads class SMR info:
_java_thread_list=0x0000025c091c3430, length=67, elements={
0x0000025c50b06120, 0x0000025c68512bd0, 0x0000025c68513be0, 0x0000025c68515590,
0x0000025c68519200, 0x0000025c6851ac70, 0x0000025c68538090, 0x0000025c68538f50,
0x0000025c6851e680, 0x0000025c68720770, 0x0000025c68720e00, 0x0000025c68721b20,
0x0000025c7f79c730, 0x0000025c7f79a660, 0x0000025c7f79cdc0, 0x0000025c7f79dae0,
0x0000025c7f79acf0, 0x0000025c7f79e800, 0x0000025c7f79f520, 0x0000025c7f7a1c80,
0x0000025c7f79b380, 0x0000025c04ac11a0, 0x0000025c04abfdf0, 0x0000025c04abdd20,
0x0000025c04ac2be0, 0x0000025c04abf760, 0x0000025c04abd690, 0x0000025c04ac0480,
0x0000025c7ecbfdc0, 0x0000025c0471cdc0, 0x0000025c04ac3270, 0x0000025c7ecc0ae0,
0x0000025c0471e170, 0x0000025c0471e800, 0x0000025c0471a660, 0x0000025c070a7170,
0x0000025c070a7800, 0x0000025c070a7e90, 0x0000025c070acd50, 0x0000025c070a98d0,
0x0000025c070a9240, 0x0000025c070a8bb0, 0x0000025c070aa5f0, 0x0000025c070ac030,
0x0000025c070a5dc0, 0x0000025c0696e2b0, 0x0000025c0471c0a0, 0x0000025c04719fd0,
0x0000025c0471ee90, 0x0000025c0471f520, 0x0000025c04720240, 0x0000025c0471d450,
0x0000025c0471b380, 0x0000025c0471c730, 0x0000025c04719940, 0x0000025c04ac3900,
0x0000025c04abc970, 0x0000025c04abea40, 0x0000025c04abd000, 0x0000025c04abe3b0,
0x0000025c04ac3f90, 0x0000025c04ac0b10, 0x0000025c7ecc2520, 0x0000025c7ecc3240,
0x0000025c7ecbdcf0, 0x0000025c7ecbcfd0, 0x0000025c7ecbd660
}

Java Threads: ( => current thread )
  0x0000025c50b06120 JavaThread "main"                              [_thread_blocked, id=21308, stack(0x000000b12e900000,0x000000b12ea00000) (1024K)]
  0x0000025c68512bd0 JavaThread "Reference Handler"          daemon [_thread_blocked, id=33644, stack(0x000000b12f100000,0x000000b12f200000) (1024K)]
  0x0000025c68513be0 JavaThread "Finalizer"                  daemon [_thread_blocked, id=25996, stack(0x000000b12f200000,0x000000b12f300000) (1024K)]
  0x0000025c68515590 JavaThread "Signal Dispatcher"          daemon [_thread_blocked, id=10712, stack(0x000000b12f300000,0x000000b12f400000) (1024K)]
  0x0000025c68519200 JavaThread "Attach Listener"            daemon [_thread_blocked, id=32232, stack(0x000000b12f400000,0x000000b12f500000) (1024K)]
  0x0000025c6851ac70 JavaThread "Service Thread"             daemon [_thread_blocked, id=32360, stack(0x000000b12f500000,0x000000b12f600000) (1024K)]
  0x0000025c68538090 JavaThread "Monitor Deflation Thread"   daemon [_thread_blocked, id=29480, stack(0x000000b12f600000,0x000000b12f700000) (1024K)]
  0x0000025c68538f50 JavaThread "C2 CompilerThread0"         daemon [_thread_in_native, id=13472, stack(0x000000b12f700000,0x000000b12f800000) (1024K)]
  0x0000025c6851e680 JavaThread "C1 CompilerThread0"         daemon [_thread_blocked, id=33188, stack(0x000000b12f800000,0x000000b12f900000) (1024K)]
  0x0000025c68720770 JavaThread "Common-Cleaner"             daemon [_thread_blocked, id=9828, stack(0x000000b12f900000,0x000000b12fa00000) (1024K)]
  0x0000025c68720e00 JavaThread "Notification Thread"        daemon [_thread_blocked, id=23296, stack(0x000000b12fa00000,0x000000b12fb00000) (1024K)]
  0x0000025c68721b20 JavaThread "Daemon health stats"               [_thread_blocked, id=31704, stack(0x000000b12fc00000,0x000000b12fd00000) (1024K)]
  0x0000025c7f79c730 JavaThread "Incoming local TCP Connector on port 60970"        [_thread_in_native, id=17808, stack(0x000000b130200000,0x000000b130300000) (1024K)]
  0x0000025c7f79a660 JavaThread "Daemon periodic checks"            [_thread_blocked, id=5948, stack(0x000000b130300000,0x000000b130400000) (1024K)]
  0x0000025c7f79cdc0 JavaThread "Daemon"                            [_thread_blocked, id=11364, stack(0x000000b130400000,0x000000b130500000) (1024K)]
  0x0000025c7f79dae0 JavaThread "Daemon worker"                     [_thread_in_native, id=8312, stack(0x000000b130600000,0x000000b130700000) (1024K)]
  0x0000025c7f79acf0 JavaThread "Cache worker for journal cache (C:\Users\notai\.gradle\caches\journal-1)"        [_thread_blocked, id=14068, stack(0x000000b130a00000,0x000000b130b00000) (1024K)]
  0x0000025c7f79e800 JavaThread "File lock request listener"        [_thread_in_native, id=26196, stack(0x000000b130b00000,0x000000b130c00000) (1024K)]
  0x0000025c7f79f520 JavaThread "Cache worker for file hash cache (C:\Users\notai\.gradle\caches\8.9\fileHashes)"        [_thread_blocked, id=5660, stack(0x000000b130d00000,0x000000b130e00000) (1024K)]
  0x0000025c7f7a1c80 JavaThread "File watcher server"        daemon [_thread_in_native, id=29508, stack(0x000000b130c00000,0x000000b130d00000) (1024K)]
  0x0000025c7f79b380 JavaThread "File watcher consumer"      daemon [_thread_blocked, id=20840, stack(0x000000b130e00000,0x000000b130f00000) (1024K)]
  0x0000025c04ac11a0 JavaThread "Cache worker for file content cache (C:\Users\notai\.gradle\caches\8.9\fileContent)"        [_thread_blocked, id=21424, stack(0x000000b131500000,0x000000b131600000) (1024K)]
  0x0000025c04abfdf0 JavaThread "jar transforms"                    [_thread_blocked, id=27620, stack(0x000000b131900000,0x000000b131a00000) (1024K)]
  0x0000025c04abdd20 JavaThread "jar transforms Thread 2"           [_thread_blocked, id=19560, stack(0x000000b131700000,0x000000b131800000) (1024K)]
  0x0000025c04ac2be0 JavaThread "File lock release action executor"        [_thread_blocked, id=8748, stack(0x000000b131a00000,0x000000b131b00000) (1024K)]
  0x0000025c04abf760 JavaThread "jar transforms Thread 3"           [_thread_blocked, id=31856, stack(0x000000b131b00000,0x000000b131c00000) (1024K)]
  0x0000025c04abd690 JavaThread "jar transforms Thread 4"           [_thread_blocked, id=19828, stack(0x000000b131e00000,0x000000b131f00000) (1024K)]
  0x0000025c04ac0480 JavaThread "VFS cleanup"                       [_thread_blocked, id=22692, stack(0x000000b130700000,0x000000b130800000) (1024K)]
  0x0000025c7ecbfdc0 JavaThread "Memory manager"                    [_thread_blocked, id=19520, stack(0x000000b133500000,0x000000b133600000) (1024K)]
  0x0000025c0471cdc0 JavaThread "included builds"                   [_thread_blocked, id=33748, stack(0x000000b134c00000,0x000000b134d00000) (1024K)]
  0x0000025c04ac3270 JavaThread "included builds"                   [_thread_blocked, id=16248, stack(0x000000b133f00000,0x000000b134000000) (1024K)]
  0x0000025c7ecc0ae0 JavaThread "included builds"                   [_thread_blocked, id=13236, stack(0x000000b133e00000,0x000000b133f00000) (1024K)]
  0x0000025c0471e170 JavaThread "jar transforms Thread 5"           [_thread_blocked, id=8520, stack(0x000000b132100000,0x000000b132200000) (1024K)]
  0x0000025c0471e800 JavaThread "jar transforms Thread 6"           [_thread_blocked, id=18920, stack(0x000000b132200000,0x000000b132300000) (1024K)]
  0x0000025c0471a660 JavaThread "jar transforms Thread 7"           [_thread_blocked, id=13688, stack(0x000000b131f00000,0x000000b132000000) (1024K)]
  0x0000025c070a7170 JavaThread "Handler for socket connection from /127.0.0.1:60970 to /127.0.0.1:61016"        [_thread_in_native, id=32832, stack(0x000000b12e600000,0x000000b12e700000) (1024K)]
  0x0000025c070a7800 JavaThread "Cancel handler"                    [_thread_blocked, id=24952, stack(0x000000b12e700000,0x000000b12e800000) (1024K)]
  0x0000025c070a7e90 JavaThread "Asynchronous log dispatcher for DefaultDaemonConnection: socket connection from /127.0.0.1:60970 to /127.0.0.1:61016"        [_thread_blocked, id=28352, stack(0x000000b12e800000,0x000000b12e900000) (1024K)]
  0x0000025c070acd50 JavaThread "Stdin handler"                     [_thread_blocked, id=27996, stack(0x000000b12fb00000,0x000000b12fc00000) (1024K)]
  0x0000025c070a98d0 JavaThread "Daemon client event forwarder"        [_thread_blocked, id=14432, stack(0x000000b130500000,0x000000b130600000) (1024K)]
  0x0000025c070a9240 JavaThread "Cache worker for file hash cache (D:\Software Projects\jagabans-rewards-app-zbaymg\node_modules\expo-dev-launcher\expo-dev-launcher-gradle-plugin\.gradle\8.9\fileHashes)"        [_thread_blocked, id=28648, stack(0x000000b130800000,0x000000b130900000) (1024K)]
  0x0000025c070a8bb0 JavaThread "Cache worker for Build Output Cleanup Cache (D:\Software Projects\jagabans-rewards-app-zbaymg\node_modules\expo-dev-launcher\expo-dev-launcher-gradle-plugin\.gradle\buildOutputCleanup)"        [_thread_blocked, id=19728, stack(0x000000b130900000,0x000000b130a00000) (1024K)]
  0x0000025c070aa5f0 JavaThread "Cache worker for checksums cache (D:\Software Projects\jagabans-rewards-app-zbaymg\node_modules\expo-dev-launcher\expo-dev-launcher-gradle-plugin\.gradle\8.9\checksums)"        [_thread_blocked, id=5416, stack(0x000000b130f00000,0x000000b131000000) (1024K)]
  0x0000025c070ac030 JavaThread "Cache worker for cache directory md-rule (C:\Users\notai\.gradle\caches\8.9\md-rule)"        [_thread_blocked, id=1912, stack(0x000000b131000000,0x000000b131100000) (1024K)]
  0x0000025c070a5dc0 JavaThread "Cache worker for cache directory md-supplier (C:\Users\notai\.gradle\caches\8.9\md-supplier)"        [_thread_blocked, id=5124, stack(0x000000b131400000,0x000000b131500000) (1024K)]
=>0x0000025c0696e2b0 JavaThread "C2 CompilerThread1"         daemon [_thread_in_native, id=20152, stack(0x000000b131600000,0x000000b131700000) (1024K)]
  0x0000025c0471c0a0 JavaThread "Unconstrained build operations"        [_thread_blocked, id=32792, stack(0x000000b131800000,0x000000b131900000) (1024K)]
  0x0000025c04719fd0 JavaThread "Unconstrained build operations Thread 2"        [_thread_blocked, id=11872, stack(0x000000b131c00000,0x000000b131d00000) (1024K)]
  0x0000025c0471ee90 JavaThread "Unconstrained build operations Thread 3"        [_thread_blocked, id=21888, stack(0x000000b132000000,0x000000b132100000) (1024K)]
  0x0000025c0471f520 JavaThread "Unconstrained build operations Thread 4"        [_thread_blocked, id=1648, stack(0x000000b132300000,0x000000b132400000) (1024K)]
  0x0000025c04720240 JavaThread "Unconstrained build operations Thread 5"        [_thread_blocked, id=28524, stack(0x000000b132400000,0x000000b132500000) (1024K)]
  0x0000025c0471d450 JavaThread "Unconstrained build operations Thread 6"        [_thread_blocked, id=26584, stack(0x000000b132500000,0x000000b132600000) (1024K)]
  0x0000025c0471b380 JavaThread "Unconstrained build operations Thread 7"        [_thread_blocked, id=21128, stack(0x000000b132600000,0x000000b132700000) (1024K)]
  0x0000025c0471c730 JavaThread "Unconstrained build operations Thread 8"        [_thread_blocked, id=25280, stack(0x000000b132700000,0x000000b132800000) (1024K)]
  0x0000025c04719940 JavaThread "Unconstrained build operations Thread 9"        [_thread_blocked, id=4108, stack(0x000000b132800000,0x000000b132900000) (1024K)]
  0x0000025c04ac3900 JavaThread "Unconstrained build operations Thread 10"        [_thread_blocked, id=30448, stack(0x000000b132900000,0x000000b132a00000) (1024K)]
  0x0000025c04abc970 JavaThread "Unconstrained build operations Thread 11"        [_thread_blocked, id=10960, stack(0x000000b132a00000,0x000000b132b00000) (1024K)]
  0x0000025c04abea40 JavaThread "Unconstrained build operations Thread 12"        [_thread_blocked, id=27800, stack(0x000000b132b00000,0x000000b132c00000) (1024K)]
  0x0000025c04abd000 JavaThread "Unconstrained build operations Thread 13"        [_thread_blocked, id=15856, stack(0x000000b132c00000,0x000000b132d00000) (1024K)]
  0x0000025c04abe3b0 JavaThread "Unconstrained build operations Thread 14"        [_thread_blocked, id=25560, stack(0x000000b132f00000,0x000000b133000000) (1024K)]
  0x0000025c04ac3f90 JavaThread "Unconstrained build operations Thread 15"        [_thread_blocked, id=20288, stack(0x000000b133000000,0x000000b133100000) (1024K)]
  0x0000025c04ac0b10 JavaThread "Unconstrained build operations Thread 16"        [_thread_blocked, id=5364, stack(0x000000b133100000,0x000000b133200000) (1024K)]
  0x0000025c7ecc2520 JavaThread "Unconstrained build operations Thread 17"        [_thread_blocked, id=25200, stack(0x000000b133200000,0x000000b133300000) (1024K)]
  0x0000025c7ecc3240 JavaThread "Unconstrained build operations Thread 18"        [_thread_blocked, id=32428, stack(0x000000b133300000,0x000000b133400000) (1024K)]
  0x0000025c7ecbdcf0 JavaThread "Unconstrained build operations Thread 19"        [_thread_blocked, id=33332, stack(0x000000b133400000,0x000000b133500000) (1024K)]
  0x0000025c7ecbcfd0 JavaThread "Unconstrained build operations Thread 20"        [_thread_blocked, id=24656, stack(0x000000b133600000,0x000000b133700000) (1024K)]
  0x0000025c7ecbd660 JavaThread "Unconstrained build operations Thread 21"        [_thread_blocked, id=12828, stack(0x000000b133700000,0x000000b133800000) (1024K)]
Total: 67

Other Threads:
  0x0000025c684fa560 VMThread "VM Thread"                           [id=19460, stack(0x000000b12f000000,0x000000b12f100000) (1024K)]
  0x0000025c684ec0b0 WatcherThread "VM Periodic Task Thread"        [id=30848, stack(0x000000b12ef00000,0x000000b12f000000) (1024K)]
  0x0000025c50b31d80 WorkerThread "GC Thread#0"                     [id=17656, stack(0x000000b12ea00000,0x000000b12eb00000) (1024K)]
  0x0000025c7e209d90 WorkerThread "GC Thread#1"                     [id=23344, stack(0x000000b12fd00000,0x000000b12fe00000) (1024K)]
  0x0000025c7e915fb0 WorkerThread "GC Thread#2"                     [id=13128, stack(0x000000b12fe00000,0x000000b12ff00000) (1024K)]
  0x0000025c7e6f84d0 WorkerThread "GC Thread#3"                     [id=8000, stack(0x000000b12ff00000,0x000000b130000000) (1024K)]
  0x0000025c7e5e98d0 WorkerThread "GC Thread#4"                     [id=11292, stack(0x000000b130000000,0x000000b130100000) (1024K)]
  0x0000025c7e5e9c80 WorkerThread "GC Thread#5"                     [id=32908, stack(0x000000b130100000,0x000000b130200000) (1024K)]
  0x0000025c05e466a0 WorkerThread "GC Thread#6"                     [id=10708, stack(0x000000b131100000,0x000000b131200000) (1024K)]
  0x0000025c05e45430 WorkerThread "GC Thread#7"                     [id=28580, stack(0x000000b131200000,0x000000b131300000) (1024K)]
  0x0000025c50b36f20 ConcurrentGCThread "G1 Main Marker"            [id=30740, stack(0x000000b12eb00000,0x000000b12ec00000) (1024K)]
  0x0000025c50b38a40 WorkerThread "G1 Conc#0"                       [id=28428, stack(0x000000b12ec00000,0x000000b12ed00000) (1024K)]
  0x0000025c05e457e0 WorkerThread "G1 Conc#1"                       [id=18540, stack(0x000000b131300000,0x000000b131400000) (1024K)]
  0x0000025c50bbe610 ConcurrentGCThread "G1 Refine#0"               [id=28616, stack(0x000000b12ed00000,0x000000b12ee00000) (1024K)]
  0x0000025c683be4a0 ConcurrentGCThread "G1 Service"                [id=6284, stack(0x000000b12ee00000,0x000000b12ef00000) (1024K)]
Total: 15

Threads with active compile tasks:
C2 CompilerThread0  64096 14306       4       java.lang.reflect.AccessibleObject::slowVerifyAccess (67 bytes)
C2 CompilerThread1  64096 14278       4       java.lang.reflect.Constructor::newInstance (34 bytes)
Total: 2

VM state: not at safepoint (normal execution)

VM Mutex/Monitor currently owned by a thread: None

OutOfMemory and StackOverflow Exception counts:
OutOfMemoryError java_heap_errors=1
LinkageErrors=218

Heap address: 0x00000000e0000000, size: 512 MB, Compressed Oops mode: 32-bit

CDS archive(s) mapped at: [0x0000025c69000000-0x0000025c69ba0000-0x0000025c69ba0000), size 12189696, SharedBaseAddress: 0x0000025c69000000, ArchiveRelocationMode: 1.
Compressed class space mapped at: 0x0000025c6a000000-0x0000025c7e000000, reserved size: 335544320
Narrow klass base: 0x0000025c69000000, Narrow klass shift: 0, Narrow klass range: 0x100000000

GC Precious Log:
 CardTable entry size: 512
 Card Set container configuration: InlinePtr #cards 5 size 8 Array Of Cards #cards 12 size 40 Howl #buckets 4 coarsen threshold 1843 Howl Bitmap #cards 512 size 80 coarsen threshold 460 Card regions per heap region 1 cards per card region 2048
 CPUs: 8 total, 8 available
 Memory: 32455M
 Large Page Support: Disabled
 NUMA Support: Disabled
 Compressed Oops: Enabled (32-bit)
 Heap Region Size: 1M
 Heap Min Capacity: 256M
 Heap Initial Capacity: 256M
 Heap Max Capacity: 512M
 Pre-touch: Disabled
 Parallel Workers: 8
 Concurrent Workers: 2
 Concurrent Refinement Workers: 8
 Periodic GC: Disabled

Heap:
 garbage-first heap   total 262144K, used 166552K [0x00000000e0000000, 0x0000000100000000)
  region size 1024K, 92 young (94208K), 7 survivors (7168K)
 Metaspace       used 92415K, committed 94592K, reserved 458752K
  class space    used 13451K, committed 14528K, reserved 327680K

Heap Regions: E=young(eden), S=young(survivor), O=old, HS=humongous(starts), HC=humongous(continues), CS=collection set, F=free, TAMS=top-at-mark-start, PB=parsable bottom
|   0|0x00000000e0000000, 0x00000000e0100000, 0x00000000e0100000|100%|HS|  |TAMS 0x00000000e0000000| PB 0x00000000e0000000| Complete 
|   1|0x00000000e0100000, 0x00000000e0200000, 0x00000000e0200000|100%|HC|  |TAMS 0x00000000e0100000| PB 0x00000000e0100000| Complete 
|   2|0x00000000e0200000, 0x00000000e0300000, 0x00000000e0300000|100%|HC|  |TAMS 0x00000000e0200000| PB 0x00000000e0200000| Complete 
|   3|0x00000000e0300000, 0x00000000e0400000, 0x00000000e0400000|100%|HC|  |TAMS 0x00000000e0300000| PB 0x00000000e0300000| Complete 
|   4|0x00000000e0400000, 0x00000000e0500000, 0x00000000e0500000|100%| O|  |TAMS 0x00000000e0400000| PB 0x00000000e0400000| Untracked 
|   5|0x00000000e0500000, 0x00000000e0600000, 0x00000000e0600000|100%| O|  |TAMS 0x00000000e0500000| PB 0x00000000e0500000| Untracked 
|   6|0x00000000e0600000, 0x00000000e0700000, 0x00000000e0700000|100%| O|  |TAMS 0x00000000e0600000| PB 0x00000000e0600000| Untracked 
|   7|0x00000000e0700000, 0x00000000e0800000, 0x00000000e0800000|100%| O|  |TAMS 0x00000000e0700000| PB 0x00000000e0700000| Untracked 
|   8|0x00000000e0800000, 0x00000000e0900000, 0x00000000e0900000|100%| O|  |TAMS 0x00000000e0800000| PB 0x00000000e0800000| Untracked 
|   9|0x00000000e0900000, 0x00000000e0a00000, 0x00000000e0a00000|100%| O|  |TAMS 0x00000000e0900000| PB 0x00000000e0900000| Untracked 
|  10|0x00000000e0a00000, 0x00000000e0b00000, 0x00000000e0b00000|100%| O|  |TAMS 0x00000000e0a00000| PB 0x00000000e0a00000| Untracked 
|  11|0x00000000e0b00000, 0x00000000e0c00000, 0x00000000e0c00000|100%|HS|  |TAMS 0x00000000e0b00000| PB 0x00000000e0b00000| Complete 
|  12|0x00000000e0c00000, 0x00000000e0d00000, 0x00000000e0d00000|100%| O|  |TAMS 0x00000000e0c00000| PB 0x00000000e0c00000| Untracked 
|  13|0x00000000e0d00000, 0x00000000e0e00000, 0x00000000e0e00000|100%| O|  |TAMS 0x00000000e0d00000| PB 0x00000000e0d00000| Untracked 
|  14|0x00000000e0e00000, 0x00000000e0f00000, 0x00000000e0f00000|100%| O|  |TAMS 0x00000000e0e00000| PB 0x00000000e0e00000| Untracked 
|  15|0x00000000e0f00000, 0x00000000e1000000, 0x00000000e1000000|100%| O|  |TAMS 0x00000000e0f00000| PB 0x00000000e0f00000| Untracked 
|  16|0x00000000e1000000, 0x00000000e1100000, 0x00000000e1100000|100%| O|  |TAMS 0x00000000e1000000| PB 0x00000000e1000000| Untracked 
|  17|0x00000000e1100000, 0x00000000e1200000, 0x00000000e1200000|100%| O|  |TAMS 0x00000000e1100000| PB 0x00000000e1100000| Untracked 
|  18|0x00000000e1200000, 0x00000000e1300000, 0x00000000e1300000|100%| O|  |TAMS 0x00000000e1200000| PB 0x00000000e1200000| Untracked 
|  19|0x00000000e1300000, 0x00000000e1400000, 0x00000000e1400000|100%| O|  |TAMS 0x00000000e1300000| PB 0x00000000e1300000| Untracked 
|  20|0x00000000e1400000, 0x00000000e1500000, 0x00000000e1500000|100%| O|  |TAMS 0x00000000e1400000| PB 0x00000000e1400000| Untracked 
|  21|0x00000000e1500000, 0x00000000e1600000, 0x00000000e1600000|100%| O|  |TAMS 0x00000000e1500000| PB 0x00000000e1500000| Untracked 
|  22|0x00000000e1600000, 0x00000000e1700000, 0x00000000e1700000|100%| O|  |TAMS 0x00000000e1600000| PB 0x00000000e1600000| Untracked 
|  23|0x00000000e1700000, 0x00000000e1800000, 0x00000000e1800000|100%| O|  |TAMS 0x00000000e1700000| PB 0x00000000e1700000| Untracked 
|  24|0x00000000e1800000, 0x00000000e1900000, 0x00000000e1900000|100%| O|  |TAMS 0x00000000e1800000| PB 0x00000000e1800000| Untracked 
|  25|0x00000000e1900000, 0x00000000e1a00000, 0x00000000e1a00000|100%| O|  |TAMS 0x00000000e1900000| PB 0x00000000e1900000| Untracked 
|  26|0x00000000e1a00000, 0x00000000e1b00000, 0x00000000e1b00000|100%| O|  |TAMS 0x00000000e1a00000| PB 0x00000000e1a00000| Untracked 
|  27|0x00000000e1b00000, 0x00000000e1c00000, 0x00000000e1c00000|100%| O|  |TAMS 0x00000000e1b00000| PB 0x00000000e1b00000| Untracked 
|  28|0x00000000e1c00000, 0x00000000e1d00000, 0x00000000e1d00000|100%| O|  |TAMS 0x00000000e1c00000| PB 0x00000000e1c00000| Untracked 
|  29|0x00000000e1d00000, 0x00000000e1e00000, 0x00000000e1e00000|100%| O|  |TAMS 0x00000000e1d00000| PB 0x00000000e1d00000| Untracked 
|  30|0x00000000e1e00000, 0x00000000e1f00000, 0x00000000e1f00000|100%| O|  |TAMS 0x00000000e1e00000| PB 0x00000000e1e00000| Untracked 
|  31|0x00000000e1f00000, 0x00000000e2000000, 0x00000000e2000000|100%| O|  |TAMS 0x00000000e1f00000| PB 0x00000000e1f00000| Untracked 
|  32|0x00000000e2000000, 0x00000000e2100000, 0x00000000e2100000|100%| O|  |TAMS 0x00000000e2000000| PB 0x00000000e2000000| Untracked 
|  33|0x00000000e2100000, 0x00000000e2200000, 0x00000000e2200000|100%| O|  |TAMS 0x00000000e2100000| PB 0x00000000e2100000| Untracked 
|  34|0x00000000e2200000, 0x00000000e2300000, 0x00000000e2300000|100%| O|  |TAMS 0x00000000e2200000| PB 0x00000000e2200000| Untracked 
|  35|0x00000000e2300000, 0x00000000e2400000, 0x00000000e2400000|100%| O|  |TAMS 0x00000000e2300000| PB 0x00000000e2300000| Untracked 
|  36|0x00000000e2400000, 0x00000000e2500000, 0x00000000e2500000|100%| O|  |TAMS 0x00000000e2400000| PB 0x00000000e2400000| Untracked 
|  37|0x00000000e2500000, 0x00000000e2600000, 0x00000000e2600000|100%| O|  |TAMS 0x00000000e2500000| PB 0x00000000e2500000| Untracked 
|  38|0x00000000e2600000, 0x00000000e2700000, 0x00000000e2700000|100%| O|  |TAMS 0x00000000e2600000| PB 0x00000000e2600000| Untracked 
|  39|0x00000000e2700000, 0x00000000e2800000, 0x00000000e2800000|100%|HS|  |TAMS 0x00000000e2700000| PB 0x00000000e2700000| Complete 
|  40|0x00000000e2800000, 0x00000000e2900000, 0x00000000e2900000|100%|HC|  |TAMS 0x00000000e2800000| PB 0x00000000e2800000| Complete 
|  41|0x00000000e2900000, 0x00000000e2a00000, 0x00000000e2a00000|100%|HC|  |TAMS 0x00000000e2900000| PB 0x00000000e2900000| Complete 
|  42|0x00000000e2a00000, 0x00000000e2b00000, 0x00000000e2b00000|100%|HS|  |TAMS 0x00000000e2a00000| PB 0x00000000e2a00000| Complete 
|  43|0x00000000e2b00000, 0x00000000e2c00000, 0x00000000e2c00000|100%|HC|  |TAMS 0x00000000e2b00000| PB 0x00000000e2b00000| Complete 
|  44|0x00000000e2c00000, 0x00000000e2d00000, 0x00000000e2d00000|100%|HC|  |TAMS 0x00000000e2c00000| PB 0x00000000e2c00000| Complete 
|  45|0x00000000e2d00000, 0x00000000e2e00000, 0x00000000e2e00000|100%| O|  |TAMS 0x00000000e2d00000| PB 0x00000000e2d00000| Untracked 
|  46|0x00000000e2e00000, 0x00000000e2f00000, 0x00000000e2f00000|100%| O|  |TAMS 0x00000000e2e00000| PB 0x00000000e2e00000| Untracked 
|  47|0x00000000e2f00000, 0x00000000e3000000, 0x00000000e3000000|100%| O|  |TAMS 0x00000000e2f00000| PB 0x00000000e2f00000| Untracked 
|  48|0x00000000e3000000, 0x00000000e3100000, 0x00000000e3100000|100%| O|  |TAMS 0x00000000e3000000| PB 0x00000000e3000000| Untracked 
|  49|0x00000000e3100000, 0x00000000e3200000, 0x00000000e3200000|100%| O|  |TAMS 0x00000000e3100000| PB 0x00000000e3100000| Untracked 
|  50|0x00000000e3200000, 0x00000000e3300000, 0x00000000e3300000|100%| O|  |TAMS 0x00000000e3200000| PB 0x00000000e3200000| Untracked 
|  51|0x00000000e3300000, 0x00000000e3400000, 0x00000000e3400000|100%| O|  |TAMS 0x00000000e3300000| PB 0x00000000e3300000| Untracked 
|  52|0x00000000e3400000, 0x00000000e3500000, 0x00000000e3500000|100%| O|  |TAMS 0x00000000e3400000| PB 0x00000000e3400000| Untracked 
|  53|0x00000000e3500000, 0x00000000e3600000, 0x00000000e3600000|100%| O|  |TAMS 0x00000000e3500000| PB 0x00000000e3500000| Untracked 
|  54|0x00000000e3600000, 0x00000000e3700000, 0x00000000e3700000|100%| O|  |TAMS 0x00000000e3600000| PB 0x00000000e3600000| Untracked 
|  55|0x00000000e3700000, 0x00000000e3800000, 0x00000000e3800000|100%| O|  |TAMS 0x00000000e3700000| PB 0x00000000e3700000| Untracked 
|  56|0x00000000e3800000, 0x00000000e3900000, 0x00000000e3900000|100%| O|  |TAMS 0x00000000e3800000| PB 0x00000000e3800000| Untracked 
|  57|0x00000000e3900000, 0x00000000e3a00000, 0x00000000e3a00000|100%| O|  |TAMS 0x00000000e3900000| PB 0x00000000e3900000| Untracked 
|  58|0x00000000e3a00000, 0x00000000e3b00000, 0x00000000e3b00000|100%| O|  |TAMS 0x00000000e3a00000| PB 0x00000000e3a00000| Untracked 
|  59|0x00000000e3b00000, 0x00000000e3c00000, 0x00000000e3c00000|100%| O|  |TAMS 0x00000000e3b00000| PB 0x00000000e3b00000| Untracked 
|  60|0x00000000e3c00000, 0x00000000e3d00000, 0x00000000e3d00000|100%| O|Cm|TAMS 0x00000000e3c00000| PB 0x00000000e3c00000| Complete 
|  61|0x00000000e3d00000, 0x00000000e3e00000, 0x00000000e3e00000|100%| O|  |TAMS 0x00000000e3d00000| PB 0x00000000e3d00000| Untracked 
|  62|0x00000000e3e00000, 0x00000000e3f00000, 0x00000000e3f00000|100%| O|  |TAMS 0x00000000e3e00000| PB 0x00000000e3e00000| Untracked 
|  63|0x00000000e3f00000, 0x00000000e4000000, 0x00000000e4000000|100%| O|  |TAMS 0x00000000e3f00000| PB 0x00000000e3f00000| Untracked 
|  64|0x00000000e4000000, 0x00000000e4100000, 0x00000000e4100000|100%| O|  |TAMS 0x00000000e4000000| PB 0x00000000e4000000| Untracked 
|  65|0x00000000e4100000, 0x00000000e4200000, 0x00000000e4200000|100%| O|  |TAMS 0x00000000e4100000| PB 0x00000000e4100000| Untracked 
|  66|0x00000000e4200000, 0x00000000e4300000, 0x00000000e4300000|100%| O|  |TAMS 0x00000000e4200000| PB 0x00000000e4200000| Untracked 
|  67|0x00000000e4300000, 0x00000000e4400000, 0x00000000e4400000|100%| O|  |TAMS 0x00000000e4300000| PB 0x00000000e4300000| Untracked 
|  68|0x00000000e4400000, 0x00000000e4500000, 0x00000000e4500000|100%| O|  |TAMS 0x00000000e4400000| PB 0x00000000e4400000| Untracked 
|  69|0x00000000e4500000, 0x00000000e4600000, 0x00000000e4600000|100%| O|  |TAMS 0x00000000e4500000| PB 0x00000000e4500000| Untracked 
|  70|0x00000000e4600000, 0x00000000e4700000, 0x00000000e4700000|100%| O|  |TAMS 0x00000000e4600000| PB 0x00000000e4600000| Untracked 
|  71|0x00000000e4700000, 0x00000000e4800000, 0x00000000e4800000|100%| O|  |TAMS 0x00000000e4700000| PB 0x00000000e4700000| Untracked 
|  72|0x00000000e4800000, 0x00000000e4800000, 0x00000000e4900000|  0%| F|  |TAMS 0x00000000e4800000| PB 0x00000000e4800000| Untracked 
|  73|0x00000000e4900000, 0x00000000e4900000, 0x00000000e4a00000|  0%| F|  |TAMS 0x00000000e4900000| PB 0x00000000e4900000| Untracked 
|  74|0x00000000e4a00000, 0x00000000e4a00000, 0x00000000e4b00000|  0%| F|  |TAMS 0x00000000e4a00000| PB 0x00000000e4a00000| Untracked 
|  75|0x00000000e4b00000, 0x00000000e4b00000, 0x00000000e4c00000|  0%| F|  |TAMS 0x00000000e4b00000| PB 0x00000000e4b00000| Untracked 
|  76|0x00000000e4c00000, 0x00000000e4c00000, 0x00000000e4d00000|  0%| F|  |TAMS 0x00000000e4c00000| PB 0x00000000e4c00000| Untracked 
|  77|0x00000000e4d00000, 0x00000000e4d00000, 0x00000000e4e00000|  0%| F|  |TAMS 0x00000000e4d00000| PB 0x00000000e4d00000| Untracked 
|  78|0x00000000e4e00000, 0x00000000e4e00000, 0x00000000e4f00000|  0%| F|  |TAMS 0x00000000e4e00000| PB 0x00000000e4e00000| Untracked 
|  79|0x00000000e4f00000, 0x00000000e4f00000, 0x00000000e5000000|  0%| F|  |TAMS 0x00000000e4f00000| PB 0x00000000e4f00000| Untracked 
|  80|0x00000000e5000000, 0x00000000e5000000, 0x00000000e5100000|  0%| F|  |TAMS 0x00000000e5000000| PB 0x00000000e5000000| Untracked 
|  81|0x00000000e5100000, 0x00000000e5100000, 0x00000000e5200000|  0%| F|  |TAMS 0x00000000e5100000| PB 0x00000000e5100000| Untracked 
|  82|0x00000000e5200000, 0x00000000e5200000, 0x00000000e5300000|  0%| F|  |TAMS 0x00000000e5200000| PB 0x00000000e5200000| Untracked 
|  83|0x00000000e5300000, 0x00000000e5300000, 0x00000000e5400000|  0%| F|  |TAMS 0x00000000e5300000| PB 0x00000000e5300000| Untracked 
|  84|0x00000000e5400000, 0x00000000e5400000, 0x00000000e5500000|  0%| F|  |TAMS 0x00000000e5400000| PB 0x00000000e5400000| Untracked 
|  85|0x00000000e5500000, 0x00000000e5500000, 0x00000000e5600000|  0%| F|  |TAMS 0x00000000e5500000| PB 0x00000000e5500000| Untracked 
|  86|0x00000000e5600000, 0x00000000e5600000, 0x00000000e5700000|  0%| F|  |TAMS 0x00000000e5600000| PB 0x00000000e5600000| Untracked 
|  87|0x00000000e5700000, 0x00000000e5700000, 0x00000000e5800000|  0%| F|  |TAMS 0x00000000e5700000| PB 0x00000000e5700000| Untracked 
|  88|0x00000000e5800000, 0x00000000e5800000, 0x00000000e5900000|  0%| F|  |TAMS 0x00000000e5800000| PB 0x00000000e5800000| Untracked 
|  89|0x00000000e5900000, 0x00000000e5900000, 0x00000000e5a00000|  0%| F|  |TAMS 0x00000000e5900000| PB 0x00000000e5900000| Untracked 
|  90|0x00000000e5a00000, 0x00000000e5a00000, 0x00000000e5b00000|  0%| F|  |TAMS 0x00000000e5a00000| PB 0x00000000e5a00000| Untracked 
|  91|0x00000000e5b00000, 0x00000000e5b00000, 0x00000000e5c00000|  0%| F|  |TAMS 0x00000000e5b00000| PB 0x00000000e5b00000| Untracked 
|  92|0x00000000e5c00000, 0x00000000e5c00000, 0x00000000e5d00000|  0%| F|  |TAMS 0x00000000e5c00000| PB 0x00000000e5c00000| Untracked 
|  93|0x00000000e5d00000, 0x00000000e5d00000, 0x00000000e5e00000|  0%| F|  |TAMS 0x00000000e5d00000| PB 0x00000000e5d00000| Untracked 
|  94|0x00000000e5e00000, 0x00000000e5e00000, 0x00000000e5f00000|  0%| F|  |TAMS 0x00000000e5e00000| PB 0x00000000e5e00000| Untracked 
|  95|0x00000000e5f00000, 0x00000000e5f00000, 0x00000000e6000000|  0%| F|  |TAMS 0x00000000e5f00000| PB 0x00000000e5f00000| Untracked 
|  96|0x00000000e6000000, 0x00000000e6000000, 0x00000000e6100000|  0%| F|  |TAMS 0x00000000e6000000| PB 0x00000000e6000000| Untracked 
|  97|0x00000000e6100000, 0x00000000e6100000, 0x00000000e6200000|  0%| F|  |TAMS 0x00000000e6100000| PB 0x00000000e6100000| Untracked 
|  98|0x00000000e6200000, 0x00000000e6200000, 0x00000000e6300000|  0%| F|  |TAMS 0x00000000e6200000| PB 0x00000000e6200000| Untracked 
|  99|0x00000000e6300000, 0x00000000e6300000, 0x00000000e6400000|  0%| F|  |TAMS 0x00000000e6300000| PB 0x00000000e6300000| Untracked 
| 100|0x00000000e6400000, 0x00000000e6400000, 0x00000000e6500000|  0%| F|  |TAMS 0x00000000e6400000| PB 0x00000000e6400000| Untracked 
| 101|0x00000000e6500000, 0x00000000e6500000, 0x00000000e6600000|  0%| F|  |TAMS 0x00000000e6500000| PB 0x00000000e6500000| Untracked 
| 102|0x00000000e6600000, 0x00000000e6600000, 0x00000000e6700000|  0%| F|  |TAMS 0x00000000e6600000| PB 0x00000000e6600000| Untracked 
| 103|0x00000000e6700000, 0x00000000e6700000, 0x00000000e6800000|  0%| F|  |TAMS 0x00000000e6700000| PB 0x00000000e6700000| Untracked 
| 104|0x00000000e6800000, 0x00000000e6800000, 0x00000000e6900000|  0%| F|  |TAMS 0x00000000e6800000| PB 0x00000000e6800000| Untracked 
| 105|0x00000000e6900000, 0x00000000e6900000, 0x00000000e6a00000|  0%| F|  |TAMS 0x00000000e6900000| PB 0x00000000e6900000| Untracked 
| 106|0x00000000e6a00000, 0x00000000e6aa61f0, 0x00000000e6b00000| 64%| S|CS|TAMS 0x00000000e6a00000| PB 0x00000000e6a00000| Complete 
| 107|0x00000000e6b00000, 0x00000000e6c00000, 0x00000000e6c00000|100%| S|CS|TAMS 0x00000000e6b00000| PB 0x00000000e6b00000| Complete 
| 108|0x00000000e6c00000, 0x00000000e6d00000, 0x00000000e6d00000|100%| S|CS|TAMS 0x00000000e6c00000| PB 0x00000000e6c00000| Complete 
| 109|0x00000000e6d00000, 0x00000000e6e00000, 0x00000000e6e00000|100%| S|CS|TAMS 0x00000000e6d00000| PB 0x00000000e6d00000| Complete 
| 110|0x00000000e6e00000, 0x00000000e6f00000, 0x00000000e6f00000|100%| S|CS|TAMS 0x00000000e6e00000| PB 0x00000000e6e00000| Complete 
| 111|0x00000000e6f00000, 0x00000000e7000000, 0x00000000e7000000|100%| S|CS|TAMS 0x00000000e6f00000| PB 0x00000000e6f00000| Complete 
| 112|0x00000000e7000000, 0x00000000e7100000, 0x00000000e7100000|100%| S|CS|TAMS 0x00000000e7000000| PB 0x00000000e7000000| Complete 
| 113|0x00000000e7100000, 0x00000000e7100000, 0x00000000e7200000|  0%| F|  |TAMS 0x00000000e7100000| PB 0x00000000e7100000| Untracked 
| 114|0x00000000e7200000, 0x00000000e7200000, 0x00000000e7300000|  0%| F|  |TAMS 0x00000000e7200000| PB 0x00000000e7200000| Untracked 
| 115|0x00000000e7300000, 0x00000000e7300000, 0x00000000e7400000|  0%| F|  |TAMS 0x00000000e7300000| PB 0x00000000e7300000| Untracked 
| 116|0x00000000e7400000, 0x00000000e7400000, 0x00000000e7500000|  0%| F|  |TAMS 0x00000000e7400000| PB 0x00000000e7400000| Untracked 
| 117|0x00000000e7500000, 0x00000000e7500000, 0x00000000e7600000|  0%| F|  |TAMS 0x00000000e7500000| PB 0x00000000e7500000| Untracked 
| 118|0x00000000e7600000, 0x00000000e7600000, 0x00000000e7700000|  0%| F|  |TAMS 0x00000000e7600000| PB 0x00000000e7600000| Untracked 
| 119|0x00000000e7700000, 0x00000000e7700000, 0x00000000e7800000|  0%| F|  |TAMS 0x00000000e7700000| PB 0x00000000e7700000| Untracked 
| 120|0x00000000e7800000, 0x00000000e7800000, 0x00000000e7900000|  0%| F|  |TAMS 0x00000000e7800000| PB 0x00000000e7800000| Untracked 
| 121|0x00000000e7900000, 0x00000000e7900000, 0x00000000e7a00000|  0%| F|  |TAMS 0x00000000e7900000| PB 0x00000000e7900000| Untracked 
| 122|0x00000000e7a00000, 0x00000000e7a00000, 0x00000000e7b00000|  0%| F|  |TAMS 0x00000000e7a00000| PB 0x00000000e7a00000| Untracked 
| 123|0x00000000e7b00000, 0x00000000e7b00000, 0x00000000e7c00000|  0%| F|  |TAMS 0x00000000e7b00000| PB 0x00000000e7b00000| Untracked 
| 124|0x00000000e7c00000, 0x00000000e7c00000, 0x00000000e7d00000|  0%| F|  |TAMS 0x00000000e7c00000| PB 0x00000000e7c00000| Untracked 
| 125|0x00000000e7d00000, 0x00000000e7d00000, 0x00000000e7e00000|  0%| F|  |TAMS 0x00000000e7d00000| PB 0x00000000e7d00000| Untracked 
| 126|0x00000000e7e00000, 0x00000000e7e00000, 0x00000000e7f00000|  0%| F|  |TAMS 0x00000000e7e00000| PB 0x00000000e7e00000| Untracked 
| 127|0x00000000e7f00000, 0x00000000e7f00000, 0x00000000e8000000|  0%| F|  |TAMS 0x00000000e7f00000| PB 0x00000000e7f00000| Untracked 
| 128|0x00000000e8000000, 0x00000000e8000000, 0x00000000e8100000|  0%| F|  |TAMS 0x00000000e8000000| PB 0x00000000e8000000| Untracked 
| 129|0x00000000e8100000, 0x00000000e8100000, 0x00000000e8200000|  0%| F|  |TAMS 0x00000000e8100000| PB 0x00000000e8100000| Untracked 
| 130|0x00000000e8200000, 0x00000000e8200000, 0x00000000e8300000|  0%| F|  |TAMS 0x00000000e8200000| PB 0x00000000e8200000| Untracked 
| 131|0x00000000e8300000, 0x00000000e8300000, 0x00000000e8400000|  0%| F|  |TAMS 0x00000000e8300000| PB 0x00000000e8300000| Untracked 
| 132|0x00000000e8400000, 0x00000000e8400000, 0x00000000e8500000|  0%| F|  |TAMS 0x00000000e8400000| PB 0x00000000e8400000| Untracked 
| 133|0x00000000e8500000, 0x00000000e8500000, 0x00000000e8600000|  0%| F|  |TAMS 0x00000000e8500000| PB 0x00000000e8500000| Untracked 
| 134|0x00000000e8600000, 0x00000000e8600000, 0x00000000e8700000|  0%| F|  |TAMS 0x00000000e8600000| PB 0x00000000e8600000| Untracked 
| 135|0x00000000e8700000, 0x00000000e8700000, 0x00000000e8800000|  0%| F|  |TAMS 0x00000000e8700000| PB 0x00000000e8700000| Untracked 
| 136|0x00000000e8800000, 0x00000000e8800000, 0x00000000e8900000|  0%| F|  |TAMS 0x00000000e8800000| PB 0x00000000e8800000| Untracked 
| 137|0x00000000e8900000, 0x00000000e8900000, 0x00000000e8a00000|  0%| F|  |TAMS 0x00000000e8900000| PB 0x00000000e8900000| Untracked 
| 138|0x00000000e8a00000, 0x00000000e8a00000, 0x00000000e8b00000|  0%| F|  |TAMS 0x00000000e8a00000| PB 0x00000000e8a00000| Untracked 
| 139|0x00000000e8b00000, 0x00000000e8b00000, 0x00000000e8c00000|  0%| F|  |TAMS 0x00000000e8b00000| PB 0x00000000e8b00000| Untracked 
| 140|0x00000000e8c00000, 0x00000000e8c00000, 0x00000000e8d00000|  0%| F|  |TAMS 0x00000000e8c00000| PB 0x00000000e8c00000| Untracked 
| 141|0x00000000e8d00000, 0x00000000e8d00000, 0x00000000e8e00000|  0%| F|  |TAMS 0x00000000e8d00000| PB 0x00000000e8d00000| Untracked 
| 142|0x00000000e8e00000, 0x00000000e8e00000, 0x00000000e8f00000|  0%| F|  |TAMS 0x00000000e8e00000| PB 0x00000000e8e00000| Untracked 
| 143|0x00000000e8f00000, 0x00000000e8f00000, 0x00000000e9000000|  0%| F|  |TAMS 0x00000000e8f00000| PB 0x00000000e8f00000| Untracked 
| 144|0x00000000e9000000, 0x00000000e9000000, 0x00000000e9100000|  0%| F|  |TAMS 0x00000000e9000000| PB 0x00000000e9000000| Untracked 
| 145|0x00000000e9100000, 0x00000000e9100000, 0x00000000e9200000|  0%| F|  |TAMS 0x00000000e9100000| PB 0x00000000e9100000| Untracked 
| 146|0x00000000e9200000, 0x00000000e9200000, 0x00000000e9300000|  0%| F|  |TAMS 0x00000000e9200000| PB 0x00000000e9200000| Untracked 
| 147|0x00000000e9300000, 0x00000000e9300000, 0x00000000e9400000|  0%| F|  |TAMS 0x00000000e9300000| PB 0x00000000e9300000| Untracked 
| 148|0x00000000e9400000, 0x00000000e9400000, 0x00000000e9500000|  0%| F|  |TAMS 0x00000000e9400000| PB 0x00000000e9400000| Untracked 
| 149|0x00000000e9500000, 0x00000000e9500000, 0x00000000e9600000|  0%| F|  |TAMS 0x00000000e9500000| PB 0x00000000e9500000| Untracked 
| 150|0x00000000e9600000, 0x00000000e9600000, 0x00000000e9700000|  0%| F|  |TAMS 0x00000000e9600000| PB 0x00000000e9600000| Untracked 
| 151|0x00000000e9700000, 0x00000000e9700000, 0x00000000e9800000|  0%| F|  |TAMS 0x00000000e9700000| PB 0x00000000e9700000| Untracked 
| 152|0x00000000e9800000, 0x00000000e9800000, 0x00000000e9900000|  0%| F|  |TAMS 0x00000000e9800000| PB 0x00000000e9800000| Untracked 
| 153|0x00000000e9900000, 0x00000000e9900000, 0x00000000e9a00000|  0%| F|  |TAMS 0x00000000e9900000| PB 0x00000000e9900000| Untracked 
| 154|0x00000000e9a00000, 0x00000000e9a00000, 0x00000000e9b00000|  0%| F|  |TAMS 0x00000000e9a00000| PB 0x00000000e9a00000| Untracked 
| 155|0x00000000e9b00000, 0x00000000e9b00000, 0x00000000e9c00000|  0%| F|  |TAMS 0x00000000e9b00000| PB 0x00000000e9b00000| Untracked 
| 156|0x00000000e9c00000, 0x00000000e9c00000, 0x00000000e9d00000|  0%| F|  |TAMS 0x00000000e9c00000| PB 0x00000000e9c00000| Untracked 
| 157|0x00000000e9d00000, 0x00000000e9d00000, 0x00000000e9e00000|  0%| F|  |TAMS 0x00000000e9d00000| PB 0x00000000e9d00000| Untracked 
| 158|0x00000000e9e00000, 0x00000000e9e00000, 0x00000000e9f00000|  0%| F|  |TAMS 0x00000000e9e00000| PB 0x00000000e9e00000| Untracked 
| 159|0x00000000e9f00000, 0x00000000e9f00000, 0x00000000ea000000|  0%| F|  |TAMS 0x00000000e9f00000| PB 0x00000000e9f00000| Untracked 
| 160|0x00000000ea000000, 0x00000000ea000000, 0x00000000ea100000|  0%| F|  |TAMS 0x00000000ea000000| PB 0x00000000ea000000| Untracked 
| 161|0x00000000ea100000, 0x00000000ea100000, 0x00000000ea200000|  0%| F|  |TAMS 0x00000000ea100000| PB 0x00000000ea100000| Untracked 
| 162|0x00000000ea200000, 0x00000000ea200000, 0x00000000ea300000|  0%| F|  |TAMS 0x00000000ea200000| PB 0x00000000ea200000| Untracked 
| 163|0x00000000ea300000, 0x00000000ea300000, 0x00000000ea400000|  0%| F|  |TAMS 0x00000000ea300000| PB 0x00000000ea300000| Untracked 
| 164|0x00000000ea400000, 0x00000000ea400000, 0x00000000ea500000|  0%| F|  |TAMS 0x00000000ea400000| PB 0x00000000ea400000| Untracked 
| 165|0x00000000ea500000, 0x00000000ea500000, 0x00000000ea600000|  0%| F|  |TAMS 0x00000000ea500000| PB 0x00000000ea500000| Untracked 
| 166|0x00000000ea600000, 0x00000000ea600000, 0x00000000ea700000|  0%| F|  |TAMS 0x00000000ea600000| PB 0x00000000ea600000| Untracked 
| 167|0x00000000ea700000, 0x00000000ea700000, 0x00000000ea800000|  0%| F|  |TAMS 0x00000000ea700000| PB 0x00000000ea700000| Untracked 
| 168|0x00000000ea800000, 0x00000000ea800000, 0x00000000ea900000|  0%| F|  |TAMS 0x00000000ea800000| PB 0x00000000ea800000| Untracked 
| 169|0x00000000ea900000, 0x00000000ea900000, 0x00000000eaa00000|  0%| F|  |TAMS 0x00000000ea900000| PB 0x00000000ea900000| Untracked 
| 170|0x00000000eaa00000, 0x00000000eaa00000, 0x00000000eab00000|  0%| F|  |TAMS 0x00000000eaa00000| PB 0x00000000eaa00000| Untracked 
| 171|0x00000000eab00000, 0x00000000eac00000, 0x00000000eac00000|100%| E|  |TAMS 0x00000000eab00000| PB 0x00000000eab00000| Complete 
| 172|0x00000000eac00000, 0x00000000ead00000, 0x00000000ead00000|100%| E|CS|TAMS 0x00000000eac00000| PB 0x00000000eac00000| Complete 
| 173|0x00000000ead00000, 0x00000000eae00000, 0x00000000eae00000|100%| E|CS|TAMS 0x00000000ead00000| PB 0x00000000ead00000| Complete 
| 174|0x00000000eae00000, 0x00000000eaf00000, 0x00000000eaf00000|100%| E|CS|TAMS 0x00000000eae00000| PB 0x00000000eae00000| Complete 
| 175|0x00000000eaf00000, 0x00000000eb000000, 0x00000000eb000000|100%| E|CS|TAMS 0x00000000eaf00000| PB 0x00000000eaf00000| Complete 
| 176|0x00000000eb000000, 0x00000000eb100000, 0x00000000eb100000|100%| E|CS|TAMS 0x00000000eb000000| PB 0x00000000eb000000| Complete 
| 177|0x00000000eb100000, 0x00000000eb200000, 0x00000000eb200000|100%| E|CS|TAMS 0x00000000eb100000| PB 0x00000000eb100000| Complete 
| 178|0x00000000eb200000, 0x00000000eb300000, 0x00000000eb300000|100%| E|CS|TAMS 0x00000000eb200000| PB 0x00000000eb200000| Complete 
| 179|0x00000000eb300000, 0x00000000eb400000, 0x00000000eb400000|100%| E|CS|TAMS 0x00000000eb300000| PB 0x00000000eb300000| Complete 
| 180|0x00000000eb400000, 0x00000000eb500000, 0x00000000eb500000|100%| E|CS|TAMS 0x00000000eb400000| PB 0x00000000eb400000| Complete 
| 181|0x00000000eb500000, 0x00000000eb600000, 0x00000000eb600000|100%| E|CS|TAMS 0x00000000eb500000| PB 0x00000000eb500000| Complete 
| 182|0x00000000eb600000, 0x00000000eb700000, 0x00000000eb700000|100%| E|CS|TAMS 0x00000000eb600000| PB 0x00000000eb600000| Complete 
| 183|0x00000000eb700000, 0x00000000eb800000, 0x00000000eb800000|100%| E|CS|TAMS 0x00000000eb700000| PB 0x00000000eb700000| Complete 
| 184|0x00000000eb800000, 0x00000000eb900000, 0x00000000eb900000|100%| E|CS|TAMS 0x00000000eb800000| PB 0x00000000eb800000| Complete 
| 185|0x00000000eb900000, 0x00000000eba00000, 0x00000000eba00000|100%| E|CS|TAMS 0x00000000eb900000| PB 0x00000000eb900000| Complete 
| 186|0x00000000eba00000, 0x00000000ebb00000, 0x00000000ebb00000|100%| E|CS|TAMS 0x00000000eba00000| PB 0x00000000eba00000| Complete 
| 187|0x00000000ebb00000, 0x00000000ebc00000, 0x00000000ebc00000|100%| E|CS|TAMS 0x00000000ebb00000| PB 0x00000000ebb00000| Complete 
| 188|0x00000000ebc00000, 0x00000000ebd00000, 0x00000000ebd00000|100%| E|CS|TAMS 0x00000000ebc00000| PB 0x00000000ebc00000| Complete 
| 189|0x00000000ebd00000, 0x00000000ebe00000, 0x00000000ebe00000|100%| E|CS|TAMS 0x00000000ebd00000| PB 0x00000000ebd00000| Complete 
| 190|0x00000000ebe00000, 0x00000000ebf00000, 0x00000000ebf00000|100%| E|CS|TAMS 0x00000000ebe00000| PB 0x00000000ebe00000| Complete 
| 191|0x00000000ebf00000, 0x00000000ec000000, 0x00000000ec000000|100%| E|CS|TAMS 0x00000000ebf00000| PB 0x00000000ebf00000| Complete 
| 192|0x00000000ec000000, 0x00000000ec100000, 0x00000000ec100000|100%| E|CS|TAMS 0x00000000ec000000| PB 0x00000000ec000000| Complete 
| 193|0x00000000ec100000, 0x00000000ec200000, 0x00000000ec200000|100%| E|CS|TAMS 0x00000000ec100000| PB 0x00000000ec100000| Complete 
| 194|0x00000000ec200000, 0x00000000ec300000, 0x00000000ec300000|100%| E|CS|TAMS 0x00000000ec200000| PB 0x00000000ec200000| Complete 
| 195|0x00000000ec300000, 0x00000000ec400000, 0x00000000ec400000|100%| E|CS|TAMS 0x00000000ec300000| PB 0x00000000ec300000| Complete 
| 196|0x00000000ec400000, 0x00000000ec500000, 0x00000000ec500000|100%| E|CS|TAMS 0x00000000ec400000| PB 0x00000000ec400000| Complete 
| 197|0x00000000ec500000, 0x00000000ec600000, 0x00000000ec600000|100%| E|CS|TAMS 0x00000000ec500000| PB 0x00000000ec500000| Complete 
| 198|0x00000000ec600000, 0x00000000ec700000, 0x00000000ec700000|100%| E|CS|TAMS 0x00000000ec600000| PB 0x00000000ec600000| Complete 
| 199|0x00000000ec700000, 0x00000000ec800000, 0x00000000ec800000|100%| E|CS|TAMS 0x00000000ec700000| PB 0x00000000ec700000| Complete 
| 200|0x00000000ec800000, 0x00000000ec900000, 0x00000000ec900000|100%| E|CS|TAMS 0x00000000ec800000| PB 0x00000000ec800000| Complete 
| 201|0x00000000ec900000, 0x00000000eca00000, 0x00000000eca00000|100%| E|CS|TAMS 0x00000000ec900000| PB 0x00000000ec900000| Complete 
| 202|0x00000000eca00000, 0x00000000ecb00000, 0x00000000ecb00000|100%| E|CS|TAMS 0x00000000eca00000| PB 0x00000000eca00000| Complete 
| 203|0x00000000ecb00000, 0x00000000ecc00000, 0x00000000ecc00000|100%| E|CS|TAMS 0x00000000ecb00000| PB 0x00000000ecb00000| Complete 
| 204|0x00000000ecc00000, 0x00000000ecd00000, 0x00000000ecd00000|100%| E|CS|TAMS 0x00000000ecc00000| PB 0x00000000ecc00000| Complete 
| 205|0x00000000ecd00000, 0x00000000ece00000, 0x00000000ece00000|100%| E|CS|TAMS 0x00000000ecd00000| PB 0x00000000ecd00000| Complete 
| 206|0x00000000ece00000, 0x00000000ecf00000, 0x00000000ecf00000|100%| E|CS|TAMS 0x00000000ece00000| PB 0x00000000ece00000| Complete 
| 207|0x00000000ecf00000, 0x00000000ed000000, 0x00000000ed000000|100%| E|CS|TAMS 0x00000000ecf00000| PB 0x00000000ecf00000| Complete 
| 208|0x00000000ed000000, 0x00000000ed100000, 0x00000000ed100000|100%| E|CS|TAMS 0x00000000ed000000| PB 0x00000000ed000000| Complete 
| 209|0x00000000ed100000, 0x00000000ed200000, 0x00000000ed200000|100%| E|CS|TAMS 0x00000000ed100000| PB 0x00000000ed100000| Complete 
| 210|0x00000000ed200000, 0x00000000ed300000, 0x00000000ed300000|100%| E|CS|TAMS 0x00000000ed200000| PB 0x00000000ed200000| Complete 
| 211|0x00000000ed300000, 0x00000000ed400000, 0x00000000ed400000|100%| E|CS|TAMS 0x00000000ed300000| PB 0x00000000ed300000| Complete 
| 212|0x00000000ed400000, 0x00000000ed500000, 0x00000000ed500000|100%| E|CS|TAMS 0x00000000ed400000| PB 0x00000000ed400000| Complete 
| 213|0x00000000ed500000, 0x00000000ed600000, 0x00000000ed600000|100%| E|CS|TAMS 0x00000000ed500000| PB 0x00000000ed500000| Complete 
| 214|0x00000000ed600000, 0x00000000ed700000, 0x00000000ed700000|100%| E|CS|TAMS 0x00000000ed600000| PB 0x00000000ed600000| Complete 
| 215|0x00000000ed700000, 0x00000000ed800000, 0x00000000ed800000|100%| E|CS|TAMS 0x00000000ed700000| PB 0x00000000ed700000| Complete 
| 216|0x00000000ed800000, 0x00000000ed900000, 0x00000000ed900000|100%| E|CS|TAMS 0x00000000ed800000| PB 0x00000000ed800000| Complete 
| 217|0x00000000ed900000, 0x00000000eda00000, 0x00000000eda00000|100%| E|CS|TAMS 0x00000000ed900000| PB 0x00000000ed900000| Complete 
| 218|0x00000000eda00000, 0x00000000edb00000, 0x00000000edb00000|100%| E|CS|TAMS 0x00000000eda00000| PB 0x00000000eda00000| Complete 
| 219|0x00000000edb00000, 0x00000000edc00000, 0x00000000edc00000|100%| E|CS|TAMS 0x00000000edb00000| PB 0x00000000edb00000| Complete 
| 220|0x00000000edc00000, 0x00000000edd00000, 0x00000000edd00000|100%| E|CS|TAMS 0x00000000edc00000| PB 0x00000000edc00000| Complete 
| 221|0x00000000edd00000, 0x00000000ede00000, 0x00000000ede00000|100%| E|CS|TAMS 0x00000000edd00000| PB 0x00000000edd00000| Complete 
| 222|0x00000000ede00000, 0x00000000edf00000, 0x00000000edf00000|100%| E|CS|TAMS 0x00000000ede00000| PB 0x00000000ede00000| Complete 
| 223|0x00000000edf00000, 0x00000000ee000000, 0x00000000ee000000|100%| E|CS|TAMS 0x00000000edf00000| PB 0x00000000edf00000| Complete 
| 224|0x00000000ee000000, 0x00000000ee100000, 0x00000000ee100000|100%| E|CS|TAMS 0x00000000ee000000| PB 0x00000000ee000000| Complete 
| 225|0x00000000ee100000, 0x00000000ee200000, 0x00000000ee200000|100%| E|CS|TAMS 0x00000000ee100000| PB 0x00000000ee100000| Complete 
| 226|0x00000000ee200000, 0x00000000ee300000, 0x00000000ee300000|100%| E|CS|TAMS 0x00000000ee200000| PB 0x00000000ee200000| Complete 
| 227|0x00000000ee300000, 0x00000000ee400000, 0x00000000ee400000|100%| E|CS|TAMS 0x00000000ee300000| PB 0x00000000ee300000| Complete 
| 228|0x00000000ee400000, 0x00000000ee500000, 0x00000000ee500000|100%| E|CS|TAMS 0x00000000ee400000| PB 0x00000000ee400000| Complete 
| 229|0x00000000ee500000, 0x00000000ee600000, 0x00000000ee600000|100%| E|CS|TAMS 0x00000000ee500000| PB 0x00000000ee500000| Complete 
| 230|0x00000000ee600000, 0x00000000ee700000, 0x00000000ee700000|100%| E|CS|TAMS 0x00000000ee600000| PB 0x00000000ee600000| Complete 
| 231|0x00000000ee700000, 0x00000000ee800000, 0x00000000ee800000|100%| E|CS|TAMS 0x00000000ee700000| PB 0x00000000ee700000| Complete 
| 232|0x00000000ee800000, 0x00000000ee900000, 0x00000000ee900000|100%| E|CS|TAMS 0x00000000ee800000| PB 0x00000000ee800000| Complete 
| 233|0x00000000ee900000, 0x00000000eea00000, 0x00000000eea00000|100%| E|CS|TAMS 0x00000000ee900000| PB 0x00000000ee900000| Complete 
| 234|0x00000000eea00000, 0x00000000eeb00000, 0x00000000eeb00000|100%| E|CS|TAMS 0x00000000eea00000| PB 0x00000000eea00000| Complete 
| 235|0x00000000eeb00000, 0x00000000eec00000, 0x00000000eec00000|100%| E|CS|TAMS 0x00000000eeb00000| PB 0x00000000eeb00000| Complete 
| 236|0x00000000eec00000, 0x00000000eed00000, 0x00000000eed00000|100%| E|CS|TAMS 0x00000000eec00000| PB 0x00000000eec00000| Complete 
| 237|0x00000000eed00000, 0x00000000eee00000, 0x00000000eee00000|100%| E|CS|TAMS 0x00000000eed00000| PB 0x00000000eed00000| Complete 
| 238|0x00000000eee00000, 0x00000000eef00000, 0x00000000eef00000|100%| E|CS|TAMS 0x00000000eee00000| PB 0x00000000eee00000| Complete 
| 239|0x00000000eef00000, 0x00000000ef000000, 0x00000000ef000000|100%| E|CS|TAMS 0x00000000eef00000| PB 0x00000000eef00000| Complete 
| 240|0x00000000ef000000, 0x00000000ef100000, 0x00000000ef100000|100%| E|CS|TAMS 0x00000000ef000000| PB 0x00000000ef000000| Complete 
| 241|0x00000000ef100000, 0x00000000ef200000, 0x00000000ef200000|100%| E|CS|TAMS 0x00000000ef100000| PB 0x00000000ef100000| Complete 
| 242|0x00000000ef200000, 0x00000000ef300000, 0x00000000ef300000|100%| E|CS|TAMS 0x00000000ef200000| PB 0x00000000ef200000| Complete 
| 243|0x00000000ef300000, 0x00000000ef400000, 0x00000000ef400000|100%| E|CS|TAMS 0x00000000ef300000| PB 0x00000000ef300000| Complete 
| 244|0x00000000ef400000, 0x00000000ef500000, 0x00000000ef500000|100%| E|CS|TAMS 0x00000000ef400000| PB 0x00000000ef400000| Complete 
| 245|0x00000000ef500000, 0x00000000ef600000, 0x00000000ef600000|100%| E|CS|TAMS 0x00000000ef500000| PB 0x00000000ef500000| Complete 
| 246|0x00000000ef600000, 0x00000000ef700000, 0x00000000ef700000|100%| E|CS|TAMS 0x00000000ef600000| PB 0x00000000ef600000| Complete 
| 247|0x00000000ef700000, 0x00000000ef800000, 0x00000000ef800000|100%| E|CS|TAMS 0x00000000ef700000| PB 0x00000000ef700000| Complete 
| 248|0x00000000ef800000, 0x00000000ef900000, 0x00000000ef900000|100%| E|CS|TAMS 0x00000000ef800000| PB 0x00000000ef800000| Complete 
| 249|0x00000000ef900000, 0x00000000efa00000, 0x00000000efa00000|100%| E|CS|TAMS 0x00000000ef900000| PB 0x00000000ef900000| Complete 
| 250|0x00000000efa00000, 0x00000000efb00000, 0x00000000efb00000|100%| E|CS|TAMS 0x00000000efa00000| PB 0x00000000efa00000| Complete 
| 251|0x00000000efb00000, 0x00000000efc00000, 0x00000000efc00000|100%| E|CS|TAMS 0x00000000efb00000| PB 0x00000000efb00000| Complete 
| 252|0x00000000efc00000, 0x00000000efd00000, 0x00000000efd00000|100%| E|CS|TAMS 0x00000000efc00000| PB 0x00000000efc00000| Complete 
| 253|0x00000000efd00000, 0x00000000efe00000, 0x00000000efe00000|100%| E|CS|TAMS 0x00000000efd00000| PB 0x00000000efd00000| Complete 
| 254|0x00000000efe00000, 0x00000000eff00000, 0x00000000eff00000|100%| E|CS|TAMS 0x00000000efe00000| PB 0x00000000efe00000| Complete 
| 255|0x00000000eff00000, 0x00000000f0000000, 0x00000000f0000000|100%| E|CS|TAMS 0x00000000eff00000| PB 0x00000000eff00000| Complete 

Card table byte_map: [0x0000025c65160000,0x0000025c65260000] _byte_map_base: 0x0000025c64a60000

Marking Bits: (CMBitMap*) 0x0000025c50b32490
 Bits: [0x0000025c65260000, 0x0000025c65a60000)

Polling page: 0x0000025c555c0000

Metaspace:

Usage:
  Non-class:     77.11 MB used.
      Class:     13.14 MB used.
       Both:     90.25 MB used.

Virtual space:
  Non-class space:      128.00 MB reserved,      78.19 MB ( 61%) committed,  2 nodes.
      Class space:      320.00 MB reserved,      14.19 MB (  4%) committed,  1 nodes.
             Both:      448.00 MB reserved,      92.38 MB ( 21%) committed. 

Chunk freelists:
   Non-Class:  960.00 KB
       Class:  1.70 MB
        Both:  2.64 MB

MaxMetaspaceSize: 384.00 MB
CompressedClassSpaceSize: 320.00 MB
Initial GC threshold: 21.00 MB
Current GC threshold: 144.00 MB
CDS: on
 - commit_granule_bytes: 65536.
 - commit_granule_words: 8192.
 - virtual_space_node_default_size: 8388608.
 - enlarge_chunks_in_place: 1.
 - use_allocation_guard: 0.


Internal statistics:

num_allocs_failed_limit: 15.
num_arena_births: 3886.
num_arena_deaths: 4.
num_vsnodes_births: 3.
num_vsnodes_deaths: 0.
num_space_committed: 1478.
num_space_uncommitted: 0.
num_chunks_returned_to_freelist: 25.
num_chunks_taken_from_freelist: 8132.
num_chunk_merges: 10.
num_chunk_splits: 5259.
num_chunks_enlarged: 3229.
num_inconsistent_stats: 0.

CodeHeap 'non-profiled nmethods': size=120000Kb used=8044Kb max_used=8172Kb free=111955Kb
 bounds [0x0000025c5d0b0000, 0x0000025c5d8b0000, 0x0000025c645e0000]
CodeHeap 'profiled nmethods': size=120000Kb used=25522Kb max_used=26190Kb free=94477Kb
 bounds [0x0000025c555e0000, 0x0000025c56f80000, 0x0000025c5cb10000]
CodeHeap 'non-nmethods': size=5760Kb used=2993Kb max_used=3046Kb free=2766Kb
 bounds [0x0000025c5cb10000, 0x0000025c5ce20000, 0x0000025c5d0b0000]
CodeCache: size=245760Kb, used=36559Kb, max_used=37408Kb, free=209198Kb
 total_blobs=14002, nmethods=13006, adapters=899, full_count=0
Compilation: enabled, stopped_count=0, restarted_count=0

Compilation events (20 events):
Event: 63.951 Thread 0x0000025c6851e680 nmethod 14305 0x0000025c55dde690 code [0x0000025c55dde840, 0x0000025c55ddea00]
Event: 63.957 Thread 0x0000025c68538f50 14306       4       java.lang.reflect.AccessibleObject::slowVerifyAccess (67 bytes)
Event: 63.983 Thread 0x0000025c6851e680 14308       3       org.gradle.internal.instantiation.generator.AsmBackedClassGenerator$ClassBuilderImpl::addServiceSupport (21 bytes)
Event: 63.983 Thread 0x0000025c6851e680 nmethod 14308 0x0000025c55c93790 code [0x0000025c55c93960, 0x0000025c55c93cd8]
Event: 63.983 Thread 0x0000025c6851e680 14310       3       java.lang.String::toUpperCase (8 bytes)
Event: 63.984 Thread 0x0000025c6851e680 nmethod 14310 0x0000025c55c93110 code [0x0000025c55c93300, 0x0000025c55c93688]
Event: 63.984 Thread 0x0000025c6851e680 14309       3       org.gradle.internal.instantiation.generator.AsmBackedClassGenerator$ClassBuilderImpl::addServiceGetter (20 bytes)
Event: 63.985 Thread 0x0000025c6851e680 nmethod 14309 0x0000025c55b9a690 code [0x0000025c55b9a8a0, 0x0000025c55b9aed8]
Event: 64.001 Thread 0x0000025c6851e680 14311       1       kotlin.reflect.jvm.internal.impl.descriptors.runtime.components.ReflectKotlinClass::getClassHeader (5 bytes)
Event: 64.001 Thread 0x0000025c6851e680 nmethod 14311 0x0000025c5d396e90 code [0x0000025c5d397020, 0x0000025c5d3970e8]
Event: 64.001 Thread 0x0000025c6851e680 14312       3       kotlin.reflect.jvm.internal.impl.name.FqNameUnsafe::parent (56 bytes)
Event: 64.002 Thread 0x0000025c6851e680 nmethod 14312 0x0000025c55b99b90 code [0x0000025c55b99da0, 0x0000025c55b9a240]
Event: 64.002 Thread 0x0000025c6851e680 14313       3       kotlin.reflect.jvm.internal.impl.name.ClassId::hashCode (39 bytes)
Event: 64.002 Thread 0x0000025c6851e680 nmethod 14313 0x0000025c55e60390 code [0x0000025c55e605a0, 0x0000025c55e60ab0]
Event: 64.008 Thread 0x0000025c6851e680 14314       3       org.gradle.internal.isolated.IsolationScheme::inferParameterType (101 bytes)
Event: 64.010 Thread 0x0000025c6851e680 nmethod 14314 0x0000025c55ef9e10 code [0x0000025c55efa100, 0x0000025c55efb390]
Event: 64.014 Thread 0x0000025c6851e680 14315       3       sun.reflect.annotation.AnnotationParser::parseIntArray (84 bytes)
Event: 64.016 Thread 0x0000025c6851e680 nmethod 14315 0x0000025c55e5f810 code [0x0000025c55e5fa20, 0x0000025c55e60030]
Event: 64.027 Thread 0x0000025c6851e680 14317   !   3       java.lang.Boolean::getBoolean (16 bytes)
Event: 64.028 Thread 0x0000025c6851e680 nmethod 14317 0x0000025c55e95c90 code [0x0000025c55e95e80, 0x0000025c55e962b8]

GC Heap History (20 events):
Event: 12.546 GC heap before
{Heap before GC invocations=4 (full 0):
 garbage-first heap   total 262144K, used 119603K [0x00000000e0000000, 0x0000000100000000)
  region size 1024K, 108 young (110592K), 14 survivors (14336K)
 Metaspace       used 35034K, committed 36288K, reserved 393216K
  class space    used 5199K, committed 5824K, reserved 327680K
}
Event: 12.564 GC heap after
{Heap after GC invocations=5 (full 0):
 garbage-first heap   total 262144K, used 32783K [0x00000000e0000000, 0x0000000100000000)
  region size 1024K, 8 young (8192K), 8 survivors (8192K)
 Metaspace       used 35034K, committed 36288K, reserved 393216K
  class space    used 5199K, committed 5824K, reserved 327680K
}
Event: 12.604 GC heap before
{Heap before GC invocations=5 (full 0):
 garbage-first heap   total 262144K, used 32783K [0x00000000e0000000, 0x0000000100000000)
  region size 1024K, 9 young (9216K), 8 survivors (8192K)
 Metaspace       used 35366K, committed 36608K, reserved 393216K
  class space    used 5215K, committed 5824K, reserved 327680K
}
Event: 12.612 GC heap after
{Heap after GC invocations=6 (full 0):
 garbage-first heap   total 262144K, used 31870K [0x00000000e0000000, 0x0000000100000000)
  region size 1024K, 7 young (7168K), 7 survivors (7168K)
 Metaspace       used 35366K, committed 36608K, reserved 393216K
  class space    used 5215K, committed 5824K, reserved 327680K
}
Event: 12.761 GC heap before
{Heap before GC invocations=6 (full 0):
 garbage-first heap   total 262144K, used 33918K [0x00000000e0000000, 0x0000000100000000)
  region size 1024K, 11 young (11264K), 7 survivors (7168K)
 Metaspace       used 35668K, committed 36928K, reserved 393216K
  class space    used 5247K, committed 5888K, reserved 327680K
}
Event: 12.767 GC heap after
{Heap after GC invocations=7 (full 0):
 garbage-first heap   total 262144K, used 32689K [0x00000000e0000000, 0x0000000100000000)
  region size 1024K, 8 young (8192K), 8 survivors (8192K)
 Metaspace       used 35668K, committed 36928K, reserved 393216K
  class space    used 5247K, committed 5888K, reserved 327680K
}
Event: 17.961 GC heap before
{Heap before GC invocations=8 (full 0):
 garbage-first heap   total 262144K, used 187313K [0x00000000e0000000, 0x0000000100000000)
  region size 1024K, 153 young (156672K), 8 survivors (8192K)
 Metaspace       used 48251K, committed 49664K, reserved 393216K
  class space    used 6931K, committed 7616K, reserved 327680K
}
Event: 17.974 GC heap after
{Heap after GC invocations=9 (full 0):
 garbage-first heap   total 262144K, used 41360K [0x00000000e0000000, 0x0000000100000000)
  region size 1024K, 16 young (16384K), 16 survivors (16384K)
 Metaspace       used 48251K, committed 49664K, reserved 393216K
  class space    used 6931K, committed 7616K, reserved 327680K
}
Event: 23.552 GC heap before
{Heap before GC invocations=9 (full 0):
 garbage-first heap   total 262144K, used 181648K [0x00000000e0000000, 0x0000000100000000)
  region size 1024K, 153 young (156672K), 16 survivors (16384K)
 Metaspace       used 59329K, committed 61056K, reserved 393216K
  class space    used 8576K, committed 9408K, reserved 327680K
}
Event: 23.570 GC heap after
{Heap after GC invocations=10 (full 0):
 garbage-first heap   total 262144K, used 46461K [0x00000000e0000000, 0x0000000100000000)
  region size 1024K, 16 young (16384K), 16 survivors (16384K)
 Metaspace       used 59329K, committed 61056K, reserved 393216K
  class space    used 8576K, committed 9408K, reserved 327680K
}
Event: 23.777 GC heap before
{Heap before GC invocations=10 (full 0):
 garbage-first heap   total 262144K, used 49533K [0x00000000e0000000, 0x0000000100000000)
  region size 1024K, 20 young (20480K), 16 survivors (16384K)
 Metaspace       used 60159K, committed 61888K, reserved 393216K
  class space    used 8679K, committed 9536K, reserved 327680K
}
Event: 23.791 GC heap after
{Heap after GC invocations=11 (full 0):
 garbage-first heap   total 262144K, used 47236K [0x00000000e0000000, 0x0000000100000000)
  region size 1024K, 8 young (8192K), 8 survivors (8192K)
 Metaspace       used 60159K, committed 61888K, reserved 393216K
  class space    used 8679K, committed 9536K, reserved 327680K
}
Event: 30.857 GC heap before
{Heap before GC invocations=12 (full 0):
 garbage-first heap   total 262144K, used 200836K [0x00000000e0000000, 0x0000000100000000)
  region size 1024K, 153 young (156672K), 8 survivors (8192K)
 Metaspace       used 76424K, committed 78464K, reserved 458752K
  class space    used 10966K, committed 11968K, reserved 327680K
}
Event: 30.874 GC heap after
{Heap after GC invocations=13 (full 0):
 garbage-first heap   total 262144K, used 62253K [0x00000000e0000000, 0x0000000100000000)
  region size 1024K, 16 young (16384K), 16 survivors (16384K)
 Metaspace       used 76424K, committed 78464K, reserved 458752K
  class space    used 10966K, committed 11968K, reserved 327680K
}
Event: 39.468 GC heap before
{Heap before GC invocations=13 (full 0):
 garbage-first heap   total 262144K, used 202541K [0x00000000e0000000, 0x0000000100000000)
  region size 1024K, 153 young (156672K), 16 survivors (16384K)
 Metaspace       used 83827K, committed 86016K, reserved 458752K
  class space    used 12050K, committed 13120K, reserved 327680K
}
Event: 39.492 GC heap after
{Heap after GC invocations=14 (full 0):
 garbage-first heap   total 262144K, used 72793K [0x00000000e0000000, 0x0000000100000000)
  region size 1024K, 20 young (20480K), 20 survivors (20480K)
 Metaspace       used 83827K, committed 86016K, reserved 458752K
  class space    used 12050K, committed 13120K, reserved 327680K
}
Event: 57.058 GC heap before
{Heap before GC invocations=14 (full 0):
 garbage-first heap   total 262144K, used 207961K [0x00000000e0000000, 0x0000000100000000)
  region size 1024K, 153 young (156672K), 20 survivors (20480K)
 Metaspace       used 85686K, committed 87936K, reserved 458752K
  class space    used 12188K, committed 13312K, reserved 327680K
}
Event: 57.075 GC heap after
{Heap after GC invocations=15 (full 0):
 garbage-first heap   total 262144K, used 76204K [0x00000000e0000000, 0x0000000100000000)
  region size 1024K, 14 young (14336K), 14 survivors (14336K)
 Metaspace       used 85686K, committed 87936K, reserved 458752K
  class space    used 12188K, committed 13312K, reserved 327680K
}
Event: 59.275 GC heap before
{Heap before GC invocations=15 (full 0):
 garbage-first heap   total 262144K, used 218540K [0x00000000e0000000, 0x0000000100000000)
  region size 1024K, 153 young (156672K), 14 survivors (14336K)
 Metaspace       used 86203K, committed 88448K, reserved 458752K
  class space    used 12218K, committed 13312K, reserved 327680K
}
Event: 59.290 GC heap after
{Heap after GC invocations=16 (full 0):
 garbage-first heap   total 262144K, used 80536K [0x00000000e0000000, 0x0000000100000000)
  region size 1024K, 7 young (7168K), 7 survivors (7168K)
 Metaspace       used 86203K, committed 88448K, reserved 458752K
  class space    used 12218K, committed 13312K, reserved 327680K
}

Dll operation events (14 events):
Event: 0.027 Loaded shared library C:\Users\notai\.vscode\extensions\redhat.java-1.54.0-win32-x64\jre\21.0.10-win32-x86_64\bin\java.dll
Event: 0.152 Loaded shared library C:\Users\notai\.vscode\extensions\redhat.java-1.54.0-win32-x64\jre\21.0.10-win32-x86_64\bin\zip.dll
Event: 0.191 Loaded shared library C:\Users\notai\.vscode\extensions\redhat.java-1.54.0-win32-x64\jre\21.0.10-win32-x86_64\bin\instrument.dll
Event: 0.200 Loaded shared library C:\Users\notai\.vscode\extensions\redhat.java-1.54.0-win32-x64\jre\21.0.10-win32-x86_64\bin\net.dll
Event: 0.203 Loaded shared library C:\Users\notai\.vscode\extensions\redhat.java-1.54.0-win32-x64\jre\21.0.10-win32-x86_64\bin\nio.dll
Event: 0.209 Loaded shared library C:\Users\notai\.vscode\extensions\redhat.java-1.54.0-win32-x64\jre\21.0.10-win32-x86_64\bin\zip.dll
Event: 0.781 Loaded shared library C:\Users\notai\.vscode\extensions\redhat.java-1.54.0-win32-x64\jre\21.0.10-win32-x86_64\bin\jimage.dll
Event: 1.132 Loaded shared library C:\Users\notai\.vscode\extensions\redhat.java-1.54.0-win32-x64\jre\21.0.10-win32-x86_64\bin\verify.dll
Event: 1.440 Loaded shared library C:\Users\notai\.gradle\native\c067742578af261105cb4f569cf0c3c89f3d7b1fecec35dd04571415982c5e48\windows-amd64\native-platform.dll
Event: 1.481 Loaded shared library C:\Users\notai\.gradle\native\100fb08df4bc3b14c8652ba06237920a3bd2aa13389f12d3474272988ae205f9\windows-amd64\native-platform-file-events.dll
Event: 4.193 Loaded shared library C:\Users\notai\.vscode\extensions\redhat.java-1.54.0-win32-x64\jre\21.0.10-win32-x86_64\bin\management.dll
Event: 4.199 Loaded shared library C:\Users\notai\.vscode\extensions\redhat.java-1.54.0-win32-x64\jre\21.0.10-win32-x86_64\bin\management_ext.dll
Event: 4.620 Loaded shared library C:\Users\notai\.vscode\extensions\redhat.java-1.54.0-win32-x64\jre\21.0.10-win32-x86_64\bin\extnet.dll
Event: 4.889 Loaded shared library C:\Users\notai\.vscode\extensions\redhat.java-1.54.0-win32-x64\jre\21.0.10-win32-x86_64\bin\sunmscapi.dll

Deoptimization events (20 events):
Event: 63.790 Thread 0x0000025c7f79dae0 Uncommon trap: trap_request=0xffffffd6 fr.pc=0x0000025c5d6f7e18 relative=0x0000000000000a78
Event: 63.790 Thread 0x0000025c7f79dae0 Uncommon trap: reason=array_check action=maybe_recompile pc=0x0000025c5d6f7e18 method=java.util.TimSort.binarySort([Ljava/lang/Object;IIILjava/util/Comparator;)V @ 183 c2
Event: 63.790 Thread 0x0000025c7f79dae0 DEOPT PACKING pc=0x0000025c5d6f7e18 sp=0x000000b1306f8670
Event: 63.790 Thread 0x0000025c7f79dae0 DEOPT UNPACKING pc=0x0000025c5cb67ba2 sp=0x000000b1306f8618 mode 2
Event: 63.822 Thread 0x0000025c7f79dae0 Uncommon trap: trap_request=0xffffffd6 fr.pc=0x0000025c5d6f7b50 relative=0x00000000000007b0
Event: 63.822 Thread 0x0000025c7f79dae0 Uncommon trap: reason=array_check action=maybe_recompile pc=0x0000025c5d6f7b50 method=java.util.TimSort.binarySort([Ljava/lang/Object;IIILjava/util/Comparator;)V @ 215 c2
Event: 63.822 Thread 0x0000025c7f79dae0 DEOPT PACKING pc=0x0000025c5d6f7b50 sp=0x000000b1306f7c70
Event: 63.822 Thread 0x0000025c7f79dae0 DEOPT UNPACKING pc=0x0000025c5cb67ba2 sp=0x000000b1306f7c18 mode 2
Event: 63.825 Thread 0x0000025c7f79dae0 Uncommon trap: trap_request=0xffffffd6 fr.pc=0x0000025c5d2584cc relative=0x00000000000006ec
Event: 63.825 Thread 0x0000025c7f79dae0 Uncommon trap: reason=array_check action=maybe_recompile pc=0x0000025c5d2584cc method=java.util.TimSort.reverseRange([Ljava/lang/Object;II)V @ 20 c2
Event: 63.825 Thread 0x0000025c7f79dae0 DEOPT PACKING pc=0x0000025c5d2584cc sp=0x000000b1306f7c90
Event: 63.825 Thread 0x0000025c7f79dae0 DEOPT UNPACKING pc=0x0000025c5cb67ba2 sp=0x000000b1306f7bc0 mode 2
Event: 63.826 Thread 0x0000025c7f79dae0 Uncommon trap: trap_request=0xffffff66 fr.pc=0x0000025c5d16296c relative=0x000000000000018c
Event: 63.826 Thread 0x0000025c7f79dae0 Uncommon trap: reason=speculate_class_check action=maybe_recompile pc=0x0000025c5d16296c method=java.io.ObjectStreamClass$FieldReflector.getObjFieldValues(Ljava/lang/Object;[Ljava/lang/Object;)V @ 74 c2
Event: 63.826 Thread 0x0000025c7f79dae0 DEOPT PACKING pc=0x0000025c5d16296c sp=0x000000b1306f8040
Event: 63.826 Thread 0x0000025c7f79dae0 DEOPT UNPACKING pc=0x0000025c5cb67ba2 sp=0x000000b1306f7fe8 mode 2
Event: 64.023 Thread 0x0000025c7f79dae0 Uncommon trap: trap_request=0x00000045 fr.pc=0x0000025c5d637a3c relative=0x000000000000127c
Event: 64.023 Thread 0x0000025c7f79dae0 Uncommon trap: reason=unloaded action=reinterpret pc=0x0000025c5d637a3c method=com.google.common.cache.LocalCache$Segment.get(Ljava/lang/Object;ILcom/google/common/cache/CacheLoader;)Ljava/lang/Object; @ 167 c2
Event: 64.023 Thread 0x0000025c7f79dae0 DEOPT PACKING pc=0x0000025c5d637a3c sp=0x000000b1306f8d10
Event: 64.023 Thread 0x0000025c7f79dae0 DEOPT UNPACKING pc=0x0000025c5cb67ba2 sp=0x000000b1306f8c48 mode 2

Classes loaded (20 events):
Event: 62.866 Loading class sun/security/internal/spec/TlsKeyMaterialParameterSpec
Event: 62.867 Loading class sun/security/internal/spec/TlsKeyMaterialParameterSpec done
Event: 62.867 Loading class com/sun/crypto/provider/TlsKeyMaterialGenerator
Event: 62.867 Loading class com/sun/crypto/provider/TlsKeyMaterialGenerator done
Event: 62.868 Loading class sun/security/internal/spec/TlsKeyMaterialSpec
Event: 62.868 Loading class sun/security/internal/spec/TlsKeyMaterialSpec done
Event: 62.868 Loading class sun/security/internal/spec/TlsPrfParameterSpec
Event: 62.869 Loading class sun/security/internal/spec/TlsPrfParameterSpec done
Event: 62.869 Loading class com/sun/crypto/provider/TlsPrfGenerator$V12
Event: 62.869 Loading class com/sun/crypto/provider/TlsPrfGenerator$V12 done
Event: 62.869 Loading class sun/security/ssl/Authenticator$TLS10Authenticator
Event: 62.869 Loading class sun/security/ssl/Authenticator$TLS10Authenticator done
Event: 62.870 Loading class sun/security/ssl/SSLCipher$T12GcmWriteCipherGenerator$GcmWriteCipher
Event: 62.870 Loading class sun/security/ssl/SSLCipher$T12GcmWriteCipherGenerator$GcmWriteCipher done
Event: 63.039 Loading class sun/security/ssl/NewSessionTicket$T12NewSessionTicketMessage
Event: 63.040 Loading class sun/security/ssl/NewSessionTicket$T12NewSessionTicketMessage done
Event: 63.040 Loading class sun/security/ssl/SSLCipher$T12GcmReadCipherGenerator$GcmReadCipher
Event: 63.041 Loading class sun/security/ssl/SSLCipher$T12GcmReadCipherGenerator$GcmReadCipher done
Event: 64.022 Loading class java/util/zip/DataFormatException
Event: 64.022 Loading class java/util/zip/DataFormatException done

Classes unloaded (13 events):
Event: 59.394 Thread 0x0000025c684fa560 Unloading class 0x0000025c6a792000 '_BuildScript_$_run_closure3'
Event: 59.394 Thread 0x0000025c684fa560 Unloading class 0x0000025c6a791b90 '_BuildScript_$_run_closure2$_closure7$_closure9'
Event: 59.394 Thread 0x0000025c684fa560 Unloading class 0x0000025c6a7917a0 '_BuildScript_$_run_closure2$_closure7'
Event: 59.394 Thread 0x0000025c684fa560 Unloading class 0x0000025c6a7913b0 '_BuildScript_$_run_closure2$_closure6$_closure8'
Event: 59.394 Thread 0x0000025c684fa560 Unloading class 0x0000025c6a790fc0 '_BuildScript_$_run_closure2$_closure6'
Event: 59.394 Thread 0x0000025c684fa560 Unloading class 0x0000025c6a790bd0 '_BuildScript_$_run_closure2$_closure5'
Event: 59.394 Thread 0x0000025c684fa560 Unloading class 0x0000025c6a7907e0 '_BuildScript_$_run_closure2$_closure4'
Event: 59.394 Thread 0x0000025c684fa560 Unloading class 0x0000025c6a7903f0 '_BuildScript_$_run_closure2'
Event: 59.394 Thread 0x0000025c684fa560 Unloading class 0x0000025c6a790000 '_BuildScript_$_run_closure1'
Event: 59.394 Thread 0x0000025c684fa560 Unloading class 0x0000025c6a78b800 '_BuildScript_'
Event: 59.394 Thread 0x0000025c684fa560 Unloading class 0x0000025c6a768930 '_BuildScript_$_run_closure1$_closure2'
Event: 59.394 Thread 0x0000025c684fa560 Unloading class 0x0000025c6a768540 '_BuildScript_$_run_closure1'
Event: 59.394 Thread 0x0000025c684fa560 Unloading class 0x0000025c6a768000 '_BuildScript_'

Classes redefined (0 events):
No events

Internal exceptions (20 events):
Event: 60.895 Thread 0x0000025c7f79dae0 Exception <a 'sun/nio/fs/WindowsException'{0x00000000ef698400}> (0x00000000ef698400) 
thrown [s\src\hotspot\share\prims\jni.cpp, line 520]
Event: 60.930 Thread 0x0000025c7f79cdc0 Exception <a 'java/lang/NoSuchMethodError'{0x00000000ef522da0}: static [Ljava/net/URL;.<clinit>()V> (0x00000000ef522da0) 
thrown [s\src\hotspot\share\prims\jni.cpp, line 1111]
Event: 61.219 Thread 0x0000025c7f79dae0 Exception <a 'sun/nio/fs/WindowsException'{0x00000000ef222d00}> (0x00000000ef222d00) 
thrown [s\src\hotspot\share\prims\jni.cpp, line 520]
Event: 61.219 Thread 0x0000025c7f79dae0 Exception <a 'sun/nio/fs/WindowsException'{0x00000000ef2241e0}> (0x00000000ef2241e0) 
thrown [s\src\hotspot\share\prims\jni.cpp, line 520]
Event: 61.220 Thread 0x0000025c7f79dae0 Exception <a 'sun/nio/fs/WindowsException'{0x00000000ef2256b0}> (0x00000000ef2256b0) 
thrown [s\src\hotspot\share\prims\jni.cpp, line 520]
Event: 61.220 Thread 0x0000025c7f79dae0 Exception <a 'sun/nio/fs/WindowsException'{0x00000000ef226778}> (0x00000000ef226778) 
thrown [s\src\hotspot\share\prims\jni.cpp, line 520]
Event: 61.343 Thread 0x0000025c7f79dae0 Exception <a 'java/lang/NoSuchMethodError'{0x00000000ee2fe820}: 'java.lang.Object java.lang.invoke.DirectMethodHandle$Holder.invokeStaticInit(java.lang.Object, int)'> (0x00000000ee2fe820) 
thrown [s\src\hotspot\share\interpreter\linkResolver.cpp, line 773]
Event: 61.605 Thread 0x0000025c7f79dae0 Implicit null exception at 0x0000025c5d5c47c1 to 0x0000025c5d5c4934
Event: 62.054 Thread 0x0000025c7f79dae0 Exception <a 'sun/nio/fs/WindowsException'{0x00000000ed1899f8}> (0x00000000ed1899f8) 
thrown [s\src\hotspot\share\prims\jni.cpp, line 520]
Event: 62.055 Thread 0x0000025c7f79dae0 Exception <a 'sun/nio/fs/WindowsException'{0x00000000ed18b3b8}> (0x00000000ed18b3b8) 
thrown [s\src\hotspot\share\prims\jni.cpp, line 520]
Event: 62.057 Thread 0x0000025c7f79dae0 Exception <a 'sun/nio/fs/WindowsException'{0x00000000ed197fe8}> (0x00000000ed197fe8) 
thrown [s\src\hotspot\share\prims\jni.cpp, line 520]
Event: 63.672 Thread 0x0000025c7f79dae0 Exception <a 'java/lang/NoClassDefFoundError'{0x00000000ec0e6e40}: com/android/Version> (0x00000000ec0e6e40) 
thrown [s\src\hotspot\share\classfile\systemDictionary.cpp, line 301]
Event: 63.740 Thread 0x0000025c7f79dae0 Exception <a 'java/lang/NoSuchMethodError'{0x00000000ebc85e58}: static Lorg/jetbrains/kotlin/gradle/plugin/internal/DefaultProjectIsolationStartParameterAccessor$Factory;.<clinit>()V> (0x00000000ebc85e58) 
thrown [s\src\hotspot\share\prims\jni.cpp, line 1111]
Event: 63.742 Thread 0x0000025c7f79dae0 Exception <a 'java/lang/NoSuchMethodError'{0x00000000ebc9e340}: static Lorg/jetbrains/kotlin/gradle/plugin/internal/DefaultJavaExecTaskParametersCompatibility$Factory;.<clinit>()V> (0x00000000ebc9e340) 
thrown [s\src\hotspot\share\prims\jni.cpp, line 1111]
Event: 63.744 Thread 0x0000025c7f79dae0 Exception <a 'java/lang/NoSuchMethodError'{0x00000000ebcbff78}: static Lorg/jetbrains/kotlin/gradle/plugin/internal/DefaultMavenPublicationComponentAccessorFactory;.<clinit>()V> (0x00000000ebcbff78) 
thrown [s\src\hotspot\share\prims\jni.cpp, line 1111]
Event: 63.745 Thread 0x0000025c7f79dae0 Exception <a 'java/lang/NoSuchMethodError'{0x00000000ebcde0d0}: static Lorg/jetbrains/kotlin/gradle/plugin/internal/DefaultCompatibilityConventionRegistrar$Factory;.<clinit>()V> (0x00000000ebcde0d0) 
thrown [s\src\hotspot\share\prims\jni.cpp, line 1111]
Event: 63.746 Thread 0x0000025c7f79dae0 Exception <a 'java/lang/NoSuchMethodError'{0x00000000ebcf67b8}: static Lorg/jetbrains/kotlin/gradle/plugin/internal/DefaultConfigurationCacheStartParameterAccessorVariantFactory;.<clinit>()V> (0x00000000ebcf67b8) 
thrown [s\src\hotspot\share\prims\jni.cpp, line 1111]
Event: 63.822 Thread 0x0000025c7f79dae0 Exception <a 'java/lang/NoSuchMethodError'{0x00000000eb74bd60}: static Ljava/lang/Object;.<clinit>()V> (0x00000000eb74bd60) 
thrown [s\src\hotspot\share\prims\jni.cpp, line 1111]
Event: 63.826 Thread 0x0000025c7f79dae0 Exception <a 'java/lang/NoSuchMethodError'{0x00000000eb793998}: static Lorg/jetbrains/kotlin/gradle/plugin/statistics/MetricContainer;.<clinit>()V> (0x00000000eb793998) 
thrown [s\src\hotspot\share\prims\jni.cpp, line 1111]
Event: 64.022 Thread 0x0000025c7f79dae0 Exception <a 'java/lang/OutOfMemoryError'{0x00000000eadf3ff0}> (0x00000000eadf3ff0) 
thrown [s\src\hotspot\share\prims\jni.cpp, line 539]

ZGC Phase Switch (0 events):
No events

VM Operations (20 events):
Event: 60.092 Executing non-safepoint VM operation: HandshakeAllThreads (HandshakeForDeflation)
Event: 60.092 Executing non-safepoint VM operation: HandshakeAllThreads (HandshakeForDeflation) done
Event: 60.092 Executing non-safepoint VM operation: RendezvousGCThreads
Event: 60.092 Executing non-safepoint VM operation: RendezvousGCThreads done
Event: 61.097 Executing safepoint VM operation: Cleanup
Event: 61.097 Executing safepoint VM operation: Cleanup done
Event: 61.324 Executing non-safepoint VM operation: HandshakeAllThreads (Deoptimize)
Event: 61.325 Executing non-safepoint VM operation: HandshakeAllThreads (Deoptimize) done
Event: 61.340 Executing non-safepoint VM operation: HandshakeAllThreads (Deoptimize)
Event: 61.340 Executing non-safepoint VM operation: HandshakeAllThreads (Deoptimize) done
Event: 61.507 Executing non-safepoint VM operation: HandshakeAllThreads (Deoptimize)
Event: 61.508 Executing non-safepoint VM operation: HandshakeAllThreads (Deoptimize) done
Event: 61.512 Executing non-safepoint VM operation: HandshakeAllThreads (Deoptimize)
Event: 61.512 Executing non-safepoint VM operation: HandshakeAllThreads (Deoptimize) done
Event: 61.966 Executing non-safepoint VM operation: HandshakeAllThreads (Deoptimize)
Event: 61.966 Executing non-safepoint VM operation: HandshakeAllThreads (Deoptimize) done
Event: 62.971 Executing safepoint VM operation: Cleanup
Event: 62.971 Executing safepoint VM operation: Cleanup done
Event: 63.984 Executing safepoint VM operation: Cleanup
Event: 63.984 Executing safepoint VM operation: Cleanup done

Memory protections (0 events):
No events

Nmethod flushes (20 events):
Event: 59.416 Thread 0x0000025c684fa560 flushing  nmethod 0x0000025c55ed5b90
Event: 59.416 Thread 0x0000025c684fa560 flushing  nmethod 0x0000025c55ed5f10
Event: 59.416 Thread 0x0000025c684fa560 flushing  nmethod 0x0000025c55ed6390
Event: 59.416 Thread 0x0000025c684fa560 flushing  nmethod 0x0000025c55ed6b10
Event: 59.416 Thread 0x0000025c684fa560 flushing  nmethod 0x0000025c55ed8f90
Event: 59.416 Thread 0x0000025c684fa560 flushing  nmethod 0x0000025c55ed9c10
Event: 59.416 Thread 0x0000025c684fa560 flushing  nmethod 0x0000025c55eda590
Event: 59.416 Thread 0x0000025c684fa560 flushing  nmethod 0x0000025c55f14610
Event: 59.416 Thread 0x0000025c684fa560 flushing  nmethod 0x0000025c5601ee90
Event: 59.416 Thread 0x0000025c684fa560 flushing  nmethod 0x0000025c560dd610
Event: 59.416 Thread 0x0000025c684fa560 flushing  nmethod 0x0000025c560de410
Event: 59.416 Thread 0x0000025c684fa560 flushing  nmethod 0x0000025c560de710
Event: 59.416 Thread 0x0000025c684fa560 flushing  nmethod 0x0000025c560dfb10
Event: 59.416 Thread 0x0000025c684fa560 flushing  nmethod 0x0000025c560e1610
Event: 59.416 Thread 0x0000025c684fa560 flushing  nmethod 0x0000025c560e1a90
Event: 59.416 Thread 0x0000025c684fa560 flushing  nmethod 0x0000025c560e2690
Event: 59.416 Thread 0x0000025c684fa560 flushing  nmethod 0x0000025c560e2b10
Event: 59.416 Thread 0x0000025c684fa560 flushing  nmethod 0x0000025c560e8110
Event: 59.416 Thread 0x0000025c684fa560 flushing  nmethod 0x0000025c561e7190
Event: 59.416 Thread 0x0000025c684fa560 flushing osr nmethod 0x0000025c56245710

Events (20 events):
Event: 63.517 Thread 0x0000025c7f79dae0 Thread added: 0x0000025c0471f520
Event: 63.517 Thread 0x0000025c7f79dae0 Thread added: 0x0000025c04720240
Event: 63.520 Thread 0x0000025c7f79dae0 Thread added: 0x0000025c0471d450
Event: 63.521 Thread 0x0000025c7f79dae0 Thread added: 0x0000025c0471b380
Event: 63.542 Thread 0x0000025c7f79dae0 Thread added: 0x0000025c0471c730
Event: 63.543 Thread 0x0000025c7f79dae0 Thread added: 0x0000025c04719940
Event: 63.544 Thread 0x0000025c7f79dae0 Thread added: 0x0000025c04ac3900
Event: 63.544 Thread 0x0000025c7f79dae0 Thread added: 0x0000025c04abc970
Event: 63.547 Thread 0x0000025c7f79dae0 Thread added: 0x0000025c04abea40
Event: 63.550 Thread 0x0000025c7f79dae0 Thread added: 0x0000025c04abd000
Event: 63.552 Thread 0x0000025c7f79dae0 Thread added: 0x0000025c04abe3b0
Event: 63.562 Thread 0x0000025c7f79dae0 Thread added: 0x0000025c04ac3f90
Event: 63.562 Thread 0x0000025c7f79dae0 Thread added: 0x0000025c04ac0b10
Event: 63.563 Thread 0x0000025c7f79dae0 Thread added: 0x0000025c7ecc2520
Event: 63.564 Thread 0x0000025c7f79dae0 Thread added: 0x0000025c7ecc3240
Event: 63.565 Thread 0x0000025c7f79dae0 Thread added: 0x0000025c7ecbdcf0
Event: 63.565 Thread 0x0000025c7f79dae0 Thread added: 0x0000025c7ecbcfd0
Event: 63.566 Thread 0x0000025c7f79dae0 Thread added: 0x0000025c7ecbd660
Event: 63.848 Thread 0x0000025c7f79dae0 Thread added: 0x0000025c7ecbe380
Event: 64.028 Thread 0x0000025c7ecbe380 Thread exited: 0x0000025c7ecbe380


Dynamic libraries:
0x00007ff605190000 - 0x00007ff60519e000 	C:\Users\notai\.vscode\extensions\redhat.java-1.54.0-win32-x64\jre\21.0.10-win32-x86_64\bin\java.exe
0x00007ffdc2550000 - 0x00007ffdc2768000 	C:\WINDOWS\SYSTEM32\ntdll.dll
0x00007ffdc1c80000 - 0x00007ffdc1d44000 	C:\WINDOWS\System32\KERNEL32.DLL
0x00007ffdbfc70000 - 0x00007ffdc0043000 	C:\WINDOWS\System32\KERNELBASE.dll
0x00007ffdbf970000 - 0x00007ffdbfa81000 	C:\WINDOWS\System32\ucrtbase.dll
0x00007ffd99a30000 - 0x00007ffd99a4e000 	C:\Users\notai\.vscode\extensions\redhat.java-1.54.0-win32-x64\jre\21.0.10-win32-x86_64\bin\VCRUNTIME140.dll
0x00007ffd99a50000 - 0x00007ffd99a68000 	C:\Users\notai\.vscode\extensions\redhat.java-1.54.0-win32-x64\jre\21.0.10-win32-x86_64\bin\jli.dll
0x00007ffdc2010000 - 0x00007ffdc21c2000 	C:\WINDOWS\System32\USER32.dll
0x00007ffdbf850000 - 0x00007ffdbf876000 	C:\WINDOWS\System32\win32u.dll
0x00007ffd89560000 - 0x00007ffd897fc000 	C:\WINDOWS\WinSxS\amd64_microsoft.windows.common-controls_6595b64144ccf1df_6.0.22621.6060_none_2712eda17382d24b\COMCTL32.dll
0x00007ffdc2450000 - 0x00007ffdc2479000 	C:\WINDOWS\System32\GDI32.dll
0x00007ffdc1ab0000 - 0x00007ffdc1b57000 	C:\WINDOWS\System32\msvcrt.dll
0x00007ffdc00d0000 - 0x00007ffdc01eb000 	C:\WINDOWS\System32\gdi32full.dll
0x00007ffdbfbd0000 - 0x00007ffdbfc6a000 	C:\WINDOWS\System32\msvcp_win.dll
0x00007ffdc1a70000 - 0x00007ffdc1aa1000 	C:\WINDOWS\System32\IMM32.DLL
0x00007ffda4980000 - 0x00007ffda498c000 	C:\Users\notai\.vscode\extensions\redhat.java-1.54.0-win32-x64\jre\21.0.10-win32-x86_64\bin\vcruntime140_1.dll
0x00007ffd93240000 - 0x00007ffd932cd000 	C:\Users\notai\.vscode\extensions\redhat.java-1.54.0-win32-x64\jre\21.0.10-win32-x86_64\bin\msvcp140.dll
0x00007ffce4cb0000 - 0x00007ffce5a51000 	C:\Users\notai\.vscode\extensions\redhat.java-1.54.0-win32-x64\jre\21.0.10-win32-x86_64\bin\server\jvm.dll
0x00007ffdc19a0000 - 0x00007ffdc1a51000 	C:\WINDOWS\System32\ADVAPI32.dll
0x00007ffdc2250000 - 0x00007ffdc22f8000 	C:\WINDOWS\System32\sechost.dll
0x00007ffdbf880000 - 0x00007ffdbf8a8000 	C:\WINDOWS\System32\bcrypt.dll
0x00007ffdc1b60000 - 0x00007ffdc1c78000 	C:\WINDOWS\System32\RPCRT4.dll
0x00007ffdc1de0000 - 0x00007ffdc1e51000 	C:\WINDOWS\System32\WS2_32.dll
0x00007ffdbf530000 - 0x00007ffdbf57d000 	C:\WINDOWS\SYSTEM32\POWRPROF.dll
0x00007ffdb7e20000 - 0x00007ffdb7e54000 	C:\WINDOWS\SYSTEM32\WINMM.dll
0x00007ffdb8070000 - 0x00007ffdb807a000 	C:\WINDOWS\SYSTEM32\VERSION.dll
0x00007ffdbf510000 - 0x00007ffdbf523000 	C:\WINDOWS\SYSTEM32\UMPDC.dll
0x00007ffdbe5a0000 - 0x00007ffdbe5b8000 	C:\WINDOWS\SYSTEM32\kernel.appcore.dll
0x00007ffd99520000 - 0x00007ffd9952a000 	C:\Users\notai\.vscode\extensions\redhat.java-1.54.0-win32-x64\jre\21.0.10-win32-x86_64\bin\jimage.dll
0x00007ffdbca10000 - 0x00007ffdbcc43000 	C:\WINDOWS\SYSTEM32\DBGHELP.DLL
0x00007ffdc01f0000 - 0x00007ffdc0581000 	C:\WINDOWS\System32\combase.dll
0x00007ffdc2300000 - 0x00007ffdc23d8000 	C:\WINDOWS\System32\OLEAUT32.dll
0x00007ffda7890000 - 0x00007ffda78c2000 	C:\WINDOWS\SYSTEM32\dbgcore.DLL
0x00007ffdbf660000 - 0x00007ffdbf6db000 	C:\WINDOWS\System32\bcryptPrimitives.dll
0x00007ffd98870000 - 0x00007ffd9887f000 	C:\Users\notai\.vscode\extensions\redhat.java-1.54.0-win32-x64\jre\21.0.10-win32-x86_64\bin\instrument.dll
0x00007ffd982c0000 - 0x00007ffd982e0000 	C:\Users\notai\.vscode\extensions\redhat.java-1.54.0-win32-x64\jre\21.0.10-win32-x86_64\bin\java.dll
0x00007ffdc08a0000 - 0x00007ffdc113c000 	C:\WINDOWS\System32\SHELL32.dll
0x00007ffdbfa90000 - 0x00007ffdbfbcf000 	C:\WINDOWS\System32\wintypes.dll
0x00007ffdbd510000 - 0x00007ffdbde2a000 	C:\WINDOWS\SYSTEM32\windows.storage.dll
0x00007ffdc15c0000 - 0x00007ffdc16c4000 	C:\WINDOWS\System32\SHCORE.dll
0x00007ffdc23e0000 - 0x00007ffdc2449000 	C:\WINDOWS\System32\shlwapi.dll
0x00007ffdbf590000 - 0x00007ffdbf5b5000 	C:\WINDOWS\SYSTEM32\profapi.dll
0x00007ffd97250000 - 0x00007ffd97268000 	C:\Users\notai\.vscode\extensions\redhat.java-1.54.0-win32-x64\jre\21.0.10-win32-x86_64\bin\zip.dll
0x00007ffd987d0000 - 0x00007ffd987e0000 	C:\Users\notai\.vscode\extensions\redhat.java-1.54.0-win32-x64\jre\21.0.10-win32-x86_64\bin\net.dll
0x00007ffdb8990000 - 0x00007ffdb8abc000 	C:\WINDOWS\SYSTEM32\WINHTTP.dll
0x00007ffdbead0000 - 0x00007ffdbeb39000 	C:\WINDOWS\system32\mswsock.dll
0x00007ffd97230000 - 0x00007ffd97246000 	C:\Users\notai\.vscode\extensions\redhat.java-1.54.0-win32-x64\jre\21.0.10-win32-x86_64\bin\nio.dll
0x00007ffd98600000 - 0x00007ffd98610000 	C:\Users\notai\.vscode\extensions\redhat.java-1.54.0-win32-x64\jre\21.0.10-win32-x86_64\bin\verify.dll
0x00007ffda0660000 - 0x00007ffda0687000 	C:\Users\notai\.gradle\native\c067742578af261105cb4f569cf0c3c89f3d7b1fecec35dd04571415982c5e48\windows-amd64\native-platform.dll
0x00007ffd50860000 - 0x00007ffd509a4000 	C:\Users\notai\.gradle\native\100fb08df4bc3b14c8652ba06237920a3bd2aa13389f12d3474272988ae205f9\windows-amd64\native-platform-file-events.dll
0x00007ffd97200000 - 0x00007ffd9720a000 	C:\Users\notai\.vscode\extensions\redhat.java-1.54.0-win32-x64\jre\21.0.10-win32-x86_64\bin\management.dll
0x00007ffd971f0000 - 0x00007ffd971fc000 	C:\Users\notai\.vscode\extensions\redhat.java-1.54.0-win32-x64\jre\21.0.10-win32-x86_64\bin\management_ext.dll
0x00007ffdc24e0000 - 0x00007ffdc24e8000 	C:\WINDOWS\System32\PSAPI.DLL
0x00007ffdbed50000 - 0x00007ffdbed6b000 	C:\WINDOWS\SYSTEM32\CRYPTSP.dll
0x00007ffdbe560000 - 0x00007ffdbe597000 	C:\WINDOWS\system32\rsaenh.dll
0x00007ffdbebf0000 - 0x00007ffdbec18000 	C:\WINDOWS\SYSTEM32\USERENV.dll
0x00007ffdbed70000 - 0x00007ffdbed7c000 	C:\WINDOWS\SYSTEM32\CRYPTBASE.dll
0x00007ffdbe0d0000 - 0x00007ffdbe0fd000 	C:\WINDOWS\SYSTEM32\IPHLPAPI.DLL
0x00007ffdc1a60000 - 0x00007ffdc1a69000 	C:\WINDOWS\System32\NSI.dll
0x00007ffd983e0000 - 0x00007ffd983e9000 	C:\Users\notai\.vscode\extensions\redhat.java-1.54.0-win32-x64\jre\21.0.10-win32-x86_64\bin\extnet.dll
0x00007ffd98570000 - 0x00007ffd9857e000 	C:\Users\notai\.vscode\extensions\redhat.java-1.54.0-win32-x64\jre\21.0.10-win32-x86_64\bin\sunmscapi.dll
0x00007ffdbf6e0000 - 0x00007ffdbf848000 	C:\WINDOWS\System32\CRYPT32.dll
0x00007ffdbef30000 - 0x00007ffdbef5e000 	C:\WINDOWS\SYSTEM32\ncrypt.dll
0x00007ffdbeef0000 - 0x00007ffdbef27000 	C:\WINDOWS\SYSTEM32\NTASN1.dll
0x00007ffd45e80000 - 0x00007ffd45e88000 	C:\WINDOWS\system32\wshunix.dll
0x00007ffdbe100000 - 0x00007ffdbe1f8000 	C:\WINDOWS\SYSTEM32\DNSAPI.dll
0x00007ffdac410000 - 0x00007ffdac41a000 	C:\Windows\System32\rasadhlp.dll
0x00007ffdb6cd0000 - 0x00007ffdb6d54000 	C:\WINDOWS\System32\fwpuclnt.dll

JVMTI agents:
C:\Users\notai\.gradle\wrapper\dists\gradle-8.9-bin\90cnw93cvbtalezasaz0blq0a\gradle-8.9\lib\agents\gradle-instrumentation-agent-8.9.jar path:C:\Users\notai\.vscode\extensions\redhat.java-1.54.0-win32-x64\jre\21.0.10-win32-x86_64\bin\instrument.dll, loaded, initialized, instrumentlib options:none

dbghelp: loaded successfully - version: 4.0.5 - missing functions: none
symbol engine: initialized successfully - sym options: 0x614 - pdb path: .;C:\Users\notai\.vscode\extensions\redhat.java-1.54.0-win32-x64\jre\21.0.10-win32-x86_64\bin;C:\WINDOWS\SYSTEM32;C:\WINDOWS\WinSxS\amd64_microsoft.windows.common-controls_6595b64144ccf1df_6.0.22621.6060_none_2712eda17382d24b;C:\Users\notai\.vscode\extensions\redhat.java-1.54.0-win32-x64\jre\21.0.10-win32-x86_64\bin\server;C:\Users\notai\.gradle\native\c067742578af261105cb4f569cf0c3c89f3d7b1fecec35dd04571415982c5e48\windows-amd64;C:\Users\notai\.gradle\native\100fb08df4bc3b14c8652ba06237920a3bd2aa13389f12d3474272988ae205f9\windows-amd64

VM Arguments:
jvm_args: --add-opens=java.base/java.util=ALL-UNNAMED --add-opens=java.base/java.lang=ALL-UNNAMED --add-opens=java.base/java.lang.invoke=ALL-UNNAMED --add-opens=java.prefs/java.util.prefs=ALL-UNNAMED --add-exports=jdk.compiler/com.sun.tools.javac.api=ALL-UNNAMED --add-exports=jdk.compiler/com.sun.tools.javac.util=ALL-UNNAMED --add-opens=java.base/java.nio.charset=ALL-UNNAMED --add-opens=java.base/java.net=ALL-UNNAMED --add-opens=java.base/java.util.concurrent.atomic=ALL-UNNAMED -XX:MaxMetaspaceSize=384m -XX:+HeapDumpOnOutOfMemoryError -Xms256m -Xmx512m -Dfile.encoding=utf8 -Duser.country=US -Duser.language=en -Duser.variant -javaagent:C:\Users\notai\.gradle\wrapper\dists\gradle-8.9-bin\90cnw93cvbtalezasaz0blq0a\gradle-8.9\lib\agents\gradle-instrumentation-agent-8.9.jar 
java_command: org.gradle.launcher.daemon.bootstrap.GradleDaemon 8.9
java_class_path (initial): C:\Users\notai\.gradle\wrapper\dists\gradle-8.9-bin\90cnw93cvbtalezasaz0blq0a\gradle-8.9\lib\gradle-daemon-main-8.9.jar
Launcher Type: SUN_STANDARD

[Global flags]
     intx CICompilerCount                          = 4                                         {product} {ergonomic}
   size_t CompressedClassSpaceSize                 = 335544320                                 {product} {ergonomic}
     uint ConcGCThreads                            = 2                                         {product} {ergonomic}
     uint G1ConcRefinementThreads                  = 8                                         {product} {ergonomic}
   size_t G1HeapRegionSize                         = 1048576                                   {product} {ergonomic}
    uintx GCDrainStackTargetSize                   = 64                                        {product} {ergonomic}
     bool HeapDumpOnOutOfMemoryError               = true                                   {manageable} {command line}
   size_t InitialHeapSize                          = 268435456                                 {product} {command line}
   size_t MarkStackSize                            = 4194304                                   {product} {ergonomic}
   size_t MaxHeapSize                              = 536870912                                 {product} {command line}
   size_t MaxMetaspaceSize                         = 402653184                                 {product} {command line}
   size_t MaxNewSize                               = 321912832                                 {product} {ergonomic}
   size_t MinHeapDeltaBytes                        = 1048576                                   {product} {ergonomic}
   size_t MinHeapSize                              = 268435456                                 {product} {command line}
    uintx NonNMethodCodeHeapSize                   = 5839372                                {pd product} {ergonomic}
    uintx NonProfiledCodeHeapSize                  = 122909434                              {pd product} {ergonomic}
    uintx ProfiledCodeHeapSize                     = 122909434                              {pd product} {ergonomic}
    uintx ReservedCodeCacheSize                    = 251658240                              {pd product} {ergonomic}
     bool SegmentedCodeCache                       = true                                      {product} {ergonomic}
   size_t SoftMaxHeapSize                          = 536870912                              {manageable} {ergonomic}
     bool UseCompressedOops                        = true                           {product lp64_product} {ergonomic}
     bool UseG1GC                                  = true                                      {product} {ergonomic}
     bool UseLargePagesIndividualAllocation        = false                                  {pd product} {ergonomic}

Logging:
Log output configuration:
 #0: stdout all=warning uptime,level,tags foldmultilines=false
 #1: stderr all=off uptime,level,tags foldmultilines=false

Release file:
JAVA_VERSION="21.0.10" 
MODULES="java.base java.compiler java.datatransfer java.xml java.prefs java.desktop java.instrument java.logging java.management java.security.sasl java.naming java.rmi java.management.rmi java.net.http java.scripting java.security.jgss java.transaction.xa java.sql java.sql.rowset java.xml.crypto java.se java.smartcardio jdk.accessibility jdk.internal.jvmstat jdk.attach jdk.charsets jdk.internal.opt jdk.zipfs jdk.compiler jdk.crypto.ec jdk.crypto.cryptoki jdk.crypto.mscapi jdk.dynalink jdk.internal.ed jdk.editpad jdk.hotspot.agent jdk.httpserver jdk.internal.le jdk.internal.vm.ci jdk.internal.vm.compiler jdk.internal.vm.compiler.management jdk.jartool jdk.javadoc jdk.jcmd jdk.management jdk.management.agent jdk.jconsole jdk.jdeps jdk.jdwp.agent jdk.jdi jdk.jfr jdk.jshell jdk.jsobject jdk.jstatd jdk.localedata jdk.management.jfr jdk.naming.dns jdk.naming.rmi jdk.net jdk.nio.mapmode jdk.random jdk.sctp jdk.security.auth jdk.security.jgss jdk.unsupported jdk.unsupported.desktop jdk.xml.dom" 

Environment Variables:
JAVA_HOME=C:\Program Files\Java\jdk-21
PATH=C:\Users\notai\AppData\Local\Programs\Microsoft VS Code;C:\Program Files (x86)\Common Files\Intel\Shared Libraries\redist\intel64\compiler;C:\Program Files\Java\jdk-21\bin;C:\Program Files\Java\jdk-17\bin;C:\Program Files\Common Files\Oracle\Java\javapath;C:\Program Files (x86)\Common Files\Oracle\Java\java8path;C:\Program Files (x86)\Common Files\Oracle\Java\javapath;C:\Program Files (x86)\Microsoft SDKs\Azure\CLI2\wbin;C:\Program Files (x86)\Common Files\Intel\Shared Files\cpp\bin\Intel64;C:\WINDOWS\system32;C:\WINDOWS;C:\WINDOWS\System32\Wbem;C:\WINDOWS\System32\WindowsPowerShell\v1.0\;C:\WINDOWS\System32\OpenSSH\;C:\Program Files\Microsoft SQL Server\Client SDK\ODBC\130\Tools\Binn\;C:\Program Files (x86)\Microsoft SQL Server\140\Tools\Binn\;C:\Program Files\Microsoft SQL Server\140\Tools\Binn\;C:\Program Files\Microsoft SQL Server\140\DTS\Binn\;C:\Program Files (x86)\HP\IdrsOCR_15.2.10.1114\;C:\Program Files\dotnet\;C:\Program Files\Git LFS;C:\Program Files\Microsoft SQL Server\Client SDK\ODBC\170\Tools\Binn\;C:\Program Files (x86)\Microsoft SQL Server\150\Tools\Binn\;C:\Program Files\Microsoft SQL Server\150\Tools\Binn\;C:\Program Files\Microsoft SQL Server\150\DTS\Binn\;C:\Program Files (x86)\QuickTime\QTSystem\;C:\Program Files\Git\cmd;C:\Program Files\HP\Common\HPDestPlgIn\;C:\Program Files (x86)\HP\Common\HPDestPlgIn\;C:\Program Files\nodejs\;C:\Users\notai\platform-tools;D:\Users\notai\AppData\Local\pnpm;C:\Users\notai\AppData\Local\Programs\Python\Python312\Scripts\;C:\Users\notai\AppData\Local\Programs\Python\Python312\;C:\Users\notai\AppData\Local\Programs\Python\Python311\Scripts;C:\Users\notai\AppData\Local\Programs\Python\Python311;C:\Users\notai\AppData\Roaming\Python\Python311\Scripts;C:\Python310\Scripts\;C:\Python310\;C:\Users\notai\AppData\Local\Programs\Python\Python310\Scripts\;C:\Users\notai\AppData\Local\Programs\Python\Python310\;C:\Users\notai\AppData\Local\Packages\PythonSoftwareFoundation.Python.3.9_qbz5n2kfra8p0\LocalCache\local-packages\Python39\Scripts;C:\Users\notai\AppData\Local\Microsoft\WindowsApps;C:\Users\notai\AppData\Local\Programs\Microsoft VS Code\bin;C:\Users\notai\.dotnet\tools;C:\Users\notai\AppData\Local\GitHubDesktop\bin;C:\Program Files\JetBrains\PyCharm Community Edition 2022.3\bin;C:\Program Files\heroku\bin;C:\Program Files\Azure Data Studio\bin;C:\Users\notai\Downloads\flutter\bin;C:\Users\notai\AppData\Local\Google\Cloud SDK\google-cloud-sdk\bin;C:\Users\notai\AppData\Local\JetBrains\Toolbox\scripts;C:\Program Files\JetBrains\PyCharm Community Edition 2024.1.2\bin;;E:\Program Files\JetBrains\IntelliJ IDEA Community Edition 2024.3.4.1\bin;;C:\Program Files\Azure Data Studio\bin;C:\Program Files\HP\Common\HPDestPlgIn\;C:\Program Files (x86)\HP\Common\HPDestPlgIn\;C:\Users\notai\AppData\Roaming\npm;C:\apache-maven-3.9.9\bin;D:\android\cmdline-tools\latest\bin;D:\android\platform-tools;C:\Users\notai\AppData\Local\Python\bin
USERNAME=notai
OS=Windows_NT
PROCESSOR_IDENTIFIER=Intel64 Family 6 Model 126 Stepping 5, GenuineIntel
TMP=C:\Users\notai\AppData\Local\Temp
TEMP=C:\Users\notai\AppData\Local\Temp




Periodic native trim disabled

---------------  S Y S T E M  ---------------

OS:
 Windows 11 , 64 bit Build 22621 (10.0.22621.5415)
OS uptime: 4 days 7:28 hours
Hyper-V role detected

CPU: total 8 (initial active 8) (4 cores per cpu, 2 threads per core) family 6 model 126 stepping 5 microcode 0xca, cx8, cmov, fxsr, ht, mmx, 3dnowpref, sse, sse2, sse3, ssse3, sse4.1, sse4.2, popcnt, lzcnt, tsc, tscinvbit, avx, avx2, aes, erms, clmul, bmi1, bmi2, adx, avx512f, avx512dq, avx512cd, avx512bw, avx512vl, sha, fma, vzeroupper, avx512_vpopcntdq, avx512_vpclmulqdq, avx512_vaes, avx512_vnni, clflush, clflushopt, avx512_vbmi2, avx512_vbmi, hv, rdtscp, rdpid, fsrm, gfni, avx512_bitalg, f16c, avx512_ifma
Processor Information for the first 8 processors :
  Max Mhz: 1201, Current Mhz: 1201, Mhz Limit: 1201

Memory: 4k page, system-wide physical 32455M (8292M free)
TotalPageFile size 32455M (AvailPageFile size 5M)
current process WorkingSet (physical memory assigned to process): 511M, peak: 517M
current process commit charge ("private bytes"): 566M, peak: 590M

vm_info: OpenJDK 64-Bit Server VM (21.0.10+7-LTS) for windows-amd64 JRE (21.0.10+7-LTS), built on 2026-01-20T00:00:00Z by "admin" with MS VC++ 17.12 (VS2022)

END.
