#
# There is insufficient memory for the Java Runtime Environment to continue.
# Native memory allocation (malloc) failed to allocate 32744 bytes. Error detail: Chunk::new
# Possible reasons:
#   The system is out of physical RAM or swap space
#   This process is running with CompressedOops enabled, and the Java Heap may be blocking the growth of the native heap
# Possible solutions:
#   Reduce memory load on the system
#   Increase physical memory or swap space
#   Check if swap backing store is full
#   Decrease Java heap size (-Xmx/-Xms)
#   Decrease number of Java threads
#   Decrease Java thread stack sizes (-Xss)
#   Set larger code cache with -XX:ReservedCodeCacheSize=
#   JVM is running with Unscaled Compressed Oops mode in which the Java heap is
#     placed in the first 4GB address space. The Java Heap base address is the
#     maximum limit for the native heap growth. Please use -XX:HeapBaseMinAddress
#     to set the Java Heap base and to place the Java Heap above 4GB virtual address.
# This output file may be truncated or incomplete.
#
#  Out of Memory Error (arena.cpp:168), pid=1856, tid=14100
#
# JRE version: OpenJDK Runtime Environment Temurin-21.0.10+7 (21.0.10+7) (build 21.0.10+7-LTS)
# Java VM: OpenJDK 64-Bit Server VM Temurin-21.0.10+7 (21.0.10+7-LTS, mixed mode, sharing, tiered, compressed oops, compressed class ptrs, g1 gc, windows-amd64)
# No core dump will be written. Minidumps are not enabled by default on client versions of Windows
#

---------------  S U M M A R Y ------------

Command Line: -XX:MaxMetaspaceSize=512m -XX:+HeapDumpOnOutOfMemoryError --add-opens=java.base/java.util=ALL-UNNAMED --add-opens=java.base/java.lang=ALL-UNNAMED --add-opens=java.base/java.lang.invoke=ALL-UNNAMED --add-opens=java.prefs/java.util.prefs=ALL-UNNAMED --add-exports=jdk.compiler/com.sun.tools.javac.api=ALL-UNNAMED --add-exports=jdk.compiler/com.sun.tools.javac.util=ALL-UNNAMED --add-opens=java.base/java.nio.charset=ALL-UNNAMED --add-opens=java.base/java.net=ALL-UNNAMED --add-opens=java.base/java.util.concurrent.atomic=ALL-UNNAMED -Xmx2048m -Dfile.encoding=UTF-8 -Duser.country=US -Duser.language=en -Duser.variant -javaagent:C:\Users\notai\.gradle\wrapper\dists\gradle-8.9-bin\90cnw93cvbtalezasaz0blq0a\gradle-8.9\lib\agents\gradle-instrumentation-agent-8.9.jar org.gradle.launcher.daemon.bootstrap.GradleDaemon 8.9

Host: Intel(R) Core(TM) i5-1035G1 CPU @ 1.00GHz, 8 cores, 31G,  Windows 11 , 64 bit Build 22621 (10.0.22621.5415)
Time: Thu May  7 13:55:05 2026 W. Central Africa Standard Time elapsed time: 6.964389 seconds (0d 0h 0m 6s)

---------------  T H R E A D  ---------------

Current thread (0x000001fe37015300):  JavaThread "Daemon worker"        [_thread_in_vm, id=14100, stack(0x000000c9fb900000,0x000000c9fba00000) (1024K)]

Stack: [0x000000c9fb900000,0x000000c9fba00000]
Native frames: (J=compiled Java code, j=interpreted, Vv=VM code, C=native code)
V  [jvm.dll+0x6d7a39]
V  [jvm.dll+0x8b4b26]
V  [jvm.dll+0x8b70de]
V  [jvm.dll+0x8b77c3]
V  [jvm.dll+0x284346]
V  [jvm.dll+0xc66ed]
V  [jvm.dll+0xc6c31]
V  [jvm.dll+0x3122ed]
V  [jvm.dll+0x3118cd]
V  [jvm.dll+0x21ab57]
V  [jvm.dll+0x20f647]
V  [jvm.dll+0x5b644f]
V  [jvm.dll+0x82ec4d]
V  [jvm.dll+0x47952e]
V  [jvm.dll+0x48c8a6]
C  [java.dll+0x1657]

Java frames: (J=compiled Java code, j=interpreted, Vv=VM code)
J 1880  java.lang.ClassLoader.defineClass0(Ljava/lang/ClassLoader;Ljava/lang/Class;Ljava/lang/String;[BIILjava/security/ProtectionDomain;ZILjava/lang/Object;)Ljava/lang/Class; java.base@21.0.10 (0 bytes) @ 0x000001fe0acee4bc [0x000001fe0acee3c0+0x00000000000000fc]
J 2615 c1 java.lang.System$2.defineClass(Ljava/lang/ClassLoader;Ljava/lang/Class;Ljava/lang/String;[BLjava/security/ProtectionDomain;ZILjava/lang/Object;)Ljava/lang/Class; java.base@21.0.10 (21 bytes) @ 0x000001fe03650bf4 [0x000001fe03650b40+0x00000000000000b4]
J 2614 c1 java.lang.invoke.MethodHandles$Lookup$ClassDefiner.defineClass(ZLjava/lang/Object;)Ljava/lang/Class; java.base@21.0.10 (213 bytes) @ 0x000001fe0364fefc [0x000001fe0364f9a0+0x000000000000055c]
J 2712 c1 java.lang.invoke.InvokerBytecodeGenerator.loadMethod([B)Ljava/lang/invoke/MemberName; java.base@21.0.10 (39 bytes) @ 0x000001fe03685f0c [0x000001fe03685d80+0x000000000000018c]
J 2388 c1 java.lang.invoke.InvokerBytecodeGenerator.generateCustomizedCode(Ljava/lang/invoke/LambdaForm;Ljava/lang/invoke/MethodType;)Ljava/lang/invoke/MemberName; java.base@21.0.10 (34 bytes) @ 0x000001fe035d4734 [0x000001fe035d4580+0x00000000000001b4]
J 2533 c1 java.lang.invoke.LambdaForm.compileToBytecode()V java.base@21.0.10 (164 bytes) @ 0x000001fe0361a0f4 [0x000001fe03619f00+0x00000000000001f4]
j  java.lang.invoke.DirectMethodHandle.makePreparedLambdaForm(Ljava/lang/invoke/MethodType;I)Ljava/lang/invoke/LambdaForm;+750 java.base@21.0.10
J 2180 c1 java.lang.invoke.DirectMethodHandle.preparedLambdaForm(Ljava/lang/invoke/MemberName;Z)Ljava/lang/invoke/LambdaForm; java.base@21.0.10 (244 bytes) @ 0x000001fe0356fbb4 [0x000001fe0356f200+0x00000000000009b4]
J 2832 c1 java.lang.invoke.DirectMethodHandle.makeAllocator(Ljava/lang/invoke/MemberName;)Ljava/lang/invoke/DirectMethodHandle; java.base@21.0.10 (137 bytes) @ 0x000001fe036b692c [0x000001fe036b6720+0x000000000000020c]
J 2476 c1 java.lang.invoke.MethodHandles$Lookup.getDirectConstructorCommon(Ljava/lang/Class;Ljava/lang/invoke/MemberName;Z)Ljava/lang/invoke/MethodHandle; java.base@21.0.10 (69 bytes) @ 0x000001fe035f4b54 [0x000001fe035f48a0+0x00000000000002b4]
j  java.lang.invoke.MethodHandles$Lookup.getDirectConstructorNoSecurityManager(Ljava/lang/Class;Ljava/lang/invoke/MemberName;)Ljava/lang/invoke/MethodHandle;+6 java.base@21.0.10
j  java.lang.invoke.MethodHandles$Lookup.unreflectConstructor(Ljava/lang/reflect/Constructor;)Ljava/lang/invoke/MethodHandle;+51 java.base@21.0.10
j  java.lang.invoke.MethodHandleImpl$1.unreflectConstructor(Ljava/lang/reflect/Constructor;)Ljava/lang/invoke/MethodHandle;+4 java.base@21.0.10
j  jdk.internal.reflect.MethodHandleAccessorFactory.newConstructorAccessor(Ljava/lang/reflect/Constructor;)Ljdk/internal/reflect/ConstructorAccessorImpl;+23 java.base@21.0.10
j  jdk.internal.reflect.ReflectionFactory.newConstructorAccessor(Ljava/lang/reflect/Constructor;)Ljdk/internal/reflect/ConstructorAccessor;+67 java.base@21.0.10
j  java.lang.reflect.Constructor.acquireConstructorAccessor()Ljdk/internal/reflect/ConstructorAccessor;+58 java.base@21.0.10
J 2339 c1 java.lang.reflect.Constructor.newInstanceWithCaller([Ljava/lang/Object;ZLjava/lang/Class;)Ljava/lang/Object; java.base@21.0.10 (51 bytes) @ 0x000001fe035b5b94 [0x000001fe035b5a60+0x0000000000000134]
j  java.lang.reflect.Constructor.newInstance([Ljava/lang/Object;)Ljava/lang/Object;+30 java.base@21.0.10
j  org.gradle.internal.service.DefaultServiceRegistry$ConstructorService.invokeMethod([Ljava/lang/Object;)Ljava/lang/Object;+5
j  org.gradle.internal.service.DefaultServiceRegistry$FactoryService.createServiceInstance()Ljava/lang/Object;+7
J 2722 c1 org.gradle.internal.service.DefaultServiceRegistry$ManagedObjectServiceProvider.getInstance()Ljava/lang/Object; (47 bytes) @ 0x000001fe0368a90c [0x000001fe0368a760+0x00000000000001ac]
J 2554 c1 org.gradle.internal.service.DefaultServiceRegistry$SingletonService.get()Ljava/lang/Object; (5 bytes) @ 0x000001fe0362bdbc [0x000001fe0362bd40+0x000000000000007c]
j  org.gradle.internal.service.DefaultServiceRegistry$FactoryService.assembleParameters()[Ljava/lang/Object;+44
j  org.gradle.internal.service.DefaultServiceRegistry$FactoryService.createServiceInstance()Ljava/lang/Object;+1
J 2722 c1 org.gradle.internal.service.DefaultServiceRegistry$ManagedObjectServiceProvider.getInstance()Ljava/lang/Object; (47 bytes) @ 0x000001fe0368a90c [0x000001fe0368a760+0x00000000000001ac]
J 2554 c1 org.gradle.internal.service.DefaultServiceRegistry$SingletonService.get()Ljava/lang/Object; (5 bytes) @ 0x000001fe0362bdbc [0x000001fe0362bd40+0x000000000000007c]
j  org.gradle.internal.service.DefaultServiceRegistry.getCollectionService(Ljava/lang/Class;Lorg/gradle/internal/service/ServiceProvider;)Lorg/gradle/internal/service/Service;+76
j  org.gradle.internal.service.DefaultServiceRegistry.getCollectionService(Ljava/lang/reflect/Type;Lorg/gradle/internal/service/ServiceProvider;)Lorg/gradle/internal/service/Service;+14
J 2659 c1 org.gradle.internal.service.DefaultServiceRegistry.find(Ljava/lang/reflect/Type;Lorg/gradle/internal/service/ServiceProvider;)Lorg/gradle/internal/service/Service; (142 bytes) @ 0x000001fe03661ed4 [0x000001fe03660e00+0x00000000000010d4]
j  org.gradle.internal.service.DefaultServiceRegistry.access$1700(Ljava/lang/reflect/Type;Lorg/gradle/internal/service/ServiceProvider;)Lorg/gradle/internal/service/Service;+2
j  org.gradle.internal.service.DefaultServiceRegistry$FactoryService.bind()V+143
J 2553 c1 org.gradle.internal.service.DefaultServiceRegistry$SingletonService.prepare()Lorg/gradle/internal/service/Service; (111 bytes) @ 0x000001fe0362ad04 [0x000001fe0362aac0+0x0000000000000244]
j  org.gradle.internal.service.DefaultServiceRegistry$SingletonService.getService(Ljava/lang/reflect/Type;)Lorg/gradle/internal/service/Service;+14
J 2660 c1 org.gradle.internal.service.DefaultServiceRegistry$OwnServices.getService(Ljava/lang/reflect/Type;)Lorg/gradle/internal/service/Service; (309 bytes) @ 0x000001fe03665c1c [0x000001fe03663760+0x00000000000024bc]
J 2815 c1 org.gradle.internal.service.DefaultServiceRegistry$CompositeServiceProvider.getService(Ljava/lang/reflect/Type;)Lorg/gradle/internal/service/Service; (49 bytes) @ 0x000001fe036af49c [0x000001fe036af360+0x000000000000013c]
J 2659 c1 org.gradle.internal.service.DefaultServiceRegistry.find(Ljava/lang/reflect/Type;Lorg/gradle/internal/service/ServiceProvider;)Lorg/gradle/internal/service/Service; (142 bytes) @ 0x000001fe036621cc [0x000001fe03660e00+0x00000000000013cc]
j  org.gradle.internal.service.DefaultServiceRegistry.getService(Ljava/lang/reflect/Type;)Lorg/gradle/internal/service/Service;+9
j  org.gradle.internal.service.DefaultServiceRegistry.find(Ljava/lang/reflect/Type;)Ljava/lang/Object;+9
j  org.gradle.internal.service.DefaultServiceRegistry.get(Ljava/lang/reflect/Type;)Ljava/lang/Object;+2
j  org.gradle.internal.service.DefaultServiceRegistry.get(Ljava/lang/Class;)Ljava/lang/Object;+3
j  org.gradle.internal.buildtree.DefaultBuildTreeContext.execute(Lorg/gradle/internal/invocation/BuildAction;)Lorg/gradle/internal/buildtree/BuildActionRunner$Result;+54
j  org.gradle.launcher.exec.BuildTreeLifecycleBuildActionExecutor.lambda$execute$0(Lorg/gradle/internal/invocation/BuildAction;Lorg/gradle/internal/buildtree/BuildTreeContext;)Lorg/gradle/internal/buildtree/BuildActionRunner$Result;+2
j  org.gradle.launcher.exec.BuildTreeLifecycleBuildActionExecutor$$Lambda+0x000001fe182a4a80.apply(Ljava/lang/Object;)Ljava/lang/Object;+8
j  org.gradle.internal.buildtree.BuildTreeState.run(Ljava/util/function/Function;)Ljava/lang/Object;+45
j  org.gradle.launcher.exec.BuildTreeLifecycleBuildActionExecutor.execute(Lorg/gradle/internal/invocation/BuildAction;Lorg/gradle/internal/session/BuildSessionContext;)Lorg/gradle/internal/buildtree/BuildActionRunner$Result;+74
j  org.gradle.launcher.exec.RunAsBuildOperationBuildActionExecutor$3.call(Lorg/gradle/internal/operations/BuildOperationContext;)Lorg/gradle/internal/buildtree/BuildActionRunner$Result;+25
j  org.gradle.launcher.exec.RunAsBuildOperationBuildActionExecutor$3.call(Lorg/gradle/internal/operations/BuildOperationContext;)Ljava/lang/Object;+2
j  org.gradle.internal.operations.DefaultBuildOperationRunner$CallableBuildOperationWorker.execute(Lorg/gradle/internal/operations/CallableBuildOperation;Lorg/gradle/internal/operations/BuildOperationContext;)V+3
j  org.gradle.internal.operations.DefaultBuildOperationRunner$CallableBuildOperationWorker.execute(Lorg/gradle/internal/operations/BuildOperation;Lorg/gradle/internal/operations/BuildOperationContext;)V+6
j  org.gradle.internal.operations.DefaultBuildOperationRunner$2.execute(Lorg/gradle/internal/operations/BuildOperationDescriptor;Lorg/gradle/internal/operations/BuildOperationState;Lorg/gradle/internal/operations/BuildOperationState;Lorg/gradle/internal/operations/DefaultBuildOperationRunner$ReadableBuildOperationContext;Lorg/gradle/internal/operations/DefaultBuildOperationRunner$BuildOperationExecutionListener;)Lorg/gradle/internal/operations/BuildOperation;+22
j  org.gradle.internal.operations.DefaultBuildOperationRunner$2.execute(Lorg/gradle/internal/operations/BuildOperationDescriptor;Lorg/gradle/internal/operations/BuildOperationState;Lorg/gradle/internal/operations/BuildOperationState;Lorg/gradle/internal/operations/DefaultBuildOperationRunner$ReadableBuildOperationContext;Lorg/gradle/internal/operations/DefaultBuildOperationRunner$BuildOperationExecutionListener;)Ljava/lang/Object;+8
j  org.gradle.internal.operations.DefaultBuildOperationRunner.execute(Lorg/gradle/internal/operations/BuildOperationDescriptor$Builder;Lorg/gradle/internal/operations/BuildOperationState;Lorg/gradle/internal/operations/DefaultBuildOperationRunner$BuildOperationExecution;)Ljava/lang/Object;+141
j  org.gradle.internal.operations.DefaultBuildOperationRunner.execute(Lorg/gradle/internal/operations/BuildOperation;Lorg/gradle/internal/operations/BuildOperationWorker;Lorg/gradle/internal/operations/BuildOperationState;)V+18
j  org.gradle.internal.operations.DefaultBuildOperationRunner.call(Lorg/gradle/internal/operations/CallableBuildOperation;)Ljava/lang/Object;+16
j  org.gradle.launcher.exec.RunAsBuildOperationBuildActionExecutor.execute(Lorg/gradle/internal/invocation/BuildAction;Lorg/gradle/internal/session/BuildSessionContext;)Lorg/gradle/internal/buildtree/BuildActionRunner$Result;+23
j  org.gradle.launcher.exec.RunAsWorkerThreadBuildActionExecutor.lambda$execute$0(Lorg/gradle/internal/invocation/BuildAction;Lorg/gradle/internal/session/BuildSessionContext;)Lorg/gradle/internal/buildtree/BuildActionRunner$Result;+6
j  org.gradle.launcher.exec.RunAsWorkerThreadBuildActionExecutor$$Lambda+0x000001fe18277af0.create()Ljava/lang/Object;+12
j  org.gradle.internal.work.DefaultWorkerLeaseService.withLocks(Ljava/util/Collection;Lorg/gradle/internal/Factory;)Ljava/lang/Object;+28
j  org.gradle.internal.work.DefaultWorkerLeaseService.runAsWorkerThread(Lorg/gradle/internal/Factory;)Ljava/lang/Object;+33
j  org.gradle.launcher.exec.RunAsWorkerThreadBuildActionExecutor.execute(Lorg/gradle/internal/invocation/BuildAction;Lorg/gradle/internal/session/BuildSessionContext;)Lorg/gradle/internal/buildtree/BuildActionRunner$Result;+12
j  org.gradle.tooling.internal.provider.continuous.ContinuousBuildActionExecutor.execute(Lorg/gradle/internal/invocation/BuildAction;Lorg/gradle/internal/session/BuildSessionContext;)Lorg/gradle/internal/buildtree/BuildActionRunner$Result;+58
j  org.gradle.tooling.internal.provider.SubscribableBuildActionExecutor.execute(Lorg/gradle/internal/invocation/BuildAction;Lorg/gradle/internal/session/BuildSessionContext;)Lorg/gradle/internal/buildtree/BuildActionRunner$Result;+30
j  org.gradle.internal.session.DefaultBuildSessionContext.execute(Lorg/gradle/internal/invocation/BuildAction;)Lorg/gradle/internal/buildtree/BuildActionRunner$Result;+64
j  org.gradle.internal.buildprocess.execution.BuildSessionLifecycleBuildActionExecutor$ActionImpl.apply(Lorg/gradle/internal/session/BuildSessionContext;)Lorg/gradle/launcher/exec/BuildActionResult;+6
j  org.gradle.internal.buildprocess.execution.BuildSessionLifecycleBuildActionExecutor$ActionImpl.apply(Ljava/lang/Object;)Ljava/lang/Object;+5
j  org.gradle.internal.session.BuildSessionState.run(Ljava/util/function/Function;)Ljava/lang/Object;+5
j  org.gradle.internal.buildprocess.execution.BuildSessionLifecycleBuildActionExecutor.execute(Lorg/gradle/internal/invocation/BuildAction;Lorg/gradle/launcher/exec/BuildActionParameters;Lorg/gradle/initialization/BuildRequestContext;)Lorg/gradle/launcher/exec/BuildActionResult;+95
j  org.gradle.internal.buildprocess.execution.BuildSessionLifecycleBuildActionExecutor.execute(Lorg/gradle/internal/invocation/BuildAction;Ljava/lang/Object;Ljava/lang/Object;)Lorg/gradle/launcher/exec/BuildActionResult;+10
j  org.gradle.internal.buildprocess.execution.StartParamsValidatingActionExecutor.execute(Lorg/gradle/internal/invocation/BuildAction;Lorg/gradle/launcher/exec/BuildActionParameters;Lorg/gradle/initialization/BuildRequestContext;)Lorg/gradle/launcher/exec/BuildActionResult;+203
j  org.gradle.internal.buildprocess.execution.StartParamsValidatingActionExecutor.execute(Lorg/gradle/internal/invocation/BuildAction;Ljava/lang/Object;Ljava/lang/Object;)Lorg/gradle/launcher/exec/BuildActionResult;+10
j  org.gradle.internal.buildprocess.execution.SessionFailureReportingActionExecutor.execute(Lorg/gradle/internal/invocation/BuildAction;Lorg/gradle/launcher/exec/BuildActionParameters;Lorg/gradle/initialization/BuildRequestContext;)Lorg/gradle/launcher/exec/BuildActionResult;+7
j  org.gradle.internal.buildprocess.execution.SessionFailureReportingActionExecutor.execute(Lorg/gradle/internal/invocation/BuildAction;Ljava/lang/Object;Ljava/lang/Object;)Lorg/gradle/launcher/exec/BuildActionResult;+10
j  org.gradle.internal.buildprocess.execution.SetupLoggingActionExecutor.execute(Lorg/gradle/internal/invocation/BuildAction;Lorg/gradle/launcher/exec/BuildActionParameters;Lorg/gradle/initialization/BuildRequestContext;)Lorg/gradle/launcher/exec/BuildActionResult;+50
j  org.gradle.internal.buildprocess.execution.SetupLoggingActionExecutor.execute(Lorg/gradle/internal/invocation/BuildAction;Ljava/lang/Object;Ljava/lang/Object;)Lorg/gradle/launcher/exec/BuildActionResult;+10
j  org.gradle.launcher.daemon.server.exec.ExecuteBuild.doBuild(Lorg/gradle/launcher/daemon/server/api/DaemonCommandExecution;Lorg/gradle/launcher/daemon/protocol/Build;)V+147
j  org.gradle.launcher.daemon.server.exec.BuildCommandOnly.execute(Lorg/gradle/launcher/daemon/server/api/DaemonCommandExecution;)V+49
j  org.gradle.launcher.daemon.server.api.DaemonCommandExecution.proceed()Z+23
j  org.gradle.launcher.daemon.server.exec.WatchForDisconnection.execute(Lorg/gradle/launcher/daemon/server/api/DaemonCommandExecution;)V+19
j  org.gradle.launcher.daemon.server.api.DaemonCommandExecution.proceed()Z+23
j  org.gradle.launcher.daemon.server.exec.ResetDeprecationLogger.execute(Lorg/gradle/launcher/daemon/server/api/DaemonCommandExecution;)V+7
j  org.gradle.launcher.daemon.server.api.DaemonCommandExecution.proceed()Z+23
j  org.gradle.launcher.daemon.server.exec.RequestStopIfSingleUsedDaemon.execute(Lorg/gradle/launcher/daemon/server/api/DaemonCommandExecution;)V+33
j  org.gradle.launcher.daemon.server.api.DaemonCommandExecution.proceed()Z+23
j  org.gradle.launcher.daemon.server.exec.ForwardClientInput.lambda$execute$0(Lorg/gradle/launcher/daemon/server/api/DaemonCommandExecution;Lorg/gradle/internal/daemon/clientinput/StdinHandler;)Ljava/lang/Object;+11
j  org.gradle.launcher.daemon.server.exec.ForwardClientInput$$Lambda+0x000001fe1818cdb0.apply(Ljava/lang/Object;)Ljava/lang/Object;+8
j  org.gradle.internal.daemon.clientinput.ClientInputForwarder.forwardInput(Ljava/util/function/Function;)Ljava/lang/Object;+46
j  org.gradle.launcher.daemon.server.exec.ForwardClientInput.execute(Lorg/gradle/launcher/daemon/server/api/DaemonCommandExecution;)V+10
j  org.gradle.launcher.daemon.server.api.DaemonCommandExecution.proceed()Z+23
j  org.gradle.launcher.daemon.server.exec.LogAndCheckHealth.execute(Lorg/gradle/launcher/daemon/server/api/DaemonCommandExecution;)V+51
j  org.gradle.launcher.daemon.server.api.DaemonCommandExecution.proceed()Z+23
j  org.gradle.launcher.daemon.server.exec.LogToClient.doBuild(Lorg/gradle/launcher/daemon/server/api/DaemonCommandExecution;Lorg/gradle/launcher/daemon/protocol/Build;)V+87
j  org.gradle.launcher.daemon.server.exec.BuildCommandOnly.execute(Lorg/gradle/launcher/daemon/server/api/DaemonCommandExecution;)V+49
j  org.gradle.launcher.daemon.server.api.DaemonCommandExecution.proceed()Z+23
j  org.gradle.launcher.daemon.server.exec.EstablishBuildEnvironment.doBuild(Lorg/gradle/launcher/daemon/server/api/DaemonCommandExecution;Lorg/gradle/launcher/daemon/protocol/Build;)V+356
j  org.gradle.launcher.daemon.server.exec.BuildCommandOnly.execute(Lorg/gradle/launcher/daemon/server/api/DaemonCommandExecution;)V+49
j  org.gradle.launcher.daemon.server.api.DaemonCommandExecution.proceed()Z+23
j  org.gradle.launcher.daemon.server.exec.StartBuildOrRespondWithBusy$1.run()V+44
j  org.gradle.launcher.daemon.server.DaemonStateCoordinator.lambda$runCommand$0(Ljava/lang/Runnable;)V+1
j  org.gradle.launcher.daemon.server.DaemonStateCoordinator$$Lambda+0x000001fe18187708.run()V+8
j  org.gradle.internal.concurrent.ExecutorPolicy$CatchAndRecordFailures.onExecute(Ljava/lang/Runnable;)V+1
j  org.gradle.internal.concurrent.AbstractManagedExecutor$1.run()V+25
j  java.util.concurrent.ThreadPoolExecutor.runWorker(Ljava/util/concurrent/ThreadPoolExecutor$Worker;)V+92 java.base@21.0.10
j  java.util.concurrent.ThreadPoolExecutor$Worker.run()V+5 java.base@21.0.10
j  java.lang.Thread.runWith(Ljava/lang/Object;Ljava/lang/Runnable;)V+5 java.base@21.0.10
j  java.lang.Thread.run()V+19 java.base@21.0.10
v  ~StubRoutines::call_stub 0x000001fe0a6710e7

Compiled method (n/a) 7035 1880     n 0       java.lang.ClassLoader::defineClass0 (native)
 total in heap  [0x000001fe0acee210,0x000001fe0acee8d8] = 1736
 relocation     [0x000001fe0acee370,0x000001fe0acee3a8] = 56
 main code      [0x000001fe0acee3c0,0x000001fe0acee8d2] = 1298
 stub code      [0x000001fe0acee8d2,0x000001fe0acee8d8] = 6

[Constant Pool (empty)]

[MachCode]
[Entry Point]
  # {method} {0x000001fe17434930} 'defineClass0' '(Ljava/lang/ClassLoader;Ljava/lang/Class;Ljava/lang/String;[BIILjava/security/ProtectionDomain;ZILjava/lang/Object;)Ljava/lang/Class;' in 'java/lang/ClassLoader'
  # parm0:    rdx:rdx   = 'java/lang/ClassLoader'
  # parm1:    r8:r8     = 'java/lang/Class'
  # parm2:    r9:r9     = 'java/lang/String'
  # parm3:    rdi:rdi   = '[B'
  # parm4:    rsi       = int
  # parm5:    rcx       = int
  # parm6:    [sp+0xb0]   = 'java/security/ProtectionDomain'  (sp of caller)
  # parm7:    [sp+0xb8]   = boolean
  # parm8:    [sp+0xc0]   = int
  # parm9:    [sp+0xc8]   = 'java/lang/Object'
  0x000001fe0acee3c0: 448b 5208 | 49bb 0000 | 0017 fe01 | 0000 4d03 | d349 3bc2 | 0f84 0600 

  0x000001fe0acee3d8: ;   {runtime_call ic_miss_stub}
  0x000001fe0acee3d8: 0000 e9a1 | 059d ff90 
[Verified Entry Point]
  0x000001fe0acee3e0: 8984 2400 | 80ff ff55 | 488b ec48 | 81ec a000 | 0000 6690 | 4181 7f20 | 0100 0000 

  0x000001fe0acee3fc: ;   {runtime_call StubRoutines (final stubs)}
  0x000001fe0acee3fc: 7405 e89d | 9e9b ff48 | 837d 2800 | 488d 4528 | 480f 4445 | 2848 8944 | 2458 4863 | 4520 4889 
  0x000001fe0acee41c: 4424 5048 | 6345 1848 | 8944 2448 | 4883 7d10 | 0048 8d45 | 1048 0f44 | 4510 4889 | 4424 4048 
  0x000001fe0acee43c: 894c 2438 | 4889 7424 | 3048 897c | 2478 4883 | ff00 488d | 4424 7848 | 0f44 4424 | 7848 8944 
  0x000001fe0acee45c: 2428 4c89 | 4c24 7049 | 83f9 0048 | 8d44 2470 | 480f 4444 | 2470 4889 | 4424 204c | 8944 2468 
  0x000001fe0acee47c: 4983 f800 | 4c8d 4c24 | 684c 0f44 | 4c24 6848 | 8954 2460 | 4883 fa00 | 4c8d 4424 | 604c 0f44 
  0x000001fe0acee49c: ;   {oop(a 'java/lang/Class'{0x00000000806ad068} = 'java/lang/ClassLoader')}
  0x000001fe0acee49c: 4424 6049 | be68 d06a | 8000 0000 | 004c 89b4 | 2490 0000 | 004c 8db4 | 2490 0000 | 0049 8bd6 
  0x000001fe0acee4bc: ;   {internal_word}
  0x000001fe0acee4bc: c5f8 7749 | babc e4ce | 0afe 0100 | 004d 8997 | a803 0000 | 4989 a7a0 

  0x000001fe0acee4d4: ;   {external_word}
  0x000001fe0acee4d4: 0300 0049 | bac6 5c95 | e5fc 7f00 | 0041 803a | 000f 844e | 0000 0052 | 4150 4151 

  0x000001fe0acee4f0: ;   {metadata({method} {0x000001fe17434930} 'defineClass0' '(Ljava/lang/ClassLoader;Ljava/lang/Class;Ljava/lang/String;[BIILjava/security/ProtectionDomain;ZILjava/lang/Object;)Ljava/lang/Class;' in 'java/lang/ClassLoader')}
  0x000001fe0acee4f0: 48ba 2849 | 4317 fe01 | 0000 498b | cf48 83ec | 2040 f6c4 | 0f0f 8419 | 0000 0048 

  0x000001fe0acee50c: ;   {runtime_call}
  0x000001fe0acee50c: 83ec 0848 | b850 e13e | e5fc 7f00 | 00ff d048 | 83c4 08e9 | 0c00 0000 

  0x000001fe0acee524: ;   {runtime_call}
  0x000001fe0acee524: 48b8 50e1 | 3ee5 fc7f | 0000 ffd0 | 4883 c420 | 4159 4158 | 5a49 8d8f | c003 0000 | 41c7 874c 
  0x000001fe0acee544: 0400 0004 

  0x000001fe0acee548: ;   {runtime_call}
  0x000001fe0acee548: 0000 0048 | b81c 152c | 98fd 7f00 | 00ff d0c5 | f877 41c7 | 874c 0400 | 0005 0000 | 00f0 8344 
  0x000001fe0acee568: 24c0 0049 | 3baf 5004 | 0000 0f87 | 0e00 0000 | 4183 bf48 | 0400 0000 | 0f84 2b00 | 0000 c5f8 
  0x000001fe0acee588: 7748 8945 | f849 8bcf | 4c8b e448 | 83ec 2048 

  0x000001fe0acee598: ;   {runtime_call}
  0x000001fe0acee598: 83e4 f048 | b8d0 520a | e5fc 7f00 | 00ff d049 | 8be4 4d33 | e448 8b45 | f841 c787 | 4c04 0000 
  0x000001fe0acee5b8: 0800 0000 | 4183 bfc8 | 0400 0002 | 0f84 db02 

  0x000001fe0acee5c8: ;   {external_word}
  0x000001fe0acee5c8: 0000 49ba | c65c 95e5 | fc7f 0000 | 4180 3a00 | 0f84 4c00 | 0000 4889 

  0x000001fe0acee5e0: ;   {metadata({method} {0x000001fe17434930} 'defineClass0' '(Ljava/lang/ClassLoader;Ljava/lang/Class;Ljava/lang/String;[BIILjava/security/ProtectionDomain;ZILjava/lang/Object;)Ljava/lang/Class;' in 'java/lang/ClassLoader')}
  0x000001fe0acee5e0: 45f8 48ba | 2849 4317 | fe01 0000 | 498b cf48 | 83ec 2040 | f6c4 0f0f | 8419 0000 | 0048 83ec 
  0x000001fe0acee600: ;   {runtime_call}
  0x000001fe0acee600: 0848 b850 | e13e e5fc | 7f00 00ff | d048 83c4 | 08e9 0c00 

  0x000001fe0acee614: ;   {runtime_call}
  0x000001fe0acee614: 0000 48b8 | 50e1 3ee5 | fc7f 0000 | ffd0 4883 | c420 488b | 45f8 49c7 | 87a0 0300 | 0000 0000 
  0x000001fe0acee634: 0049 c787 | a803 0000 | 0000 0000 | c5f8 7748 | 85c0 0f84 | 3602 0000 | a803 0f85 | 0800 0000 
  0x000001fe0acee654: 488b 00e9 | 2602 0000 | a801 0f85 | 0900 0000 | 488b 40fe | e915 0200 | 0048 8b40 | ff41 807f 
  0x000001fe0acee674: 4000 0f84 | 0602 0000 | 4883 f800 | 0f84 fc01 | 0000 498b | 4f28 4883 | f900 0f84 | 1400 0000 
  0x000001fe0acee694: 4883 e908 | 4989 4f28 | 4903 4f38 | 4889 01e9 | da01 0000 | 4881 ecf0 | 0000 0048 | 8904 2448 
  0x000001fe0acee6b4: 894c 2408 | 4889 5424 | 104c 8944 | 2418 4c89 | 4c24 204c | 8954 2428 | 4c89 5c24 | 30c5 fb11 
  0x000001fe0acee6d4: 4424 40c5 | fb11 4c24 | 48c5 fb11 | 5424 50c5 | fb11 5c24 | 58c5 fb11 | 6424 60c5 | fb11 6c24 
  0x000001fe0acee6f4: 6862 e1ff | 0811 4424 | 0e62 e1ff | 0811 4c24 | 0f62 e1ff | 0811 5424 | 1062 e1ff | 0811 5c24 
  0x000001fe0acee714: ;   {no_reloc}
  0x000001fe0acee714: 1162 e1ff | 0811 6424 | 1262 e1ff | 0811 6c24 | 1362 e1ff | 0811 7424 | 1462 e1ff | 0811 7c24 
  0x000001fe0acee734: 1562 61ff | 0811 4424 | 1662 61ff | 0811 4c24 | 1762 61ff | 0811 5424 | 1862 61ff | 0811 5c24 
  0x000001fe0acee754: 1962 61ff | 0811 6424 | 1a62 61ff | 0811 6c24 | 1b62 61ff | 0811 7424 | 1c62 61ff | 0811 7c24 
  0x000001fe0acee774: 1d49 8bd7 | 488b c848 | 83ec 2040 | f6c4 0f0f | 8419 0000 | 0048 83ec 

  0x000001fe0acee78c: ;   {runtime_call}
  0x000001fe0acee78c: 0848 b8f0 | a0fd e4fc | 7f00 00ff | d048 83c4 | 08e9 0c00 

  0x000001fe0acee7a0: ;   {runtime_call}
  0x000001fe0acee7a0: 0000 48b8 | f0a0 fde4 | fc7f 0000 | ffd0 4883 | c420 6261 | ff08 107c | 241d 6261 | ff08 1074 
  0x000001fe0acee7c0: 241c 6261 | ff08 106c | 241b 6261 | ff08 1064 | 241a 6261 | ff08 105c | 2419 6261 | ff08 1054 
  0x000001fe0acee7e0: 2418 6261 | ff08 104c | 2417 6261 | ff08 1044 | 2416 62e1 | ff08 107c | 2415 62e1 | ff08 1074 
  0x000001fe0acee800: 2414 62e1 | ff08 106c | 2413 62e1 | ff08 1064 | 2412 62e1 | ff08 105c | 2411 62e1 | ff08 1054 
  0x000001fe0acee820: 2410 62e1 | ff08 104c | 240f 62e1 | ff08 1044 | 240e c5fb | 106c 2468 | c5fb 1064 | 2460 c5fb 
  0x000001fe0acee840: 105c 2458 | c5fb 1054 | 2450 c5fb | 104c 2448 | c5fb 1044 | 2440 4c8b | 5c24 304c | 8b54 2428 
  0x000001fe0acee860: 4c8b 4c24 | 204c 8b44 | 2418 488b | 5424 1048 | 8b4c 2408 | 488b 0424 | 4881 c4f0 | 0000 00c5 
  0x000001fe0acee880: f877 498b | 8f30 0400 | 00c7 8100 | 0100 0000 | 0000 00c9 | 4983 7f08 | 000f 8501 | 0000 00c3 
  0x000001fe0acee8a0: ;   {runtime_call StubRoutines (initial stubs)}
  0x000001fe0acee8a0: e95b 2698 | ffc5 f877 | 4889 45f8 | 4c8b e448 | 83ec 2048 

  0x000001fe0acee8b4: ;   {runtime_call}
  0x000001fe0acee8b4: 83e4 f048 | b8a0 183f | e5fc 7f00 | 00ff d049 | 8be4 4d33 | e448 8b45 | f8e9 f8fc | ffff f4f4 
  0x000001fe0acee8d4: f4f4 f4f4 
[/MachCode]


Compiled method (c1) 7057 2615       3       java.lang.System$2::defineClass (21 bytes)
 total in heap  [0x000001fe03650990,0x000001fe03650d70] = 992
 relocation     [0x000001fe03650af0,0x000001fe03650b30] = 64
 main code      [0x000001fe03650b40,0x000001fe03650c78] = 312
 stub code      [0x000001fe03650c78,0x000001fe03650cb8] = 64
 metadata       [0x000001fe03650cb8,0x000001fe03650cc0] = 8
 scopes data    [0x000001fe03650cc0,0x000001fe03650d08] = 72
 scopes pcs     [0x000001fe03650d08,0x000001fe03650d58] = 80
 dependencies   [0x000001fe03650d58,0x000001fe03650d60] = 8
 nul chk table  [0x000001fe03650d60,0x000001fe03650d70] = 16

[Constant Pool (empty)]

[MachCode]
[Entry Point]
  # {method} {0x000001fe17019588} 'defineClass' '(Ljava/lang/ClassLoader;Ljava/lang/Class;Ljava/lang/String;[BLjava/security/ProtectionDomain;ZILjava/lang/Object;)Ljava/lang/Class;' in 'java/lang/System$2'
  # this:     rdx:rdx   = 'java/lang/System$2'
  # parm0:    r8:r8     = 'java/lang/ClassLoader'
  # parm1:    r9:r9     = 'java/lang/Class'
  # parm2:    rdi:rdi   = 'java/lang/String'
  # parm3:    rsi:rsi   = '[B'
  # parm4:    rcx:rcx   = 'java/security/ProtectionDomain'
  # parm5:    [sp+0x70]   = boolean  (sp of caller)
  # parm6:    [sp+0x78]   = int
  # parm7:    [sp+0x80]   = 'java/lang/Object'
  0x000001fe03650b40: 448b 5208 | 49bb 0000 | 0017 fe01 | 0000 4d03 | d34c 3bd0 

  0x000001fe03650b54: ;   {runtime_call ic_miss_stub}
  0x000001fe03650b54: 0f85 26de | 0607 660f | 1f44 0000 
[Verified Entry Point]
  0x000001fe03650b60: 8984 2400 | 80ff ff55 | 4883 ec60 | 4181 7f20 | 0100 0000 

  0x000001fe03650b74: ;   {runtime_call StubRoutines (final stubs)}
  0x000001fe03650b74: 7405 e825 | 7705 0748 

  0x000001fe03650b7c: ;   {metadata(method data for {method} {0x000001fe17019588} 'defineClass' '(Ljava/lang/ClassLoader;Ljava/lang/Class;Ljava/lang/String;[BLjava/security/ProtectionDomain;ZILjava/lang/Object;)Ljava/lang/Class;' in 'java/lang/System$2')}
  0x000001fe03650b7c: 8bd9 48b9 | 0860 9c32 | fe01 0000 | 8b81 cc00 | 0000 83c0 | 0289 81cc | 0000 0025 | fe07 0000 
  0x000001fe03650b9c: 85c0 0f84 | 6b00 0000 | 4c8b ac24 | 8000 0000 | 448b 5c24 | 788b 4424 | 708b 4e0c 

  0x000001fe03650bb8: ;   {metadata(method data for {method} {0x000001fe17019588} 'defineClass' '(Ljava/lang/ClassLoader;Ljava/lang/Class;Ljava/lang/String;[BLjava/security/ProtectionDomain;ZILjava/lang/Object;)Ljava/lang/Class;' in 'java/lang/System$2')}
  0x000001fe03650bb8: 48ba 0860 | 9c32 fe01 | 0000 4883 | 8210 0100 | 0001 498b | d04d 8bc1 | 4c8b cf48 | 8bfe be00 
  0x000001fe03650bd8: 0000 0048 | 891c 2489 | 4424 0844 | 895c 2410 | 4c89 6c24 

  0x000001fe03650bec: ;   {static_call}
  0x000001fe03650bec: 1866 90e8 

  0x000001fe03650bf0: ; ImmutableOopMap {}
                      ;*invokestatic defineClass0 {reexecute=0 rethrow=0 return_oop=0}
                      ; - java.lang.System$2::defineClass@17
  0x000001fe03650bf0: ecd7 6907 

  0x000001fe03650bf4: ;   {other}
  0x000001fe03650bf4: 0f1f 8400 | 6402 0000 | 4883 c460 

  0x000001fe03650c00: ;   {poll_return}
  0x000001fe03650c00: 5d49 3ba7 | 5004 0000 | 0f87 2700 

  0x000001fe03650c0c: ;   {metadata({method} {0x000001fe17019588} 'defineClass' '(Ljava/lang/ClassLoader;Ljava/lang/Class;Ljava/lang/String;[BLjava/security/ProtectionDomain;ZILjava/lang/Object;)Ljava/lang/Class;' in 'java/lang/System$2')}
  0x000001fe03650c0c: 0000 c349 | ba80 9501 | 17fe 0100 | 004c 8954 | 2408 48c7 | 0424 ffff 

  0x000001fe03650c24: ;   {runtime_call counter_overflow Runtime1 stub}
  0x000001fe03650c24: ffff e8d5 

  0x000001fe03650c28: ; ImmutableOopMap {rdx=Oop r8=Oop r9=Oop rdi=Oop rsi=Oop rbx=Oop [128]=Oop }
                      ;*synchronization entry
                      ; - java.lang.System$2::defineClass@-1
  0x000001fe03650c28: 8614 07e9 | 74ff ffff 

  0x000001fe03650c30: ;   {runtime_call throw_null_pointer_exception Runtime1 stub}
  0x000001fe03650c30: e86b 360b 

  0x000001fe03650c34: ; ImmutableOopMap {r8=Oop r9=Oop rdi=Oop rsi=Oop rbx=Oop r13=Oop [128]=Oop }
                      ;*arraylength {reexecute=0 rethrow=0 return_oop=0}
                      ; - java.lang.System$2::defineClass@8
                      ;   {internal_word}
  0x000001fe03650c34: 0749 ba01 | 0c65 03fe | 0100 004d | 8997 6804 

  0x000001fe03650c44: ;   {runtime_call SafepointBlob}
  0x000001fe03650c44: 0000 e935 | 5d07 0749 | 8b87 0005 | 0000 49c7 | 8700 0500 | 0000 0000 | 0049 c787 | 0805 0000 
  0x000001fe03650c64: 0000 0000 | 4883 c460 

  0x000001fe03650c6c: ;   {runtime_call unwind_exception Runtime1 stub}
  0x000001fe03650c6c: 5de9 0e45 | 0b07 f4f4 | f4f4 f4f4 
[Stub Code]
  0x000001fe03650c78: ;   {no_reloc}
  0x000001fe03650c78: 48bb 0000 | 0000 0000 

  0x000001fe03650c80: ;   {runtime_call nmethod}
  0x000001fe03650c80: 0000 e9fb 

  0x000001fe03650c84: ;   {runtime_call handle_exception_from_callee Runtime1 stub}
  0x000001fe03650c84: ffff ffe8 | f449 1407 

  0x000001fe03650c8c: ;   {external_word}
  0x000001fe03650c8c: 48b9 4053 | 6be5 fc7f | 0000 4883 

  0x000001fe03650c98: ;   {runtime_call}
  0x000001fe03650c98: e4f0 48b8 | b0c3 2de5 | fc7f 0000 

  0x000001fe03650ca4: ;   {section_word}
  0x000001fe03650ca4: ffd0 f449 | baa7 0c65 | 03fe 0100 

  0x000001fe03650cb0: ;   {runtime_call DeoptimizationBlob}
  0x000001fe03650cb0: 0041 52e9 | 6871 0707 
[/MachCode]


Compiled method (c1) 7068 2614   !   3       java.lang.invoke.MethodHandles$Lookup$ClassDefiner::defineClass (213 bytes)
 total in heap  [0x000001fe0364f710,0x000001fe03650970] = 4704
 relocation     [0x000001fe0364f870,0x000001fe0364f990] = 288
 main code      [0x000001fe0364f9a0,0x000001fe03650408] = 2664
 stub code      [0x000001fe03650408,0x000001fe03650480] = 120
 metadata       [0x000001fe03650480,0x000001fe036504f0] = 112
 scopes data    [0x000001fe036504f0,0x000001fe03650708] = 536
 scopes pcs     [0x000001fe03650708,0x000001fe036508c8] = 448
 dependencies   [0x000001fe036508c8,0x000001fe036508e0] = 24
 handler table  [0x000001fe036508e0,0x000001fe03650928] = 72
 nul chk table  [0x000001fe03650928,0x000001fe03650970] = 72

[Constant Pool (empty)]

[MachCode]
[Entry Point]
  # {method} {0x000001fe171eac10} 'defineClass' '(ZLjava/lang/Object;)Ljava/lang/Class;' in 'java/lang/invoke/MethodHandles$Lookup$ClassDefiner'
  # this:     rdx:rdx   = 'java/lang/invoke/MethodHandles$Lookup$ClassDefiner'
  # parm0:    r8        = boolean
  # parm1:    r9:r9     = 'java/lang/Object'
  #           [sp+0xf0]  (sp of caller)
  0x000001fe0364f9a0: 448b 5208 | 49bb 0000 | 0017 fe01 | 0000 4d03 | d34c 3bd0 

  0x000001fe0364f9b4: ;   {runtime_call ic_miss_stub}
  0x000001fe0364f9b4: 0f85 c6ef | 0607 660f | 1f44 0000 
[Verified Entry Point]
  0x000001fe0364f9c0: 8984 2400 | 80ff ff55 | 4881 ece0 | 0000 0090 | 4181 7f20 | 0100 0000 

  0x000001fe0364f9d8: ;   {runtime_call StubRoutines (final stubs)}
  0x000001fe0364f9d8: 7405 e8c1 | 8805 0748 | 8994 2498 | 0000 0044 | 8984 24b0 | 0000 004c | 898c 24b8 

  0x000001fe0364f9f4: ;   {metadata(method data for {method} {0x000001fe171eac10} 'defineClass' '(ZLjava/lang/Object;)Ljava/lang/Class;' in 'java/lang/invoke/MethodHandles$Lookup$ClassDefiner')}
  0x000001fe0364f9f4: 0000 0048 | bec8 539c | 32fe 0100 | 008b becc | 0000 0083 | c702 89be | cc00 0000 | 81e7 fe07 
  0x000001fe0364fa14: 0000 85ff | 0f84 6b07 | 0000 8b72 | 1048 89b4 | 2490 0000 | 0048 3b06 

  0x000001fe0364fa2c: ;   {metadata(method data for {method} {0x000001fe171eac10} 'defineClass' '(ZLjava/lang/Object;)Ljava/lang/Class;' in 'java/lang/invoke/MethodHandles$Lookup$ClassDefiner')}
  0x000001fe0364fa2c: 488b fe48 | bbc8 539c | 32fe 0100 | 0048 8383 | 1001 0000 | 018b 7e10 | 4889 bc24 | a800 0000 
  0x000001fe0364fa4c: ; implicit exception: dispatches to 0x000001fe036501af
  0x000001fe0364fa4c: 483b 0748 

  0x000001fe0364fa50: ;   {metadata(method data for {method} {0x000001fe171eac10} 'defineClass' '(ZLjava/lang/Object;)Ljava/lang/Class;' in 'java/lang/invoke/MethodHandles$Lookup$ClassDefiner')}
  0x000001fe0364fa50: 8bdf 48b8 | c853 9c32 | fe01 0000 | 4883 8048 | 0100 0001 

  0x000001fe0364fa64: ;   {metadata(method data for {method} {0x000001fe17469178} 'getClassLoader' '()Ljava/lang/ClassLoader;' in 'java/lang/Class')}
  0x000001fe0364fa64: 48bb 182d | 0232 fe01 | 0000 8b83 | cc00 0000 | 83c0 0289 | 83cc 0000 | 0025 feff | 1f00 85c0 
  0x000001fe0364fa84: 0f84 2a07 | 0000 8b5f | 3448 85db 

  0x000001fe0364fa90: ;   {metadata(method data for {method} {0x000001fe17469178} 'getClassLoader' '()Ljava/lang/ClassLoader;' in 'java/lang/Class')}
  0x000001fe0364fa90: 48b8 182d | 0232 fe01 | 0000 48c7 | c110 0100 | 0075 0748 | c7c1 2001 | 0000 4c8b | 1c08 4d8d 
  0x000001fe0364fab0: 5b01 4c89 | 1c08 0f85 | 0f00 0000 

  0x000001fe0364fabc: ;   {oop(nullptr)}
  0x000001fe0364fabc: 48bb 0000 | 0000 0000 | 0000 e9a2 

  0x000001fe0364fac8: ;   {metadata(method data for {method} {0x000001fe17469178} 'getClassLoader' '()Ljava/lang/ClassLoader;' in 'java/lang/Class')}
  0x000001fe0364fac8: 0000 0048 | b818 2d02 | 32fe 0100 | 0048 8380 | 3001 0000 

  0x000001fe0364fadc: ;   {metadata(method data for {method} {0x000001fe1701b1d0} 'getSecurityManager' '()Ljava/lang/SecurityManager;' in 'java/lang/System')}
  0x000001fe0364fadc: 0148 b8d8 | 2e02 32fe | 0100 008b | 88cc 0000 | 0083 c102 | 8988 cc00 | 0000 81e1 | feff 1f00 
  0x000001fe0364fafc: 85c9 0f84 | d106 0000 

  0x000001fe0364fb04: ;   {metadata(method data for {method} {0x000001fe1701b1d0} 'getSecurityManager' '()Ljava/lang/SecurityManager;' in 'java/lang/System')}
  0x000001fe0364fb04: 48b8 d82e | 0232 fe01 | 0000 4883 | 8010 0100 

  0x000001fe0364fb14: ;   {metadata(method data for {method} {0x000001fe1701b2e8} 'allowSecurityManager' '()Z' in 'java/lang/System')}
  0x000001fe0364fb14: 0001 48b8 | 5030 0232 | fe01 0000 | 8b88 cc00 | 0000 83c1 | 0289 88cc | 0000 0081 | e1fe ff1f 
  0x000001fe0364fb34: 0085 c90f | 84b9 0600 

  0x000001fe0364fb3c: ;   {metadata(method data for {method} {0x000001fe1701b2e8} 'allowSecurityManager' '()Z' in 'java/lang/System')}
  0x000001fe0364fb3c: 0048 b850 | 3002 32fe | 0100 00ff | 8010 0100 

  0x000001fe0364fb4c: ;   {metadata(method data for {method} {0x000001fe1701b1d0} 'getSecurityManager' '()Ljava/lang/SecurityManager;' in 'java/lang/System')}
  0x000001fe0364fb4c: 0048 b8d8 | 2e02 32fe | 0100 00ff | 8020 0100 

  0x000001fe0364fb5c: ;   {metadata(method data for {method} {0x000001fe17469178} 'getClassLoader' '()Ljava/lang/ClassLoader;' in 'java/lang/Class')}
  0x000001fe0364fb5c: 0048 b818 | 2d02 32fe | 0100 00ff | 8040 0100 | 0048 85db 

  0x000001fe0364fb70: ;   {metadata(method data for {method} {0x000001fe171eac10} 'defineClass' '(ZLjava/lang/Object;)Ljava/lang/Class;' in 'java/lang/invoke/MethodHandles$Lookup$ClassDefiner')}
  0x000001fe0364fb70: 48b8 c853 | 9c32 fe01 | 0000 48c7 | c180 0100 | 0074 0748 | c7c1 9001 | 0000 4c8b | 1c08 4d8d 
  0x000001fe0364fb90: 5b01 4c89 | 1c08 0f84 | 4b02 0000 

  0x000001fe0364fb9c: ;   {metadata(method data for {method} {0x000001fe171eac10} 'defineClass' '(ZLjava/lang/Object;)Ljava/lang/Class;' in 'java/lang/invoke/MethodHandles$Lookup$ClassDefiner')}
  0x000001fe0364fb9c: 488b c648 | b9c8 539c | 32fe 0100 | 0048 8381 | a001 0000 

  0x000001fe0364fbb0: ;   {metadata(method data for {method} {0x000001fe173e0898} 'lookupClassProtectionDomain' '()Ljava/security/ProtectionDomain;' in 'java/lang/invoke/MethodHandles$Lookup')}
  0x000001fe0364fbb0: 0148 b818 | 5b9c 32fe | 0100 008b | 88cc 0000 | 0083 c102 | 8988 cc00 | 0000 81e1 | feff 1f00 
  0x000001fe0364fbd0: 85c9 0f84 | 3f06 0000 | 8b46 1848 

  0x000001fe0364fbdc: ;   {metadata(method data for {method} {0x000001fe173e0898} 'lookupClassProtectionDomain' '()Ljava/security/ProtectionDomain;' in 'java/lang/invoke/MethodHandles$Lookup')}
  0x000001fe0364fbdc: 85c0 48b9 | 185b 9c32 | fe01 0000 | 49c7 c310 | 0100 0075 | 0749 c7c3 | 2001 0000 | 4e8b 2c19 
  0x000001fe0364fbfc: 4d8d 6d01 | 4e89 2c19 | 4889 9c24 | a000 0000 | 0f85 bf01 

  0x000001fe0364fc10: ;   {metadata(method data for {method} {0x000001fe173e0898} 'lookupClassProtectionDomain' '()Ljava/security/ProtectionDomain;' in 'java/lang/invoke/MethodHandles$Lookup')}
  0x000001fe0364fc10: 0000 48b8 | 185b 9c32 | fe01 0000 | 4883 8030 | 0100 0001 

  0x000001fe0364fc24: ;   {metadata(method data for {method} {0x000001fe17473ea0} 'getJavaLangAccess' '()Ljdk/internal/access/JavaLangAccess;' in 'jdk/internal/access/SharedSecrets')}
  0x000001fe0364fc24: 48b8 00b7 | 1732 fe01 | 0000 8b88 | cc00 0000 | 83c1 0289 | 88cc 0000 | 0081 e1fe | ff1f 0085 
  0x000001fe0364fc44: c90f 84ed 

  0x000001fe0364fc48: ;   {oop(a 'java/lang/Class'{0x00000000809e7578} = 'jdk/internal/access/SharedSecrets')}
  0x000001fe0364fc48: 0500 0048 | b878 759e | 8000 0000 | 008b 407c | 8b4e 1048 | 85c0 0f84 | 2a00 0000 

  0x000001fe0364fc64: ;   {metadata('java/lang/System$2')}
  0x000001fe0364fc64: 48be 6082 | 0117 fe01 | 0000 448b | 7008 49ba | 0000 0017 | fe01 0000 | 4d03 f249 | 3b76 380f 
  0x000001fe0364fc84: 85d0 0500 | 00e9 0000 | 0000 4c8b | d848 3b00 

  0x000001fe0364fc94: ;   {metadata(method data for {method} {0x000001fe173e0898} 'lookupClassProtectionDomain' '()Ljava/security/ProtectionDomain;' in 'java/lang/invoke/MethodHandles$Lookup')}
  0x000001fe0364fc94: 48be 185b | 9c32 fe01 

  0x000001fe0364fc9c: ;   {metadata('java/lang/System$2')}
  0x000001fe0364fc9c: 0000 49ba | 6082 0117 | fe01 0000 | 4c89 9650 | 0100 0048 | 8386 5801 

  0x000001fe0364fcb4: ;   {metadata(method data for {method} {0x000001fe170192c8} 'protectionDomain' '(Ljava/lang/Class;)Ljava/security/ProtectionDomain;' in 'java/lang/System$2')}
  0x000001fe0364fcb4: 0000 0148 | bed0 5c9c | 32fe 0100 | 008b 86cc | 0000 0083 | c002 8986 | cc00 0000 | 25fe ff1f 
  0x000001fe0364fcd4: 0085 c00f | 8486 0500 | 0048 3b01 

  0x000001fe0364fce0: ;   {metadata(method data for {method} {0x000001fe170192c8} 'protectionDomain' '(Ljava/lang/Class;)Ljava/security/ProtectionDomain;' in 'java/lang/System$2')}
  0x000001fe0364fce0: 488b f148 | b8d0 5c9c | 32fe 0100 | 0048 8380 | 1001 0000 

  0x000001fe0364fcf4: ;   {metadata(method data for {method} {0x000001fe17467ed0} 'protectionDomain' '()Ljava/security/ProtectionDomain;' in 'java/lang/Class')}
  0x000001fe0364fcf4: 0148 be60 | 5e9c 32fe | 0100 008b | 86cc 0000 | 0083 c002 | 8986 cc00 | 0000 25fe | ff1f 0085 
  0x000001fe0364fd14: c00f 846e | 0500 0048 

  0x000001fe0364fd1c: ;   {metadata(method data for {method} {0x000001fe17467ed0} 'protectionDomain' '()Ljava/security/ProtectionDomain;' in 'java/lang/Class')}
  0x000001fe0364fd1c: 8bf1 48b8 | 605e 9c32 | fe01 0000 | 4883 8010 | 0100 0001 | 488b d10f 

  0x000001fe0364fd34: ;   {optimized virtual_call}
  0x000001fe0364fd34: 1f40 00e8 

  0x000001fe0364fd38: ; ImmutableOopMap {[144]=Oop [152]=Oop [160]=Oop [168]=Oop [184]=Oop }
                      ;*invokevirtual getProtectionDomain0 {reexecute=0 rethrow=0 return_oop=0}
                      ; - java.lang.Class::protectionDomain@1
                      ; - java.lang.System$2::protectionDomain@1
                      ; - java.lang.invoke.MethodHandles$Lookup::lookupClassProtectionDomain@17
                      ; - java.lang.invoke.MethodHandles$Lookup$ClassDefiner::defineClass@23
  0x000001fe0364fd38: 24e9 7007 

  0x000001fe0364fd3c: ;   {other}
  0x000001fe0364fd3c: 0f1f 8400 | 2c06 0000 

  0x000001fe0364fd44: ;   {metadata(method data for {method} {0x000001fe17467ed0} 'protectionDomain' '()Ljava/security/ProtectionDomain;' in 'java/lang/Class')}
  0x000001fe0364fd44: 4885 c049 | b860 5e9c | 32fe 0100 | 0049 c7c1 | 4801 0000 | 7507 49c7 | c158 0100 | 004b 8b3c 
  0x000001fe0364fd64: 0848 8d7f | 014b 893c | 080f 8521 | 0000 000f | 1f44 0000 

  0x000001fe0364fd78: ;   {no_reloc}
  0x000001fe0364fd78: e9a5 0500 | 0000 0000 | 0000 660f | 1f44 0000 

  0x000001fe0364fd88: ; implicit exception: dispatches to 0x000001fe0365032c
  0x000001fe0364fd88: e9b0 0500 | 0090 90e9 | 0300 0000 | 4c8b c048 | 8bb4 2490 | 0000 0045 | 0fbe 4f40 | 4585 c90f 
  0x000001fe0364fda8: 859a 0500 | 004d 8bd0 | 4489 5618 | f083 4424 | c000 4c8b | ce4d 33c8 | 49c1 e914 | 4983 f900 
  0x000001fe0364fdc8: 0f85 9505 | 0000 498b 

  0x000001fe0364fdd0: ;   {metadata(method data for {method} {0x000001fe171eac10} 'defineClass' '(ZLjava/lang/Object;)Ljava/lang/Class;' in 'java/lang/invoke/MethodHandles$Lookup$ClassDefiner')}
  0x000001fe0364fdd0: c049 b8c8 | 539c 32fe | 0100 0041 | ff80 d801 | 0000 e912 | 0000 0048 | 899c 24a0 

  0x000001fe0364fdec: ;   {oop(nullptr)}
  0x000001fe0364fdec: 0000 0048 | b800 0000 | 0000 0000 | 0048 8b9c | 24a0 0000 | 0048 8bbc | 24a8 0000 | 0048 8b94 
  0x000001fe0364fe0c: 2498 0000 

  0x000001fe0364fe10: ;   {metadata(method data for {method} {0x000001fe171eac10} 'defineClass' '(ZLjava/lang/Object;)Ljava/lang/Class;' in 'java/lang/invoke/MethodHandles$Lookup$ClassDefiner')}
  0x000001fe0364fe10: 0049 b8c8 | 539c 32fe | 0100 0049 | 8380 f001 

  0x000001fe0364fe20: ;   {metadata(method data for {method} {0x000001fe17473ea0} 'getJavaLangAccess' '()Ljdk/internal/access/JavaLangAccess;' in 'jdk/internal/access/SharedSecrets')}
  0x000001fe0364fe20: 0000 0149 | b800 b717 | 32fe 0100 | 0045 8b88 | cc00 0000 | 4183 c102 | 4589 88cc | 0000 0041 
  0x000001fe0364fe40: 81e1 feff | 1f00 4585 | c90f 842c 

  0x000001fe0364fe4c: ;   {oop(a 'java/lang/Class'{0x00000000809e7578} = 'jdk/internal/access/SharedSecrets')}
  0x000001fe0364fe4c: 0500 0049 | b878 759e | 8000 0000 | 0045 8b70 | 7c8b 7214 | 8b4a 1844 | 8b4a 0c4d | 85f6 0f84 
  0x000001fe0364fe6c: 2a00 0000 

  0x000001fe0364fe70: ;   {metadata('java/lang/System$2')}
  0x000001fe0364fe70: 49bb 6082 | 0117 fe01 | 0000 458b | 6e08 49ba | 0000 0017 | fe01 0000 | 4d03 ea4d | 3b5d 380f 
  0x000001fe0364fe90: 8507 0500 | 00e9 0000 | 0000 4d8b | c649 3b06 

  0x000001fe0364fea0: ;   {metadata(method data for {method} {0x000001fe171eac10} 'defineClass' '(ZLjava/lang/Object;)Ljava/lang/Class;' in 'java/lang/invoke/MethodHandles$Lookup$ClassDefiner')}
  0x000001fe0364fea0: 4d8b c648 | bac8 539c | 32fe 0100 

  0x000001fe0364feac: ;   {metadata('java/lang/System$2')}
  0x000001fe0364feac: 0049 ba60 | 8201 17fe | 0100 004c | 8992 1002 | 0000 4883 | 8218 0200 | 0001 4c8b | c349 8bd1 
  0x000001fe0364fecc: 4c8b cf48 | 8bfe 488b | f148 8bc8 | 8b84 24b0 | 0000 0089 | 0424 8954 | 2408 488b | 9424 b800 
  0x000001fe0364feec: 0000 4889 | 5424 1049 

  0x000001fe0364fef4: ;   {optimized virtual_call}
  0x000001fe0364fef4: 8bd6 90e8 

  0x000001fe0364fef8: ; ImmutableOopMap {[152]=Oop [168]=Oop }
                      ;*invokeinterface defineClass {reexecute=0 rethrow=0 return_oop=0}
                      ; - java.lang.invoke.MethodHandles$Lookup$ClassDefiner::defineClass@57
  0x000001fe0364fef8: 640c 0000 

  0x000001fe0364fefc: ;   {other}
  0x000001fe0364fefc: 0f1f 8400 | ec07 0001 

  0x000001fe0364ff04: ;   {metadata(method data for {method} {0x000001fe171eac10} 'defineClass' '(ZLjava/lang/Object;)Ljava/lang/Class;' in 'java/lang/invoke/MethodHandles$Lookup$ClassDefiner')}
  0x000001fe0364ff04: 49b8 c853 | 9c32 fe01 | 0000 41ff | 8038 0200 | 0048 8b94 | 2498 0000 | 008b 721c 

  0x000001fe0364ff20: ; implicit exception: dispatches to 0x000001fe036503a6
  0x000001fe0364ff20: 483b 064c 

  0x000001fe0364ff24: ;   {metadata(method data for {method} {0x000001fe171eac10} 'defineClass' '(ZLjava/lang/Object;)Ljava/lang/Class;' in 'java/lang/invoke/MethodHandles$Lookup$ClassDefiner')}
  0x000001fe0364ff24: 8bc6 49b9 | c853 9c32 | fe01 0000 | 4983 8150 | 0300 0001 | 440f be46 | 0c41 83e0 | 0145 85c0 
  0x000001fe0364ff44: ;   {metadata(method data for {method} {0x000001fe171eac10} 'defineClass' '(ZLjava/lang/Object;)Ljava/lang/Class;' in 'java/lang/invoke/MethodHandles$Lookup$ClassDefiner')}
  0x000001fe0364ff44: 49b8 c853 | 9c32 fe01 | 0000 49c7 | c188 0300 | 0074 0749 | c7c1 9803 | 0000 4b8b | 3c08 488d 
  0x000001fe0364ff64: 7f01 4b89 | 3c08 0f84 | c401 0000 

  0x000001fe0364ff70: ;   {metadata(method data for {method} {0x000001fe171eac10} 'defineClass' '(ZLjava/lang/Object;)Ljava/lang/Class;' in 'java/lang/invoke/MethodHandles$Lookup$ClassDefiner')}
  0x000001fe0364ff70: 4c8b c249 | b9c8 539c | 32fe 0100 

  0x000001fe0364ff7c: ;   {metadata('java/lang/invoke/MethodHandles$Lookup$ClassDefiner')}
  0x000001fe0364ff7c: 0049 bad0 | a91e 17fe | 0100 004d | 8991 b803 | 0000 4983 | 81c0 0300 | 0001 8b7a | 1448 85c0 
  0x000001fe0364ff9c: ;   {metadata(method data for {method} {0x000001fe171eac10} 'defineClass' '(ZLjava/lang/Object;)Ljava/lang/Class;' in 'java/lang/invoke/MethodHandles$Lookup$ClassDefiner')}
  0x000001fe0364ff9c: 49b8 c853 | 9c32 fe01 | 0000 49c7 | c1e0 0300 | 0074 0749 | c7c1 f003 | 0000 4b8b | 1c08 488d 
  0x000001fe0364ffbc: 5b01 4b89 | 1c08 0f84 | 2b01 0000 | e9bd 0000 | 0048 8b94 | 2498 0000 | 0049 8b87 | 0005 0000 
  0x000001fe0364ffdc: 4d33 d24d | 8997 0005 | 0000 4d33 | d24d 8997 | 0805 0000 | 8b72 1c48 | 3b06 4c8b 

  0x000001fe0364fff8: ;   {metadata(method data for {method} {0x000001fe171eac10} 'defineClass' '(ZLjava/lang/Object;)Ljava/lang/Class;' in 'java/lang/invoke/MethodHandles$Lookup$ClassDefiner')}
  0x000001fe0364fff8: c649 b9c8 | 539c 32fe | 0100 0049 | 8381 8804 | 0000 0144 | 0fbe 460c | 4183 e001 

  0x000001fe03650014: ;   {metadata(method data for {method} {0x000001fe171eac10} 'defineClass' '(ZLjava/lang/Object;)Ljava/lang/Class;' in 'java/lang/invoke/MethodHandles$Lookup$ClassDefiner')}
  0x000001fe03650014: 4585 c049 | b8c8 539c | 32fe 0100 | 0049 c7c1 | c004 0000 | 7407 49c7 | c1d0 0400 | 004b 8b3c 
  0x000001fe03650034: 0848 8d7f | 014b 893c | 080f 8441 | 0100 004c 

  0x000001fe03650044: ;   {metadata(method data for {method} {0x000001fe171eac10} 'defineClass' '(ZLjava/lang/Object;)Ljava/lang/Class;' in 'java/lang/invoke/MethodHandles$Lookup$ClassDefiner')}
  0x000001fe03650044: 8bc2 49b9 | c853 9c32 | fe01 0000 

  0x000001fe03650050: ;   {metadata('java/lang/invoke/MethodHandles$Lookup$ClassDefiner')}
  0x000001fe03650050: 49ba d0a9 | 1e17 fe01 | 0000 4d89 | 91f0 0400 | 0049 8381 | f804 0000 | 018b 7a14 

  0x000001fe0365006c: ;   {metadata(method data for {method} {0x000001fe171eac10} 'defineClass' '(ZLjava/lang/Object;)Ljava/lang/Class;' in 'java/lang/invoke/MethodHandles$Lookup$ClassDefiner')}
  0x000001fe0365006c: 49b8 c853 | 9c32 fe01 | 0000 41ff | 8018 0500 | 0048 8984 | 24c8 0000 | 00e9 c000 | 0000 8b52 
  0x000001fe0365008c: 184c 8bc6 

  0x000001fe03650090: ;   {metadata(method data for {method} {0x000001fe171eac10} 'defineClass' '(ZLjava/lang/Object;)Ljava/lang/Class;' in 'java/lang/invoke/MethodHandles$Lookup$ClassDefiner')}
  0x000001fe03650090: 49b9 c853 | 9c32 fe01 | 0000 4983 | 8100 0400 | 0001 4c8b | c74c 8bc8 | 488b fa48 | 8bd6 4889 
  0x000001fe036500b0: 8424 c000 

  0x000001fe036500b4: ;   {optimized virtual_call}
  0x000001fe036500b4: 0000 90e8 

  0x000001fe036500b8: ; ImmutableOopMap {[192]=Oop }
                      ;*invokevirtual dumpClass {reexecute=0 rethrow=0 return_oop=0}
                      ; - java.lang.invoke.MethodHandles$Lookup$ClassDefiner::defineClass@134
  0x000001fe036500b8: c4ed 0607 

  0x000001fe036500bc: ;   {other}
  0x000001fe036500bc: 0f1f 8400 | ac09 0002 

  0x000001fe036500c4: ;   {metadata(method data for {method} {0x000001fe171eac10} 'defineClass' '(ZLjava/lang/Object;)Ljava/lang/Class;' in 'java/lang/invoke/MethodHandles$Lookup$ClassDefiner')}
  0x000001fe036500c4: 49b8 c853 | 9c32 fe01 | 0000 41ff | 8038 0400 | 0048 8b84 | 24c0 0000 | 0048 81c4 | e000 0000 
  0x000001fe036500e4: ;   {poll_return}
  0x000001fe036500e4: 5d49 3ba7 | 5004 0000 | 0f87 be02 | 0000 c348 | 8984 24c0 | 0000 0044 | 8b4a 184c 

  0x000001fe03650100: ;   {metadata(method data for {method} {0x000001fe171eac10} 'defineClass' '(ZLjava/lang/Object;)Ljava/lang/Class;' in 'java/lang/invoke/MethodHandles$Lookup$ClassDefiner')}
  0x000001fe03650100: 8bc6 48ba | c853 9c32 | fe01 0000 | 4883 8250 | 0400 0001 | 4c8b c748 | 8bd6 0f1f 

  0x000001fe0365011c: ;   {optimized virtual_call}
  0x000001fe0365011c: 4400 00e8 

  0x000001fe03650120: ; ImmutableOopMap {[192]=Oop }
                      ;*invokevirtual dumpFailedClass {reexecute=0 rethrow=0 return_oop=0}
                      ; - java.lang.invoke.MethodHandles$Lookup$ClassDefiner::defineClass@150
  0x000001fe03650120: 5ced 0607 

  0x000001fe03650124: ;   {other}
  0x000001fe03650124: 0f1f 8400 | 140a 0003 | 488b 8424 | c000 0000 | 4881 c4e0 | 0000 005d 

  0x000001fe0365013c: ;   {poll_return}
  0x000001fe0365013c: 493b a750 | 0400 000f | 877d 0200 | 00c3 448b | 4a18 4c8b 

  0x000001fe03650150: ;   {metadata(method data for {method} {0x000001fe171eac10} 'defineClass' '(ZLjava/lang/Object;)Ljava/lang/Class;' in 'java/lang/invoke/MethodHandles$Lookup$ClassDefiner')}
  0x000001fe03650150: c648 bac8 | 539c 32fe | 0100 0048 | 8382 8805 | 0000 014c | 8bc7 488b | d666 0f1f 

  0x000001fe0365016c: ;   {optimized virtual_call}
  0x000001fe0365016c: 4400 00e8 

  0x000001fe03650170: ; ImmutableOopMap {[200]=Oop }
                      ;*invokevirtual dumpFailedClass {reexecute=0 rethrow=0 return_oop=0}
                      ; - java.lang.invoke.MethodHandles$Lookup$ClassDefiner::defineClass@207
  0x000001fe03650170: 0ced 0607 

  0x000001fe03650174: ;   {other}
  0x000001fe03650174: 0f1f 8400 | 640a 0004 | 488b 8424 | c800 0000 | e970 0200 

  0x000001fe03650188: ;   {metadata({method} {0x000001fe171eac10} 'defineClass' '(ZLjava/lang/Object;)Ljava/lang/Class;' in 'java/lang/invoke/MethodHandles$Lookup$ClassDefiner')}
  0x000001fe03650188: 0049 ba08 | ac1e 17fe | 0100 004c | 8954 2408 | 48c7 0424 | ffff ffff 

  0x000001fe036501a0: ;   {runtime_call counter_overflow Runtime1 stub}
  0x000001fe036501a0: e85b 9114 

  0x000001fe036501a4: ; ImmutableOopMap {rdx=Oop r9=Oop [152]=Oop [184]=Oop }
                      ;*synchronization entry
                      ; - java.lang.invoke.MethodHandles$Lookup$ClassDefiner::defineClass@-1
  0x000001fe036501a4: 07e9 74f8 

  0x000001fe036501a8: ;   {runtime_call throw_null_pointer_exception Runtime1 stub}
  0x000001fe036501a8: ffff e8f1 

  0x000001fe036501ac: ; ImmutableOopMap {rdx=Oop r9=Oop rsi=Oop [144]=Oop [152]=Oop [184]=Oop }
                      ;*invokevirtual lookupClass {reexecute=0 rethrow=0 return_oop=0}
                      ; - java.lang.invoke.MethodHandles$Lookup$ClassDefiner::defineClass@4
                      ;   {runtime_call throw_null_pointer_exception Runtime1 stub}
  0x000001fe036501ac: 400b 07e8 

  0x000001fe036501b0: ; ImmutableOopMap {rdx=Oop r9=Oop rsi=Oop rdi=Oop [144]=Oop [152]=Oop [168]=Oop [184]=Oop }
                      ;*invokevirtual getClassLoader {reexecute=0 rethrow=0 return_oop=0}
                      ; - java.lang.invoke.MethodHandles$Lookup$ClassDefiner::defineClass@9
  0x000001fe036501b0: ec40 0b07 

  0x000001fe036501b4: ;   {metadata({method} {0x000001fe17469178} 'getClassLoader' '()Ljava/lang/ClassLoader;' in 'java/lang/Class')}
  0x000001fe036501b4: 49ba 7091 | 4617 fe01 | 0000 4c89 | 5424 0848 | c704 24ff 

  0x000001fe036501c8: ;   {runtime_call counter_overflow Runtime1 stub}
  0x000001fe036501c8: ffff ffe8 

  0x000001fe036501cc: ; ImmutableOopMap {rdx=Oop r9=Oop rsi=Oop rdi=Oop [144]=Oop [152]=Oop [168]=Oop [184]=Oop }
                      ;*synchronization entry
                      ; - java.lang.Class::getClassLoader@-1
                      ; - java.lang.invoke.MethodHandles$Lookup$ClassDefiner::defineClass@9
  0x000001fe036501cc: 3091 1407 | e9b5 f8ff 

  0x000001fe036501d4: ;   {metadata({method} {0x000001fe1701b1d0} 'getSecurityManager' '()Ljava/lang/SecurityManager;' in 'java/lang/System')}
  0x000001fe036501d4: ff49 bac8 | b101 17fe | 0100 004c | 8954 2408 | 48c7 0424 | ffff ffff 

  0x000001fe036501ec: ;   {runtime_call counter_overflow Runtime1 stub}
  0x000001fe036501ec: e80f 9114 

  0x000001fe036501f0: ; ImmutableOopMap {rdx=Oop r9=Oop rsi=Oop rdi=Oop rbx=Oop [144]=Oop [152]=Oop [168]=Oop [184]=Oop }
                      ;*synchronization entry
                      ; - java.lang.System::getSecurityManager@-1
                      ; - java.lang.Class::getClassLoader@11
                      ; - java.lang.invoke.MethodHandles$Lookup$ClassDefiner::defineClass@9
  0x000001fe036501f0: 07e9 0ef9 

  0x000001fe036501f4: ;   {metadata({method} {0x000001fe1701b2e8} 'allowSecurityManager' '()Z' in 'java/lang/System')}
  0x000001fe036501f4: ffff 49ba | e0b2 0117 | fe01 0000 | 4c89 5424 | 0848 c704 | 24ff ffff 

  0x000001fe0365020c: ;   {runtime_call counter_overflow Runtime1 stub}
  0x000001fe0365020c: ffe8 ee90 

  0x000001fe03650210: ; ImmutableOopMap {rdx=Oop r9=Oop rsi=Oop rdi=Oop rbx=Oop [144]=Oop [152]=Oop [168]=Oop [184]=Oop }
                      ;*synchronization entry
                      ; - java.lang.System::allowSecurityManager@-1
                      ; - java.lang.System::getSecurityManager@0
                      ; - java.lang.Class::getClassLoader@11
                      ; - java.lang.invoke.MethodHandles$Lookup$ClassDefiner::defineClass@9
  0x000001fe03650210: 1407 e926 

  0x000001fe03650214: ;   {metadata({method} {0x000001fe173e0898} 'lookupClassProtectionDomain' '()Ljava/security/ProtectionDomain;' in 'java/lang/invoke/MethodHandles$Lookup')}
  0x000001fe03650214: f9ff ff49 | ba90 083e | 17fe 0100 | 004c 8954 | 2408 48c7 | 0424 ffff 

  0x000001fe0365022c: ;   {runtime_call counter_overflow Runtime1 stub}
  0x000001fe0365022c: ffff e8cd 

  0x000001fe03650230: ; ImmutableOopMap {rdx=Oop r9=Oop rsi=Oop rdi=Oop rbx=Oop [144]=Oop [152]=Oop [168]=Oop [184]=Oop }
                      ;*synchronization entry
                      ; - java.lang.invoke.MethodHandles$Lookup::lookupClassProtectionDomain@-1
                      ; - java.lang.invoke.MethodHandles$Lookup$ClassDefiner::defineClass@23
  0x000001fe03650230: 9014 07e9 | a0f9 ffff 

  0x000001fe03650238: ;   {metadata({method} {0x000001fe17473ea0} 'getJavaLangAccess' '()Ljdk/internal/access/JavaLangAccess;' in 'jdk/internal/access/SharedSecrets')}
  0x000001fe03650238: 49ba 983e | 4717 fe01 | 0000 4c89 | 5424 0848 | c704 24ff 

  0x000001fe0365024c: ;   {runtime_call counter_overflow Runtime1 stub}
  0x000001fe0365024c: ffff ffe8 

  0x000001fe03650250: ; ImmutableOopMap {rsi=Oop [144]=Oop [152]=Oop [160]=Oop [168]=Oop [184]=Oop }
                      ;*synchronization entry
                      ; - jdk.internal.access.SharedSecrets::getJavaLangAccess@-1
                      ; - java.lang.invoke.MethodHandles$Lookup::lookupClassProtectionDomain@10
                      ; - java.lang.invoke.MethodHandles$Lookup$ClassDefiner::defineClass@23
  0x000001fe03650250: ac90 1407 | e9f2 f9ff 

  0x000001fe03650258: ;   {runtime_call throw_incompatible_class_change_error Runtime1 stub}
  0x000001fe03650258: ffe8 425d 

  0x000001fe0365025c: ; ImmutableOopMap {rax=Oop rcx=Oop [144]=Oop [152]=Oop [160]=Oop [168]=Oop [184]=Oop }
                      ;*invokeinterface protectionDomain {reexecute=0 rethrow=0 return_oop=0}
                      ; - java.lang.invoke.MethodHandles$Lookup::lookupClassProtectionDomain@17
                      ; - java.lang.invoke.MethodHandles$Lookup$ClassDefiner::defineClass@23
                      ;   {runtime_call throw_null_pointer_exception Runtime1 stub}
  0x000001fe0365025c: 1407 e83d 

  0x000001fe03650260: ; ImmutableOopMap {rax=Oop rcx=Oop [144]=Oop [152]=Oop [160]=Oop [168]=Oop [184]=Oop }
                      ;*invokeinterface protectionDomain {reexecute=0 rethrow=0 return_oop=0}
                      ; - java.lang.invoke.MethodHandles$Lookup::lookupClassProtectionDomain@17
                      ; - java.lang.invoke.MethodHandles$Lookup$ClassDefiner::defineClass@23
                      ;   {metadata({method} {0x000001fe170192c8} 'protectionDomain' '(Ljava/lang/Class;)Ljava/security/ProtectionDomain;' in 'java/lang/System$2')}
  0x000001fe03650260: 400b 0749 | bac0 9201 | 17fe 0100 | 004c 8954 | 2408 48c7 | 0424 ffff 

  0x000001fe03650278: ;   {runtime_call counter_overflow Runtime1 stub}
  0x000001fe03650278: ffff e881 

  0x000001fe0365027c: ; ImmutableOopMap {rcx=Oop [144]=Oop [152]=Oop [160]=Oop [168]=Oop [184]=Oop }
                      ;*synchronization entry
                      ; - java.lang.System$2::protectionDomain@-1
                      ; - java.lang.invoke.MethodHandles$Lookup::lookupClassProtectionDomain@17
                      ; - java.lang.invoke.MethodHandles$Lookup$ClassDefiner::defineClass@23
  0x000001fe0365027c: 9014 07e9 | 59fa ffff 

  0x000001fe03650284: ;   {runtime_call throw_null_pointer_exception Runtime1 stub}
  0x000001fe03650284: e817 400b 

  0x000001fe03650288: ; ImmutableOopMap {rcx=Oop [144]=Oop [152]=Oop [160]=Oop [168]=Oop [184]=Oop }
                      ;*invokevirtual protectionDomain {reexecute=0 rethrow=0 return_oop=0}
                      ; - java.lang.System$2::protectionDomain@1
                      ; - java.lang.invoke.MethodHandles$Lookup::lookupClassProtectionDomain@17
                      ; - java.lang.invoke.MethodHandles$Lookup$ClassDefiner::defineClass@23
                      ;   {metadata({method} {0x000001fe17467ed0} 'protectionDomain' '()Ljava/security/ProtectionDomain;' in 'java/lang/Class')}
  0x000001fe03650288: 0749 bac8 | 7e46 17fe | 0100 004c | 8954 2408 | 48c7 0424 | ffff ffff 

  0x000001fe036502a0: ;   {runtime_call counter_overflow Runtime1 stub}
  0x000001fe036502a0: e85b 9014 

  0x000001fe036502a4: ; ImmutableOopMap {rcx=Oop [144]=Oop [152]=Oop [160]=Oop [168]=Oop [184]=Oop }
                      ;*synchronization entry
                      ; - java.lang.Class::protectionDomain@-1
                      ; - java.lang.System$2::protectionDomain@1
                      ; - java.lang.invoke.MethodHandles$Lookup::lookupClassProtectionDomain@17
                      ; - java.lang.invoke.MethodHandles$Lookup$ClassDefiner::defineClass@23
  0x000001fe036502a4: 07e9 71fa 

  0x000001fe036502a8: ;   {oop(nullptr)}
  0x000001fe036502a8: ffff 49b8 | 0000 0000 | 0000 0000 | 5053 498b | 5810 5756 | 5251 4150 | 4151 4152 | 4153 4883 
  0x000001fe036502c8: ec20 40f6 | c40f 0f84 | 1900 0000 | 4883 ec08 

  0x000001fe036502d8: ;   {runtime_call}
  0x000001fe036502d8: 48b8 a0a0 | cbe4 fc7f | 0000 ffd0 | 4883 c408 | e90c 0000 

  0x000001fe036502ec: ;   {runtime_call}
  0x000001fe036502ec: 0048 b8a0 | a0cb e4fc | 7f00 00ff | d048 83c4 | 2041 5b41 | 5a41 5941 | 5859 5a5e | 5f48 3b83 
  0x000001fe0365030c: 3801 0000 | 5b58 0f85 | 0a00 0000 | e965 faff | ffb8 0078 

  0x000001fe03650320: ;   {runtime_call load_mirror_patching Runtime1 stub}
  0x000001fe03650320: 6e0a e8d9 

  0x000001fe03650324: ; ImmutableOopMap {[144]=Oop [152]=Oop [160]=Oop [168]=Oop [184]=Oop }
                      ;*getstatic allPermDomain {reexecute=1 rethrow=0 return_oop=0}
                      ; - (reexecute) java.lang.Class::protectionDomain@9
                      ; - java.lang.System$2::protectionDomain@1
                      ; - java.lang.invoke.MethodHandles$Lookup::lookupClassProtectionDomain@17
                      ; - java.lang.invoke.MethodHandles$Lookup$ClassDefiner::defineClass@23
  0x000001fe03650324: 7f14 07e9 | 4cfa ffff 

  0x000001fe0365032c: ;   {runtime_call throw_null_pointer_exception Runtime1 stub}
  0x000001fe0365032c: e86f 3f0b 

  0x000001fe03650330: ; ImmutableOopMap {r8=Oop [144]=Oop [152]=Oop [160]=Oop [168]=Oop [184]=Oop }
                      ;*getstatic allPermDomain {reexecute=1 rethrow=0 return_oop=0}
                      ; - (reexecute) java.lang.Class::protectionDomain@9
                      ; - java.lang.System$2::protectionDomain@1
                      ; - java.lang.invoke.MethodHandles$Lookup::lookupClassProtectionDomain@17
                      ; - java.lang.invoke.MethodHandles$Lookup$ClassDefiner::defineClass@23
  0x000001fe03650330: 0745 8b80 | 0000 0000 | b800 0c05 

  0x000001fe0365033c: ;   {runtime_call access_field_patching Runtime1 stub}
  0x000001fe0365033c: 07e8 be72 

  0x000001fe03650340: ; ImmutableOopMap {r8=Oop [144]=Oop [152]=Oop [160]=Oop [168]=Oop [184]=Oop }
                      ;*getstatic allPermDomain {reexecute=1 rethrow=0 return_oop=0}
                      ; - (reexecute) java.lang.Class::protectionDomain@9
                      ; - java.lang.System$2::protectionDomain@1
                      ; - java.lang.invoke.MethodHandles$Lookup::lookupClassProtectionDomain@17
                      ; - java.lang.invoke.MethodHandles$Lookup$ClassDefiner::defineClass@23
  0x000001fe03650340: 1407 e941 | faff ff44 | 8b4e 1849 | 83f9 000f | 8458 faff | ff4c 890c 

  0x000001fe03650358: ;   {runtime_call g1_pre_barrier_slow}
  0x000001fe03650358: 24e8 a296 | 1407 e94a | faff ff49 | 83f8 000f | 8461 faff | ff48 8934 

  0x000001fe03650370: ;   {runtime_call g1_post_barrier_slow}
  0x000001fe03650370: 24e8 8a99 | 1407 e953 

  0x000001fe03650378: ;   {metadata({method} {0x000001fe17473ea0} 'getJavaLangAccess' '()Ljdk/internal/access/JavaLangAccess;' in 'jdk/internal/access/SharedSecrets')}
  0x000001fe03650378: faff ff49 | ba98 3e47 | 17fe 0100 | 004c 8954 | 2408 48c7 | 0424 ffff 

  0x000001fe03650390: ;   {runtime_call counter_overflow Runtime1 stub}
  0x000001fe03650390: ffff e869 

  0x000001fe03650394: ; ImmutableOopMap {rax=Oop rdi=Oop rbx=Oop rdx=Oop [152]=Oop [168]=Oop [184]=Oop }
                      ;*synchronization entry
                      ; - jdk.internal.access.SharedSecrets::getJavaLangAccess@-1
                      ; - java.lang.invoke.MethodHandles$Lookup$ClassDefiner::defineClass@35
  0x000001fe03650394: 8f14 07e9 | b3fa ffff 

  0x000001fe0365039c: ;   {runtime_call throw_incompatible_class_change_error Runtime1 stub}
  0x000001fe0365039c: e8ff 5b14 

  0x000001fe036503a0: ; ImmutableOopMap {rax=Oop rdi=Oop rbx=Oop r14=Oop rsi=Oop rcx=Oop [152]=Oop [168]=Oop [184]=Oop }
                      ;*invokeinterface defineClass {reexecute=0 rethrow=0 return_oop=0}
                      ; - java.lang.invoke.MethodHandles$Lookup$ClassDefiner::defineClass@57
                      ;   {runtime_call throw_null_pointer_exception Runtime1 stub}
  0x000001fe036503a0: 07e8 fa3e 

  0x000001fe036503a4: ; ImmutableOopMap {rax=Oop rdi=Oop rbx=Oop r14=Oop rsi=Oop rcx=Oop [152]=Oop [168]=Oop [184]=Oop }
                      ;*invokeinterface defineClass {reexecute=0 rethrow=0 return_oop=0}
                      ; - java.lang.invoke.MethodHandles$Lookup$ClassDefiner::defineClass@57
                      ;   {runtime_call throw_null_pointer_exception Runtime1 stub}
  0x000001fe036503a4: 0b07 e8f5 

  0x000001fe036503a8: ; ImmutableOopMap {rax=Oop rdx=Oop rsi=Oop [152]=Oop }
                      ;*invokevirtual isEnabled {reexecute=0 rethrow=0 return_oop=0}
                      ; - java.lang.invoke.MethodHandles$Lookup$ClassDefiner::defineClass@105
                      ;   {runtime_call throw_null_pointer_exception Runtime1 stub}
  0x000001fe036503a8: 3e0b 07e8 

  0x000001fe036503ac: ; ImmutableOopMap {rdx=Oop rax=Oop rsi=Oop [152]=Oop }
                      ;*invokevirtual isEnabled {reexecute=0 rethrow=0 return_oop=0}
                      ; - java.lang.invoke.MethodHandles$Lookup$ClassDefiner::defineClass@162
  0x000001fe036503ac: f03e 0b07 

  0x000001fe036503b0: ;   {internal_word}
  0x000001fe036503b0: 49ba e500 | 6503 fe01 | 0000 4d89 | 9768 0400 

  0x000001fe036503c0: ;   {runtime_call SafepointBlob}
  0x000001fe036503c0: 00e9 ba65 

  0x000001fe036503c4: ;   {internal_word}
  0x000001fe036503c4: 0707 49ba | 3c01 6503 | fe01 0000 | 4d89 9768 

  0x000001fe036503d4: ;   {runtime_call SafepointBlob}
  0x000001fe036503d4: 0400 00e9 | a465 0707 | 498b 8700 | 0500 0049 | c787 0005 | 0000 0000 | 0000 49c7 | 8708 0500 
  0x000001fe036503f4: 0000 0000 | 0048 81c4 | e000 0000 

  0x000001fe03650400: ;   {runtime_call unwind_exception Runtime1 stub}
  0x000001fe03650400: 5de9 7a4d | 0b07 f4f4 
[Stub Code]
  0x000001fe03650408: ;   {no_reloc}
  0x000001fe03650408: 0f1f 4400 

  0x000001fe0365040c: ;   {static_stub}
  0x000001fe0365040c: 0048 bb00 | 0000 0000 

  0x000001fe03650414: ;   {runtime_call nmethod}
  0x000001fe03650414: 0000 00e9 | fbff ffff 

  0x000001fe0365041c: ;   {static_stub}
  0x000001fe0365041c: 48bb 607e | 4617 fe01 

  0x000001fe03650424: ;   {runtime_call I2C/C2I adapters}
  0x000001fe03650424: 0000 e938 

  0x000001fe03650428: ;   {static_stub}
  0x000001fe03650428: 3a07 0748 | bb00 0000 | 0000 0000 

  0x000001fe03650434: ;   {runtime_call nmethod}
  0x000001fe03650434: 00e9 fbff 

  0x000001fe03650438: ;   {static_stub}
  0x000001fe03650438: ffff 48bb | 0000 0000 | 0000 0000 

  0x000001fe03650444: ;   {runtime_call nmethod}
  0x000001fe03650444: e9fb ffff 

  0x000001fe03650448: ;   {runtime_call handle_exception_from_callee Runtime1 stub}
  0x000001fe03650448: ffe8 3252 

  0x000001fe0365044c: ;   {external_word}
  0x000001fe0365044c: 1407 48b9 | 4053 6be5 | fc7f 0000 | 4883 e4f0 

  0x000001fe0365045c: ;   {runtime_call}
  0x000001fe0365045c: 48b8 b0c3 | 2de5 fc7f | 0000 ffd0 

  0x000001fe03650468: ;   {section_word}
  0x000001fe03650468: f449 ba69 | 0465 03fe | 0100 0041 

  0x000001fe03650474: ;   {runtime_call DeoptimizationBlob}
  0x000001fe03650474: 52e9 a679 | 0707 f4f4 | f4f4 f4f4 
[/MachCode]


---------------  P R O C E S S  ---------------

Threads class SMR info:
_java_thread_list=0x000001fe3724d200, length=26, elements={
0x000001fe7e7e6da0, 0x000001fe7fe47a20, 0x000001fe7fe488f0, 0x000001fe7fe499c0,
0x000001fe7fe4d840, 0x000001fe7fe4e2a0, 0x000001fe1625ff80, 0x000001fe16260d10,
0x000001fe16261b10, 0x000001fe16433610, 0x000001fe164ed460, 0x000001fe370f41a0,
0x000001fe370b3690, 0x000001fe373ebc20, 0x000001fe3710dcc0, 0x000001fe37052c30,
0x000001fe37056f40, 0x000001fe37015300, 0x000001fe37013230, 0x000001fe37013f50,
0x000001fe37011e80, 0x000001fe370145e0, 0x000001fe37012ba0, 0x000001fe370138c0,
0x000001fe37014c70, 0x000001fe37c02be0
}

Java Threads: ( => current thread )
  0x000001fe7e7e6da0 JavaThread "main"                              [_thread_blocked, id=31264, stack(0x000000c9f9a00000,0x000000c9f9b00000) (1024K)]
  0x000001fe7fe47a20 JavaThread "Reference Handler"          daemon [_thread_blocked, id=30384, stack(0x000000c9fa200000,0x000000c9fa300000) (1024K)]
  0x000001fe7fe488f0 JavaThread "Finalizer"                  daemon [_thread_blocked, id=20456, stack(0x000000c9fa300000,0x000000c9fa400000) (1024K)]
  0x000001fe7fe499c0 JavaThread "Signal Dispatcher"          daemon [_thread_blocked, id=2824, stack(0x000000c9fa400000,0x000000c9fa500000) (1024K)]
  0x000001fe7fe4d840 JavaThread "Attach Listener"            daemon [_thread_blocked, id=8980, stack(0x000000c9fa500000,0x000000c9fa600000) (1024K)]
  0x000001fe7fe4e2a0 JavaThread "Service Thread"             daemon [_thread_blocked, id=1892, stack(0x000000c9fa600000,0x000000c9fa700000) (1024K)]
  0x000001fe1625ff80 JavaThread "Monitor Deflation Thread"   daemon [_thread_blocked, id=5300, stack(0x000000c9fa700000,0x000000c9fa800000) (1024K)]
  0x000001fe16260d10 JavaThread "C2 CompilerThread0"         daemon [_thread_in_native, id=16060, stack(0x000000c9fa800000,0x000000c9fa900000) (1024K)]
  0x000001fe16261b10 JavaThread "C1 CompilerThread0"         daemon [_thread_blocked, id=15368, stack(0x000000c9fa900000,0x000000c9faa00000) (1024K)]
  0x000001fe16433610 JavaThread "Common-Cleaner"             daemon [_thread_blocked, id=22736, stack(0x000000c9faa00000,0x000000c9fab00000) (1024K)]
  0x000001fe164ed460 JavaThread "Notification Thread"        daemon [_thread_blocked, id=33548, stack(0x000000c9fab00000,0x000000c9fac00000) (1024K)]
  0x000001fe370f41a0 JavaThread "Daemon health stats"               [_thread_blocked, id=17292, stack(0x000000c9fad00000,0x000000c9fae00000) (1024K)]
  0x000001fe370b3690 JavaThread "Incoming local TCP Connector on port 62233"        [_thread_in_native, id=28640, stack(0x000000c9fb500000,0x000000c9fb600000) (1024K)]
  0x000001fe373ebc20 JavaThread "Daemon periodic checks"            [_thread_blocked, id=30716, stack(0x000000c9fb600000,0x000000c9fb700000) (1024K)]
  0x000001fe3710dcc0 JavaThread "Daemon"                            [_thread_blocked, id=6044, stack(0x000000c9fb700000,0x000000c9fb800000) (1024K)]
  0x000001fe37052c30 JavaThread "Handler for socket connection from /127.0.0.1:62233 to /127.0.0.1:62235"        [_thread_in_native, id=21604, stack(0x000000c9fb800000,0x000000c9fb900000) (1024K)]
  0x000001fe37056f40 JavaThread "Cancel handler"                    [_thread_blocked, id=20208, stack(0x000000c9fac00000,0x000000c9fad00000) (1024K)]
=>0x000001fe37015300 JavaThread "Daemon worker"                     [_thread_in_vm, id=14100, stack(0x000000c9fb900000,0x000000c9fba00000) (1024K)]
  0x000001fe37013230 JavaThread "Asynchronous log dispatcher for DefaultDaemonConnection: socket connection from /127.0.0.1:62233 to /127.0.0.1:62235"        [_thread_blocked, id=12552, stack(0x000000c9fba00000,0x000000c9fbb00000) (1024K)]
  0x000001fe37013f50 JavaThread "Stdin handler"                     [_thread_blocked, id=26196, stack(0x000000c9fbb00000,0x000000c9fbc00000) (1024K)]
  0x000001fe37011e80 JavaThread "Daemon client event forwarder"        [_thread_blocked, id=10708, stack(0x000000c9fbc00000,0x000000c9fbd00000) (1024K)]
  0x000001fe370145e0 JavaThread "Cache worker for journal cache (C:\Users\notai\.gradle\caches\journal-1)"        [_thread_blocked, id=26660, stack(0x000000c9fbd00000,0x000000c9fbe00000) (1024K)]
  0x000001fe37012ba0 JavaThread "File lock request listener"        [_thread_in_native, id=22288, stack(0x000000c9fbe00000,0x000000c9fbf00000) (1024K)]
  0x000001fe370138c0 JavaThread "Cache worker for file hash cache (C:\Users\notai\.gradle\caches\8.9\fileHashes)"        [_thread_blocked, id=25500, stack(0x000000c9fbf00000,0x000000c9fc000000) (1024K)]
  0x000001fe37014c70 JavaThread "File lock release action executor"        [_thread_blocked, id=27600, stack(0x000000c9fc000000,0x000000c9fc100000) (1024K)]
  0x000001fe37c02be0 JavaThread "C2 CompilerThread1"         daemon [_thread_in_native, id=13868, stack(0x000000c9fc100000,0x000000c9fc200000) (1024K)]
Total: 26

Other Threads:
  0x000001fe7fe33ba0 VMThread "VM Thread"                           [id=14512, stack(0x000000c9fa100000,0x000000c9fa200000) (1024K)]
  0x000001fe7fe1bae0 WatcherThread "VM Periodic Task Thread"        [id=33468, stack(0x000000c9fa000000,0x000000c9fa100000) (1024K)]
  0x000001fe7e83ed10 WorkerThread "GC Thread#0"                     [id=8688, stack(0x000000c9f9b00000,0x000000c9f9c00000) (1024K)]
  0x000001fe16bcb750 WorkerThread "GC Thread#1"                     [id=6868, stack(0x000000c9fae00000,0x000000c9faf00000) (1024K)]
  0x000001fe1668ec80 WorkerThread "GC Thread#2"                     [id=31552, stack(0x000000c9faf00000,0x000000c9fb000000) (1024K)]
  0x000001fe3658f8d0 WorkerThread "GC Thread#3"                     [id=10904, stack(0x000000c9fb000000,0x000000c9fb100000) (1024K)]
  0x000001fe166708a0 WorkerThread "GC Thread#4"                     [id=15424, stack(0x000000c9fb100000,0x000000c9fb200000) (1024K)]
  0x000001fe16670c50 WorkerThread "GC Thread#5"                     [id=3240, stack(0x000000c9fb200000,0x000000c9fb300000) (1024K)]
  0x000001fe16671000 WorkerThread "GC Thread#6"                     [id=26620, stack(0x000000c9fb300000,0x000000c9fb400000) (1024K)]
  0x000001fe166713b0 WorkerThread "GC Thread#7"                     [id=19172, stack(0x000000c9fb400000,0x000000c9fb500000) (1024K)]
  0x000001fe7e84fc10 ConcurrentGCThread "G1 Main Marker"            [id=31008, stack(0x000000c9f9c00000,0x000000c9f9d00000) (1024K)]
  0x000001fe7e850630 WorkerThread "G1 Conc#0"                       [id=2468, stack(0x000000c9f9d00000,0x000000c9f9e00000) (1024K)]
  0x000001fe7fe09460 ConcurrentGCThread "G1 Refine#0"               [id=10668, stack(0x000000c9f9e00000,0x000000c9f9f00000) (1024K)]
  0x000001fe7fe09ef0 ConcurrentGCThread "G1 Service"                [id=25848, stack(0x000000c9f9f00000,0x000000c9fa000000) (1024K)]
Total: 14

Threads with active compile tasks:
C2 CompilerThread0  7148 2662   !   4       java.lang.ClassLoader::loadClass (121 bytes)
C2 CompilerThread1  7148 2745       4       java.lang.invoke.MethodType::makeImpl (109 bytes)
Total: 2

VM state: not at safepoint (normal execution)

VM Mutex/Monitor currently owned by a thread: None

Heap address: 0x0000000080000000, size: 2048 MB, Compressed Oops mode: 32-bit

CDS archive(s) mapped at: [0x000001fe17000000-0x000001fe17ba0000-0x000001fe17ba0000), size 12189696, SharedBaseAddress: 0x000001fe17000000, ArchiveRelocationMode: 1.
Compressed class space mapped at: 0x000001fe18000000-0x000001fe32000000, reserved size: 436207616
Narrow klass base: 0x000001fe17000000, Narrow klass shift: 0, Narrow klass range: 0x100000000

GC Precious Log:
 CardTable entry size: 512
 Card Set container configuration: InlinePtr #cards 5 size 8 Array Of Cards #cards 12 size 40 Howl #buckets 4 coarsen threshold 1843 Howl Bitmap #cards 512 size 80 coarsen threshold 460 Card regions per heap region 1 cards per card region 2048
 CPUs: 8 total, 8 available
 Memory: 32455M
 Large Page Support: Disabled
 NUMA Support: Disabled
 Compressed Oops: Enabled (32-bit)
 Heap Region Size: 1M
 Heap Min Capacity: 8M
 Heap Initial Capacity: 508M
 Heap Max Capacity: 2G
 Pre-touch: Disabled
 Parallel Workers: 8
 Concurrent Workers: 2
 Concurrent Refinement Workers: 8
 Periodic GC: Disabled

Heap:
 garbage-first heap   total 520192K, used 116890K [0x0000000080000000, 0x0000000100000000)
  region size 1024K, 104 young (106496K), 2 survivors (2048K)
 Metaspace       used 17673K, committed 18240K, reserved 491520K
  class space    used 2550K, committed 2816K, reserved 425984K

Heap Regions: E=young(eden), S=young(survivor), O=old, HS=humongous(starts), HC=humongous(continues), CS=collection set, F=free, TAMS=top-at-mark-start, PB=parsable bottom
|   0|0x0000000080000000, 0x0000000080100000, 0x0000000080100000|100%|HS|  |TAMS 0x0000000080000000| PB 0x0000000080000000| Complete 
|   1|0x0000000080100000, 0x0000000080200000, 0x0000000080200000|100%|HC|  |TAMS 0x0000000080100000| PB 0x0000000080100000| Complete 
|   2|0x0000000080200000, 0x0000000080300000, 0x0000000080300000|100%|HC|  |TAMS 0x0000000080200000| PB 0x0000000080200000| Complete 
|   3|0x0000000080300000, 0x0000000080400000, 0x0000000080400000|100%|HC|  |TAMS 0x0000000080300000| PB 0x0000000080300000| Complete 
|   4|0x0000000080400000, 0x0000000080500000, 0x0000000080500000|100%| O|  |TAMS 0x0000000080400000| PB 0x0000000080400000| Untracked 
|   5|0x0000000080500000, 0x0000000080600000, 0x0000000080600000|100%| O|  |TAMS 0x0000000080500000| PB 0x0000000080500000| Untracked 
|   6|0x0000000080600000, 0x0000000080700000, 0x0000000080700000|100%| O|  |TAMS 0x0000000080600000| PB 0x0000000080600000| Untracked 
|   7|0x0000000080700000, 0x0000000080800000, 0x0000000080800000|100%| O|  |TAMS 0x0000000080700000| PB 0x0000000080700000| Untracked 
|   8|0x0000000080800000, 0x0000000080900000, 0x0000000080900000|100%| O|  |TAMS 0x0000000080800000| PB 0x0000000080800000| Untracked 
|   9|0x0000000080900000, 0x0000000080a00000, 0x0000000080a00000|100%| O|  |TAMS 0x0000000080900000| PB 0x0000000080900000| Untracked 
|  10|0x0000000080a00000, 0x0000000080aa58e0, 0x0000000080b00000| 64%| O|  |TAMS 0x0000000080a00000| PB 0x0000000080a00000| Untracked 
|  11|0x0000000080b00000, 0x0000000080c00000, 0x0000000080c00000|100%|HS|  |TAMS 0x0000000080b00000| PB 0x0000000080b00000| Complete 
|  12|0x0000000080c00000, 0x0000000080d00000, 0x0000000080d00000|100%|HS|  |TAMS 0x0000000080c00000| PB 0x0000000080c00000| Complete 
|  13|0x0000000080d00000, 0x0000000080d00000, 0x0000000080e00000|  0%| F|  |TAMS 0x0000000080d00000| PB 0x0000000080d00000| Untracked 
|  14|0x0000000080e00000, 0x0000000080e00000, 0x0000000080f00000|  0%| F|  |TAMS 0x0000000080e00000| PB 0x0000000080e00000| Untracked 
|  15|0x0000000080f00000, 0x0000000080f00000, 0x0000000081000000|  0%| F|  |TAMS 0x0000000080f00000| PB 0x0000000080f00000| Untracked 
|  16|0x0000000081000000, 0x0000000081000000, 0x0000000081100000|  0%| F|  |TAMS 0x0000000081000000| PB 0x0000000081000000| Untracked 
|  17|0x0000000081100000, 0x0000000081100000, 0x0000000081200000|  0%| F|  |TAMS 0x0000000081100000| PB 0x0000000081100000| Untracked 
|  18|0x0000000081200000, 0x0000000081200000, 0x0000000081300000|  0%| F|  |TAMS 0x0000000081200000| PB 0x0000000081200000| Untracked 
|  19|0x0000000081300000, 0x0000000081300000, 0x0000000081400000|  0%| F|  |TAMS 0x0000000081300000| PB 0x0000000081300000| Untracked 
|  20|0x0000000081400000, 0x0000000081400000, 0x0000000081500000|  0%| F|  |TAMS 0x0000000081400000| PB 0x0000000081400000| Untracked 
|  21|0x0000000081500000, 0x0000000081500000, 0x0000000081600000|  0%| F|  |TAMS 0x0000000081500000| PB 0x0000000081500000| Untracked 
|  22|0x0000000081600000, 0x0000000081600000, 0x0000000081700000|  0%| F|  |TAMS 0x0000000081600000| PB 0x0000000081600000| Untracked 
|  23|0x0000000081700000, 0x0000000081700000, 0x0000000081800000|  0%| F|  |TAMS 0x0000000081700000| PB 0x0000000081700000| Untracked 
|  24|0x0000000081800000, 0x0000000081800000, 0x0000000081900000|  0%| F|  |TAMS 0x0000000081800000| PB 0x0000000081800000| Untracked 
|  25|0x0000000081900000, 0x0000000081900000, 0x0000000081a00000|  0%| F|  |TAMS 0x0000000081900000| PB 0x0000000081900000| Untracked 
|  26|0x0000000081a00000, 0x0000000081a00000, 0x0000000081b00000|  0%| F|  |TAMS 0x0000000081a00000| PB 0x0000000081a00000| Untracked 
|  27|0x0000000081b00000, 0x0000000081b00000, 0x0000000081c00000|  0%| F|  |TAMS 0x0000000081b00000| PB 0x0000000081b00000| Untracked 
|  28|0x0000000081c00000, 0x0000000081c00000, 0x0000000081d00000|  0%| F|  |TAMS 0x0000000081c00000| PB 0x0000000081c00000| Untracked 
|  29|0x0000000081d00000, 0x0000000081d00000, 0x0000000081e00000|  0%| F|  |TAMS 0x0000000081d00000| PB 0x0000000081d00000| Untracked 
|  30|0x0000000081e00000, 0x0000000081e00000, 0x0000000081f00000|  0%| F|  |TAMS 0x0000000081e00000| PB 0x0000000081e00000| Untracked 
|  31|0x0000000081f00000, 0x0000000081f00000, 0x0000000082000000|  0%| F|  |TAMS 0x0000000081f00000| PB 0x0000000081f00000| Untracked 
|  32|0x0000000082000000, 0x0000000082000000, 0x0000000082100000|  0%| F|  |TAMS 0x0000000082000000| PB 0x0000000082000000| Untracked 
|  33|0x0000000082100000, 0x0000000082100000, 0x0000000082200000|  0%| F|  |TAMS 0x0000000082100000| PB 0x0000000082100000| Untracked 
|  34|0x0000000082200000, 0x0000000082200000, 0x0000000082300000|  0%| F|  |TAMS 0x0000000082200000| PB 0x0000000082200000| Untracked 
|  35|0x0000000082300000, 0x0000000082300000, 0x0000000082400000|  0%| F|  |TAMS 0x0000000082300000| PB 0x0000000082300000| Untracked 
|  36|0x0000000082400000, 0x0000000082400000, 0x0000000082500000|  0%| F|  |TAMS 0x0000000082400000| PB 0x0000000082400000| Untracked 
|  37|0x0000000082500000, 0x0000000082500000, 0x0000000082600000|  0%| F|  |TAMS 0x0000000082500000| PB 0x0000000082500000| Untracked 
|  38|0x0000000082600000, 0x0000000082600000, 0x0000000082700000|  0%| F|  |TAMS 0x0000000082600000| PB 0x0000000082600000| Untracked 
|  39|0x0000000082700000, 0x0000000082700000, 0x0000000082800000|  0%| F|  |TAMS 0x0000000082700000| PB 0x0000000082700000| Untracked 
|  40|0x0000000082800000, 0x0000000082800000, 0x0000000082900000|  0%| F|  |TAMS 0x0000000082800000| PB 0x0000000082800000| Untracked 
|  41|0x0000000082900000, 0x0000000082900000, 0x0000000082a00000|  0%| F|  |TAMS 0x0000000082900000| PB 0x0000000082900000| Untracked 
|  42|0x0000000082a00000, 0x0000000082a00000, 0x0000000082b00000|  0%| F|  |TAMS 0x0000000082a00000| PB 0x0000000082a00000| Untracked 
|  43|0x0000000082b00000, 0x0000000082b00000, 0x0000000082c00000|  0%| F|  |TAMS 0x0000000082b00000| PB 0x0000000082b00000| Untracked 
|  44|0x0000000082c00000, 0x0000000082c00000, 0x0000000082d00000|  0%| F|  |TAMS 0x0000000082c00000| PB 0x0000000082c00000| Untracked 
|  45|0x0000000082d00000, 0x0000000082d00000, 0x0000000082e00000|  0%| F|  |TAMS 0x0000000082d00000| PB 0x0000000082d00000| Untracked 
|  46|0x0000000082e00000, 0x0000000082e00000, 0x0000000082f00000|  0%| F|  |TAMS 0x0000000082e00000| PB 0x0000000082e00000| Untracked 
|  47|0x0000000082f00000, 0x0000000082f00000, 0x0000000083000000|  0%| F|  |TAMS 0x0000000082f00000| PB 0x0000000082f00000| Untracked 
|  48|0x0000000083000000, 0x0000000083000000, 0x0000000083100000|  0%| F|  |TAMS 0x0000000083000000| PB 0x0000000083000000| Untracked 
|  49|0x0000000083100000, 0x0000000083100000, 0x0000000083200000|  0%| F|  |TAMS 0x0000000083100000| PB 0x0000000083100000| Untracked 
|  50|0x0000000083200000, 0x0000000083200000, 0x0000000083300000|  0%| F|  |TAMS 0x0000000083200000| PB 0x0000000083200000| Untracked 
|  51|0x0000000083300000, 0x0000000083300000, 0x0000000083400000|  0%| F|  |TAMS 0x0000000083300000| PB 0x0000000083300000| Untracked 
|  52|0x0000000083400000, 0x0000000083400000, 0x0000000083500000|  0%| F|  |TAMS 0x0000000083400000| PB 0x0000000083400000| Untracked 
|  53|0x0000000083500000, 0x0000000083500000, 0x0000000083600000|  0%| F|  |TAMS 0x0000000083500000| PB 0x0000000083500000| Untracked 
|  54|0x0000000083600000, 0x0000000083600000, 0x0000000083700000|  0%| F|  |TAMS 0x0000000083600000| PB 0x0000000083600000| Untracked 
|  55|0x0000000083700000, 0x0000000083700000, 0x0000000083800000|  0%| F|  |TAMS 0x0000000083700000| PB 0x0000000083700000| Untracked 
|  56|0x0000000083800000, 0x0000000083800000, 0x0000000083900000|  0%| F|  |TAMS 0x0000000083800000| PB 0x0000000083800000| Untracked 
|  57|0x0000000083900000, 0x0000000083900000, 0x0000000083a00000|  0%| F|  |TAMS 0x0000000083900000| PB 0x0000000083900000| Untracked 
|  58|0x0000000083a00000, 0x0000000083a00000, 0x0000000083b00000|  0%| F|  |TAMS 0x0000000083a00000| PB 0x0000000083a00000| Untracked 
|  59|0x0000000083b00000, 0x0000000083b00000, 0x0000000083c00000|  0%| F|  |TAMS 0x0000000083b00000| PB 0x0000000083b00000| Untracked 
|  60|0x0000000083c00000, 0x0000000083c00000, 0x0000000083d00000|  0%| F|  |TAMS 0x0000000083c00000| PB 0x0000000083c00000| Untracked 
|  61|0x0000000083d00000, 0x0000000083d00000, 0x0000000083e00000|  0%| F|  |TAMS 0x0000000083d00000| PB 0x0000000083d00000| Untracked 
|  62|0x0000000083e00000, 0x0000000083e00000, 0x0000000083f00000|  0%| F|  |TAMS 0x0000000083e00000| PB 0x0000000083e00000| Untracked 
|  63|0x0000000083f00000, 0x0000000083f00000, 0x0000000084000000|  0%| F|  |TAMS 0x0000000083f00000| PB 0x0000000083f00000| Untracked 
|  64|0x0000000084000000, 0x0000000084000000, 0x0000000084100000|  0%| F|  |TAMS 0x0000000084000000| PB 0x0000000084000000| Untracked 
|  65|0x0000000084100000, 0x0000000084100000, 0x0000000084200000|  0%| F|  |TAMS 0x0000000084100000| PB 0x0000000084100000| Untracked 
|  66|0x0000000084200000, 0x0000000084200000, 0x0000000084300000|  0%| F|  |TAMS 0x0000000084200000| PB 0x0000000084200000| Untracked 
|  67|0x0000000084300000, 0x0000000084300000, 0x0000000084400000|  0%| F|  |TAMS 0x0000000084300000| PB 0x0000000084300000| Untracked 
|  68|0x0000000084400000, 0x0000000084400000, 0x0000000084500000|  0%| F|  |TAMS 0x0000000084400000| PB 0x0000000084400000| Untracked 
|  69|0x0000000084500000, 0x0000000084500000, 0x0000000084600000|  0%| F|  |TAMS 0x0000000084500000| PB 0x0000000084500000| Untracked 
|  70|0x0000000084600000, 0x0000000084600000, 0x0000000084700000|  0%| F|  |TAMS 0x0000000084600000| PB 0x0000000084600000| Untracked 
|  71|0x0000000084700000, 0x0000000084700000, 0x0000000084800000|  0%| F|  |TAMS 0x0000000084700000| PB 0x0000000084700000| Untracked 
|  72|0x0000000084800000, 0x0000000084800000, 0x0000000084900000|  0%| F|  |TAMS 0x0000000084800000| PB 0x0000000084800000| Untracked 
|  73|0x0000000084900000, 0x0000000084900000, 0x0000000084a00000|  0%| F|  |TAMS 0x0000000084900000| PB 0x0000000084900000| Untracked 
|  74|0x0000000084a00000, 0x0000000084a00000, 0x0000000084b00000|  0%| F|  |TAMS 0x0000000084a00000| PB 0x0000000084a00000| Untracked 
|  75|0x0000000084b00000, 0x0000000084b00000, 0x0000000084c00000|  0%| F|  |TAMS 0x0000000084b00000| PB 0x0000000084b00000| Untracked 
|  76|0x0000000084c00000, 0x0000000084c00000, 0x0000000084d00000|  0%| F|  |TAMS 0x0000000084c00000| PB 0x0000000084c00000| Untracked 
|  77|0x0000000084d00000, 0x0000000084d00000, 0x0000000084e00000|  0%| F|  |TAMS 0x0000000084d00000| PB 0x0000000084d00000| Untracked 
|  78|0x0000000084e00000, 0x0000000084e00000, 0x0000000084f00000|  0%| F|  |TAMS 0x0000000084e00000| PB 0x0000000084e00000| Untracked 
|  79|0x0000000084f00000, 0x0000000084f00000, 0x0000000085000000|  0%| F|  |TAMS 0x0000000084f00000| PB 0x0000000084f00000| Untracked 
|  80|0x0000000085000000, 0x0000000085000000, 0x0000000085100000|  0%| F|  |TAMS 0x0000000085000000| PB 0x0000000085000000| Untracked 
|  81|0x0000000085100000, 0x0000000085100000, 0x0000000085200000|  0%| F|  |TAMS 0x0000000085100000| PB 0x0000000085100000| Untracked 
|  82|0x0000000085200000, 0x0000000085200000, 0x0000000085300000|  0%| F|  |TAMS 0x0000000085200000| PB 0x0000000085200000| Untracked 
|  83|0x0000000085300000, 0x0000000085300000, 0x0000000085400000|  0%| F|  |TAMS 0x0000000085300000| PB 0x0000000085300000| Untracked 
|  84|0x0000000085400000, 0x0000000085400000, 0x0000000085500000|  0%| F|  |TAMS 0x0000000085400000| PB 0x0000000085400000| Untracked 
|  85|0x0000000085500000, 0x0000000085500000, 0x0000000085600000|  0%| F|  |TAMS 0x0000000085500000| PB 0x0000000085500000| Untracked 
|  86|0x0000000085600000, 0x0000000085600000, 0x0000000085700000|  0%| F|  |TAMS 0x0000000085600000| PB 0x0000000085600000| Untracked 
|  87|0x0000000085700000, 0x0000000085700000, 0x0000000085800000|  0%| F|  |TAMS 0x0000000085700000| PB 0x0000000085700000| Untracked 
|  88|0x0000000085800000, 0x0000000085800000, 0x0000000085900000|  0%| F|  |TAMS 0x0000000085800000| PB 0x0000000085800000| Untracked 
|  89|0x0000000085900000, 0x0000000085900000, 0x0000000085a00000|  0%| F|  |TAMS 0x0000000085900000| PB 0x0000000085900000| Untracked 
|  90|0x0000000085a00000, 0x0000000085a00000, 0x0000000085b00000|  0%| F|  |TAMS 0x0000000085a00000| PB 0x0000000085a00000| Untracked 
|  91|0x0000000085b00000, 0x0000000085b00000, 0x0000000085c00000|  0%| F|  |TAMS 0x0000000085b00000| PB 0x0000000085b00000| Untracked 
|  92|0x0000000085c00000, 0x0000000085c00000, 0x0000000085d00000|  0%| F|  |TAMS 0x0000000085c00000| PB 0x0000000085c00000| Untracked 
|  93|0x0000000085d00000, 0x0000000085d00000, 0x0000000085e00000|  0%| F|  |TAMS 0x0000000085d00000| PB 0x0000000085d00000| Untracked 
|  94|0x0000000085e00000, 0x0000000085e00000, 0x0000000085f00000|  0%| F|  |TAMS 0x0000000085e00000| PB 0x0000000085e00000| Untracked 
|  95|0x0000000085f00000, 0x0000000085f00000, 0x0000000086000000|  0%| F|  |TAMS 0x0000000085f00000| PB 0x0000000085f00000| Untracked 
|  96|0x0000000086000000, 0x0000000086000000, 0x0000000086100000|  0%| F|  |TAMS 0x0000000086000000| PB 0x0000000086000000| Untracked 
|  97|0x0000000086100000, 0x0000000086100000, 0x0000000086200000|  0%| F|  |TAMS 0x0000000086100000| PB 0x0000000086100000| Untracked 
|  98|0x0000000086200000, 0x0000000086200000, 0x0000000086300000|  0%| F|  |TAMS 0x0000000086200000| PB 0x0000000086200000| Untracked 
|  99|0x0000000086300000, 0x0000000086300000, 0x0000000086400000|  0%| F|  |TAMS 0x0000000086300000| PB 0x0000000086300000| Untracked 
| 100|0x0000000086400000, 0x0000000086400000, 0x0000000086500000|  0%| F|  |TAMS 0x0000000086400000| PB 0x0000000086400000| Untracked 
| 101|0x0000000086500000, 0x0000000086500000, 0x0000000086600000|  0%| F|  |TAMS 0x0000000086500000| PB 0x0000000086500000| Untracked 
| 102|0x0000000086600000, 0x0000000086600000, 0x0000000086700000|  0%| F|  |TAMS 0x0000000086600000| PB 0x0000000086600000| Untracked 
| 103|0x0000000086700000, 0x0000000086700000, 0x0000000086800000|  0%| F|  |TAMS 0x0000000086700000| PB 0x0000000086700000| Untracked 
| 104|0x0000000086800000, 0x0000000086800000, 0x0000000086900000|  0%| F|  |TAMS 0x0000000086800000| PB 0x0000000086800000| Untracked 
| 105|0x0000000086900000, 0x0000000086900000, 0x0000000086a00000|  0%| F|  |TAMS 0x0000000086900000| PB 0x0000000086900000| Untracked 
| 106|0x0000000086a00000, 0x0000000086a00000, 0x0000000086b00000|  0%| F|  |TAMS 0x0000000086a00000| PB 0x0000000086a00000| Untracked 
| 107|0x0000000086b00000, 0x0000000086b00000, 0x0000000086c00000|  0%| F|  |TAMS 0x0000000086b00000| PB 0x0000000086b00000| Untracked 
| 108|0x0000000086c00000, 0x0000000086c00000, 0x0000000086d00000|  0%| F|  |TAMS 0x0000000086c00000| PB 0x0000000086c00000| Untracked 
| 109|0x0000000086d00000, 0x0000000086d00000, 0x0000000086e00000|  0%| F|  |TAMS 0x0000000086d00000| PB 0x0000000086d00000| Untracked 
| 110|0x0000000086e00000, 0x0000000086e00000, 0x0000000086f00000|  0%| F|  |TAMS 0x0000000086e00000| PB 0x0000000086e00000| Untracked 
| 111|0x0000000086f00000, 0x0000000086f00000, 0x0000000087000000|  0%| F|  |TAMS 0x0000000086f00000| PB 0x0000000086f00000| Untracked 
| 112|0x0000000087000000, 0x0000000087000000, 0x0000000087100000|  0%| F|  |TAMS 0x0000000087000000| PB 0x0000000087000000| Untracked 
| 113|0x0000000087100000, 0x0000000087100000, 0x0000000087200000|  0%| F|  |TAMS 0x0000000087100000| PB 0x0000000087100000| Untracked 
| 114|0x0000000087200000, 0x0000000087200000, 0x0000000087300000|  0%| F|  |TAMS 0x0000000087200000| PB 0x0000000087200000| Untracked 
| 115|0x0000000087300000, 0x0000000087300000, 0x0000000087400000|  0%| F|  |TAMS 0x0000000087300000| PB 0x0000000087300000| Untracked 
| 116|0x0000000087400000, 0x0000000087400000, 0x0000000087500000|  0%| F|  |TAMS 0x0000000087400000| PB 0x0000000087400000| Untracked 
| 117|0x0000000087500000, 0x0000000087500000, 0x0000000087600000|  0%| F|  |TAMS 0x0000000087500000| PB 0x0000000087500000| Untracked 
| 118|0x0000000087600000, 0x0000000087600000, 0x0000000087700000|  0%| F|  |TAMS 0x0000000087600000| PB 0x0000000087600000| Untracked 
| 119|0x0000000087700000, 0x0000000087700000, 0x0000000087800000|  0%| F|  |TAMS 0x0000000087700000| PB 0x0000000087700000| Untracked 
| 120|0x0000000087800000, 0x0000000087800000, 0x0000000087900000|  0%| F|  |TAMS 0x0000000087800000| PB 0x0000000087800000| Untracked 
| 121|0x0000000087900000, 0x0000000087900000, 0x0000000087a00000|  0%| F|  |TAMS 0x0000000087900000| PB 0x0000000087900000| Untracked 
| 122|0x0000000087a00000, 0x0000000087a00000, 0x0000000087b00000|  0%| F|  |TAMS 0x0000000087a00000| PB 0x0000000087a00000| Untracked 
| 123|0x0000000087b00000, 0x0000000087b00000, 0x0000000087c00000|  0%| F|  |TAMS 0x0000000087b00000| PB 0x0000000087b00000| Untracked 
| 124|0x0000000087c00000, 0x0000000087c00000, 0x0000000087d00000|  0%| F|  |TAMS 0x0000000087c00000| PB 0x0000000087c00000| Untracked 
| 125|0x0000000087d00000, 0x0000000087d00000, 0x0000000087e00000|  0%| F|  |TAMS 0x0000000087d00000| PB 0x0000000087d00000| Untracked 
| 126|0x0000000087e00000, 0x0000000087e00000, 0x0000000087f00000|  0%| F|  |TAMS 0x0000000087e00000| PB 0x0000000087e00000| Untracked 
| 127|0x0000000087f00000, 0x0000000087f00000, 0x0000000088000000|  0%| F|  |TAMS 0x0000000087f00000| PB 0x0000000087f00000| Untracked 
| 128|0x0000000088000000, 0x0000000088000000, 0x0000000088100000|  0%| F|  |TAMS 0x0000000088000000| PB 0x0000000088000000| Untracked 
| 129|0x0000000088100000, 0x0000000088100000, 0x0000000088200000|  0%| F|  |TAMS 0x0000000088100000| PB 0x0000000088100000| Untracked 
| 130|0x0000000088200000, 0x0000000088200000, 0x0000000088300000|  0%| F|  |TAMS 0x0000000088200000| PB 0x0000000088200000| Untracked 
| 131|0x0000000088300000, 0x0000000088300000, 0x0000000088400000|  0%| F|  |TAMS 0x0000000088300000| PB 0x0000000088300000| Untracked 
| 132|0x0000000088400000, 0x0000000088400000, 0x0000000088500000|  0%| F|  |TAMS 0x0000000088400000| PB 0x0000000088400000| Untracked 
| 133|0x0000000088500000, 0x0000000088500000, 0x0000000088600000|  0%| F|  |TAMS 0x0000000088500000| PB 0x0000000088500000| Untracked 
| 134|0x0000000088600000, 0x0000000088600000, 0x0000000088700000|  0%| F|  |TAMS 0x0000000088600000| PB 0x0000000088600000| Untracked 
| 135|0x0000000088700000, 0x0000000088700000, 0x0000000088800000|  0%| F|  |TAMS 0x0000000088700000| PB 0x0000000088700000| Untracked 
| 136|0x0000000088800000, 0x0000000088800000, 0x0000000088900000|  0%| F|  |TAMS 0x0000000088800000| PB 0x0000000088800000| Untracked 
| 137|0x0000000088900000, 0x0000000088900000, 0x0000000088a00000|  0%| F|  |TAMS 0x0000000088900000| PB 0x0000000088900000| Untracked 
| 138|0x0000000088a00000, 0x0000000088a00000, 0x0000000088b00000|  0%| F|  |TAMS 0x0000000088a00000| PB 0x0000000088a00000| Untracked 
| 139|0x0000000088b00000, 0x0000000088b00000, 0x0000000088c00000|  0%| F|  |TAMS 0x0000000088b00000| PB 0x0000000088b00000| Untracked 
| 140|0x0000000088c00000, 0x0000000088c00000, 0x0000000088d00000|  0%| F|  |TAMS 0x0000000088c00000| PB 0x0000000088c00000| Untracked 
| 141|0x0000000088d00000, 0x0000000088d00000, 0x0000000088e00000|  0%| F|  |TAMS 0x0000000088d00000| PB 0x0000000088d00000| Untracked 
| 142|0x0000000088e00000, 0x0000000088e00000, 0x0000000088f00000|  0%| F|  |TAMS 0x0000000088e00000| PB 0x0000000088e00000| Untracked 
| 143|0x0000000088f00000, 0x0000000088f00000, 0x0000000089000000|  0%| F|  |TAMS 0x0000000088f00000| PB 0x0000000088f00000| Untracked 
| 144|0x0000000089000000, 0x0000000089000000, 0x0000000089100000|  0%| F|  |TAMS 0x0000000089000000| PB 0x0000000089000000| Untracked 
| 145|0x0000000089100000, 0x0000000089100000, 0x0000000089200000|  0%| F|  |TAMS 0x0000000089100000| PB 0x0000000089100000| Untracked 
| 146|0x0000000089200000, 0x0000000089200000, 0x0000000089300000|  0%| F|  |TAMS 0x0000000089200000| PB 0x0000000089200000| Untracked 
| 147|0x0000000089300000, 0x0000000089300000, 0x0000000089400000|  0%| F|  |TAMS 0x0000000089300000| PB 0x0000000089300000| Untracked 
| 148|0x0000000089400000, 0x0000000089400000, 0x0000000089500000|  0%| F|  |TAMS 0x0000000089400000| PB 0x0000000089400000| Untracked 
| 149|0x0000000089500000, 0x0000000089500000, 0x0000000089600000|  0%| F|  |TAMS 0x0000000089500000| PB 0x0000000089500000| Untracked 
| 150|0x0000000089600000, 0x0000000089600000, 0x0000000089700000|  0%| F|  |TAMS 0x0000000089600000| PB 0x0000000089600000| Untracked 
| 151|0x0000000089700000, 0x0000000089700000, 0x0000000089800000|  0%| F|  |TAMS 0x0000000089700000| PB 0x0000000089700000| Untracked 
| 152|0x0000000089800000, 0x0000000089800000, 0x0000000089900000|  0%| F|  |TAMS 0x0000000089800000| PB 0x0000000089800000| Untracked 
| 153|0x0000000089900000, 0x0000000089900000, 0x0000000089a00000|  0%| F|  |TAMS 0x0000000089900000| PB 0x0000000089900000| Untracked 
| 154|0x0000000089a00000, 0x0000000089a00000, 0x0000000089b00000|  0%| F|  |TAMS 0x0000000089a00000| PB 0x0000000089a00000| Untracked 
| 155|0x0000000089b00000, 0x0000000089b00000, 0x0000000089c00000|  0%| F|  |TAMS 0x0000000089b00000| PB 0x0000000089b00000| Untracked 
| 156|0x0000000089c00000, 0x0000000089c00000, 0x0000000089d00000|  0%| F|  |TAMS 0x0000000089c00000| PB 0x0000000089c00000| Untracked 
| 157|0x0000000089d00000, 0x0000000089d00000, 0x0000000089e00000|  0%| F|  |TAMS 0x0000000089d00000| PB 0x0000000089d00000| Untracked 
| 158|0x0000000089e00000, 0x0000000089e00000, 0x0000000089f00000|  0%| F|  |TAMS 0x0000000089e00000| PB 0x0000000089e00000| Untracked 
| 159|0x0000000089f00000, 0x0000000089f00000, 0x000000008a000000|  0%| F|  |TAMS 0x0000000089f00000| PB 0x0000000089f00000| Untracked 
| 160|0x000000008a000000, 0x000000008a000000, 0x000000008a100000|  0%| F|  |TAMS 0x000000008a000000| PB 0x000000008a000000| Untracked 
| 161|0x000000008a100000, 0x000000008a100000, 0x000000008a200000|  0%| F|  |TAMS 0x000000008a100000| PB 0x000000008a100000| Untracked 
| 162|0x000000008a200000, 0x000000008a200000, 0x000000008a300000|  0%| F|  |TAMS 0x000000008a200000| PB 0x000000008a200000| Untracked 
| 163|0x000000008a300000, 0x000000008a300000, 0x000000008a400000|  0%| F|  |TAMS 0x000000008a300000| PB 0x000000008a300000| Untracked 
| 164|0x000000008a400000, 0x000000008a400000, 0x000000008a500000|  0%| F|  |TAMS 0x000000008a400000| PB 0x000000008a400000| Untracked 
| 165|0x000000008a500000, 0x000000008a500000, 0x000000008a600000|  0%| F|  |TAMS 0x000000008a500000| PB 0x000000008a500000| Untracked 
| 166|0x000000008a600000, 0x000000008a600000, 0x000000008a700000|  0%| F|  |TAMS 0x000000008a600000| PB 0x000000008a600000| Untracked 
| 167|0x000000008a700000, 0x000000008a700000, 0x000000008a800000|  0%| F|  |TAMS 0x000000008a700000| PB 0x000000008a700000| Untracked 
| 168|0x000000008a800000, 0x000000008a800000, 0x000000008a900000|  0%| F|  |TAMS 0x000000008a800000| PB 0x000000008a800000| Untracked 
| 169|0x000000008a900000, 0x000000008a900000, 0x000000008aa00000|  0%| F|  |TAMS 0x000000008a900000| PB 0x000000008a900000| Untracked 
| 170|0x000000008aa00000, 0x000000008aa00000, 0x000000008ab00000|  0%| F|  |TAMS 0x000000008aa00000| PB 0x000000008aa00000| Untracked 
| 171|0x000000008ab00000, 0x000000008ab00000, 0x000000008ac00000|  0%| F|  |TAMS 0x000000008ab00000| PB 0x000000008ab00000| Untracked 
| 172|0x000000008ac00000, 0x000000008ac00000, 0x000000008ad00000|  0%| F|  |TAMS 0x000000008ac00000| PB 0x000000008ac00000| Untracked 
| 173|0x000000008ad00000, 0x000000008ad00000, 0x000000008ae00000|  0%| F|  |TAMS 0x000000008ad00000| PB 0x000000008ad00000| Untracked 
| 174|0x000000008ae00000, 0x000000008ae00000, 0x000000008af00000|  0%| F|  |TAMS 0x000000008ae00000| PB 0x000000008ae00000| Untracked 
| 175|0x000000008af00000, 0x000000008af00000, 0x000000008b000000|  0%| F|  |TAMS 0x000000008af00000| PB 0x000000008af00000| Untracked 
| 176|0x000000008b000000, 0x000000008b000000, 0x000000008b100000|  0%| F|  |TAMS 0x000000008b000000| PB 0x000000008b000000| Untracked 
| 177|0x000000008b100000, 0x000000008b100000, 0x000000008b200000|  0%| F|  |TAMS 0x000000008b100000| PB 0x000000008b100000| Untracked 
| 178|0x000000008b200000, 0x000000008b200000, 0x000000008b300000|  0%| F|  |TAMS 0x000000008b200000| PB 0x000000008b200000| Untracked 
| 179|0x000000008b300000, 0x000000008b300000, 0x000000008b400000|  0%| F|  |TAMS 0x000000008b300000| PB 0x000000008b300000| Untracked 
| 180|0x000000008b400000, 0x000000008b400000, 0x000000008b500000|  0%| F|  |TAMS 0x000000008b400000| PB 0x000000008b400000| Untracked 
| 181|0x000000008b500000, 0x000000008b500000, 0x000000008b600000|  0%| F|  |TAMS 0x000000008b500000| PB 0x000000008b500000| Untracked 
| 182|0x000000008b600000, 0x000000008b600000, 0x000000008b700000|  0%| F|  |TAMS 0x000000008b600000| PB 0x000000008b600000| Untracked 
| 183|0x000000008b700000, 0x000000008b700000, 0x000000008b800000|  0%| F|  |TAMS 0x000000008b700000| PB 0x000000008b700000| Untracked 
| 184|0x000000008b800000, 0x000000008b800000, 0x000000008b900000|  0%| F|  |TAMS 0x000000008b800000| PB 0x000000008b800000| Untracked 
| 185|0x000000008b900000, 0x000000008b900000, 0x000000008ba00000|  0%| F|  |TAMS 0x000000008b900000| PB 0x000000008b900000| Untracked 
| 186|0x000000008ba00000, 0x000000008ba00000, 0x000000008bb00000|  0%| F|  |TAMS 0x000000008ba00000| PB 0x000000008ba00000| Untracked 
| 187|0x000000008bb00000, 0x000000008bb00000, 0x000000008bc00000|  0%| F|  |TAMS 0x000000008bb00000| PB 0x000000008bb00000| Untracked 
| 188|0x000000008bc00000, 0x000000008bc00000, 0x000000008bd00000|  0%| F|  |TAMS 0x000000008bc00000| PB 0x000000008bc00000| Untracked 
| 189|0x000000008bd00000, 0x000000008bd00000, 0x000000008be00000|  0%| F|  |TAMS 0x000000008bd00000| PB 0x000000008bd00000| Untracked 
| 190|0x000000008be00000, 0x000000008be00000, 0x000000008bf00000|  0%| F|  |TAMS 0x000000008be00000| PB 0x000000008be00000| Untracked 
| 191|0x000000008bf00000, 0x000000008bf00000, 0x000000008c000000|  0%| F|  |TAMS 0x000000008bf00000| PB 0x000000008bf00000| Untracked 
| 192|0x000000008c000000, 0x000000008c000000, 0x000000008c100000|  0%| F|  |TAMS 0x000000008c000000| PB 0x000000008c000000| Untracked 
| 193|0x000000008c100000, 0x000000008c100000, 0x000000008c200000|  0%| F|  |TAMS 0x000000008c100000| PB 0x000000008c100000| Untracked 
| 194|0x000000008c200000, 0x000000008c200000, 0x000000008c300000|  0%| F|  |TAMS 0x000000008c200000| PB 0x000000008c200000| Untracked 
| 195|0x000000008c300000, 0x000000008c300000, 0x000000008c400000|  0%| F|  |TAMS 0x000000008c300000| PB 0x000000008c300000| Untracked 
| 196|0x000000008c400000, 0x000000008c400000, 0x000000008c500000|  0%| F|  |TAMS 0x000000008c400000| PB 0x000000008c400000| Untracked 
| 197|0x000000008c500000, 0x000000008c500000, 0x000000008c600000|  0%| F|  |TAMS 0x000000008c500000| PB 0x000000008c500000| Untracked 
| 198|0x000000008c600000, 0x000000008c600000, 0x000000008c700000|  0%| F|  |TAMS 0x000000008c600000| PB 0x000000008c600000| Untracked 
| 199|0x000000008c700000, 0x000000008c700000, 0x000000008c800000|  0%| F|  |TAMS 0x000000008c700000| PB 0x000000008c700000| Untracked 
| 200|0x000000008c800000, 0x000000008c800000, 0x000000008c900000|  0%| F|  |TAMS 0x000000008c800000| PB 0x000000008c800000| Untracked 
| 201|0x000000008c900000, 0x000000008c900000, 0x000000008ca00000|  0%| F|  |TAMS 0x000000008c900000| PB 0x000000008c900000| Untracked 
| 202|0x000000008ca00000, 0x000000008ca00000, 0x000000008cb00000|  0%| F|  |TAMS 0x000000008ca00000| PB 0x000000008ca00000| Untracked 
| 203|0x000000008cb00000, 0x000000008cb00000, 0x000000008cc00000|  0%| F|  |TAMS 0x000000008cb00000| PB 0x000000008cb00000| Untracked 
| 204|0x000000008cc00000, 0x000000008cc00000, 0x000000008cd00000|  0%| F|  |TAMS 0x000000008cc00000| PB 0x000000008cc00000| Untracked 
| 205|0x000000008cd00000, 0x000000008cd00000, 0x000000008ce00000|  0%| F|  |TAMS 0x000000008cd00000| PB 0x000000008cd00000| Untracked 
| 206|0x000000008ce00000, 0x000000008ce00000, 0x000000008cf00000|  0%| F|  |TAMS 0x000000008ce00000| PB 0x000000008ce00000| Untracked 
| 207|0x000000008cf00000, 0x000000008cf00000, 0x000000008d000000|  0%| F|  |TAMS 0x000000008cf00000| PB 0x000000008cf00000| Untracked 
| 208|0x000000008d000000, 0x000000008d000000, 0x000000008d100000|  0%| F|  |TAMS 0x000000008d000000| PB 0x000000008d000000| Untracked 
| 209|0x000000008d100000, 0x000000008d100000, 0x000000008d200000|  0%| F|  |TAMS 0x000000008d100000| PB 0x000000008d100000| Untracked 
| 210|0x000000008d200000, 0x000000008d200000, 0x000000008d300000|  0%| F|  |TAMS 0x000000008d200000| PB 0x000000008d200000| Untracked 
| 211|0x000000008d300000, 0x000000008d300000, 0x000000008d400000|  0%| F|  |TAMS 0x000000008d300000| PB 0x000000008d300000| Untracked 
| 212|0x000000008d400000, 0x000000008d400000, 0x000000008d500000|  0%| F|  |TAMS 0x000000008d400000| PB 0x000000008d400000| Untracked 
| 213|0x000000008d500000, 0x000000008d500000, 0x000000008d600000|  0%| F|  |TAMS 0x000000008d500000| PB 0x000000008d500000| Untracked 
| 214|0x000000008d600000, 0x000000008d600000, 0x000000008d700000|  0%| F|  |TAMS 0x000000008d600000| PB 0x000000008d600000| Untracked 
| 215|0x000000008d700000, 0x000000008d700000, 0x000000008d800000|  0%| F|  |TAMS 0x000000008d700000| PB 0x000000008d700000| Untracked 
| 216|0x000000008d800000, 0x000000008d800000, 0x000000008d900000|  0%| F|  |TAMS 0x000000008d800000| PB 0x000000008d800000| Untracked 
| 217|0x000000008d900000, 0x000000008d900000, 0x000000008da00000|  0%| F|  |TAMS 0x000000008d900000| PB 0x000000008d900000| Untracked 
| 218|0x000000008da00000, 0x000000008da00000, 0x000000008db00000|  0%| F|  |TAMS 0x000000008da00000| PB 0x000000008da00000| Untracked 
| 219|0x000000008db00000, 0x000000008db00000, 0x000000008dc00000|  0%| F|  |TAMS 0x000000008db00000| PB 0x000000008db00000| Untracked 
| 220|0x000000008dc00000, 0x000000008dc00000, 0x000000008dd00000|  0%| F|  |TAMS 0x000000008dc00000| PB 0x000000008dc00000| Untracked 
| 221|0x000000008dd00000, 0x000000008dd00000, 0x000000008de00000|  0%| F|  |TAMS 0x000000008dd00000| PB 0x000000008dd00000| Untracked 
| 222|0x000000008de00000, 0x000000008de00000, 0x000000008df00000|  0%| F|  |TAMS 0x000000008de00000| PB 0x000000008de00000| Untracked 
| 223|0x000000008df00000, 0x000000008df00000, 0x000000008e000000|  0%| F|  |TAMS 0x000000008df00000| PB 0x000000008df00000| Untracked 
| 224|0x000000008e000000, 0x000000008e000000, 0x000000008e100000|  0%| F|  |TAMS 0x000000008e000000| PB 0x000000008e000000| Untracked 
| 225|0x000000008e100000, 0x000000008e100000, 0x000000008e200000|  0%| F|  |TAMS 0x000000008e100000| PB 0x000000008e100000| Untracked 
| 226|0x000000008e200000, 0x000000008e200000, 0x000000008e300000|  0%| F|  |TAMS 0x000000008e200000| PB 0x000000008e200000| Untracked 
| 227|0x000000008e300000, 0x000000008e300000, 0x000000008e400000|  0%| F|  |TAMS 0x000000008e300000| PB 0x000000008e300000| Untracked 
| 228|0x000000008e400000, 0x000000008e400000, 0x000000008e500000|  0%| F|  |TAMS 0x000000008e400000| PB 0x000000008e400000| Untracked 
| 229|0x000000008e500000, 0x000000008e500000, 0x000000008e600000|  0%| F|  |TAMS 0x000000008e500000| PB 0x000000008e500000| Untracked 
| 230|0x000000008e600000, 0x000000008e600000, 0x000000008e700000|  0%| F|  |TAMS 0x000000008e600000| PB 0x000000008e600000| Untracked 
| 231|0x000000008e700000, 0x000000008e700000, 0x000000008e800000|  0%| F|  |TAMS 0x000000008e700000| PB 0x000000008e700000| Untracked 
| 232|0x000000008e800000, 0x000000008e800000, 0x000000008e900000|  0%| F|  |TAMS 0x000000008e800000| PB 0x000000008e800000| Untracked 
| 233|0x000000008e900000, 0x000000008e900000, 0x000000008ea00000|  0%| F|  |TAMS 0x000000008e900000| PB 0x000000008e900000| Untracked 
| 234|0x000000008ea00000, 0x000000008ea00000, 0x000000008eb00000|  0%| F|  |TAMS 0x000000008ea00000| PB 0x000000008ea00000| Untracked 
| 235|0x000000008eb00000, 0x000000008eb00000, 0x000000008ec00000|  0%| F|  |TAMS 0x000000008eb00000| PB 0x000000008eb00000| Untracked 
| 236|0x000000008ec00000, 0x000000008ec00000, 0x000000008ed00000|  0%| F|  |TAMS 0x000000008ec00000| PB 0x000000008ec00000| Untracked 
| 237|0x000000008ed00000, 0x000000008ed00000, 0x000000008ee00000|  0%| F|  |TAMS 0x000000008ed00000| PB 0x000000008ed00000| Untracked 
| 238|0x000000008ee00000, 0x000000008ee00000, 0x000000008ef00000|  0%| F|  |TAMS 0x000000008ee00000| PB 0x000000008ee00000| Untracked 
| 239|0x000000008ef00000, 0x000000008ef00000, 0x000000008f000000|  0%| F|  |TAMS 0x000000008ef00000| PB 0x000000008ef00000| Untracked 
| 240|0x000000008f000000, 0x000000008f000000, 0x000000008f100000|  0%| F|  |TAMS 0x000000008f000000| PB 0x000000008f000000| Untracked 
| 241|0x000000008f100000, 0x000000008f100000, 0x000000008f200000|  0%| F|  |TAMS 0x000000008f100000| PB 0x000000008f100000| Untracked 
| 242|0x000000008f200000, 0x000000008f200000, 0x000000008f300000|  0%| F|  |TAMS 0x000000008f200000| PB 0x000000008f200000| Untracked 
| 243|0x000000008f300000, 0x000000008f300000, 0x000000008f400000|  0%| F|  |TAMS 0x000000008f300000| PB 0x000000008f300000| Untracked 
| 244|0x000000008f400000, 0x000000008f400000, 0x000000008f500000|  0%| F|  |TAMS 0x000000008f400000| PB 0x000000008f400000| Untracked 
| 245|0x000000008f500000, 0x000000008f500000, 0x000000008f600000|  0%| F|  |TAMS 0x000000008f500000| PB 0x000000008f500000| Untracked 
| 246|0x000000008f600000, 0x000000008f600000, 0x000000008f700000|  0%| F|  |TAMS 0x000000008f600000| PB 0x000000008f600000| Untracked 
| 247|0x000000008f700000, 0x000000008f700000, 0x000000008f800000|  0%| F|  |TAMS 0x000000008f700000| PB 0x000000008f700000| Untracked 
| 248|0x000000008f800000, 0x000000008f800000, 0x000000008f900000|  0%| F|  |TAMS 0x000000008f800000| PB 0x000000008f800000| Untracked 
| 249|0x000000008f900000, 0x000000008f900000, 0x000000008fa00000|  0%| F|  |TAMS 0x000000008f900000| PB 0x000000008f900000| Untracked 
| 250|0x000000008fa00000, 0x000000008fa00000, 0x000000008fb00000|  0%| F|  |TAMS 0x000000008fa00000| PB 0x000000008fa00000| Untracked 
| 251|0x000000008fb00000, 0x000000008fb00000, 0x000000008fc00000|  0%| F|  |TAMS 0x000000008fb00000| PB 0x000000008fb00000| Untracked 
| 252|0x000000008fc00000, 0x000000008fc00000, 0x000000008fd00000|  0%| F|  |TAMS 0x000000008fc00000| PB 0x000000008fc00000| Untracked 
| 253|0x000000008fd00000, 0x000000008fd00000, 0x000000008fe00000|  0%| F|  |TAMS 0x000000008fd00000| PB 0x000000008fd00000| Untracked 
| 254|0x000000008fe00000, 0x000000008fe00000, 0x000000008ff00000|  0%| F|  |TAMS 0x000000008fe00000| PB 0x000000008fe00000| Untracked 
| 255|0x000000008ff00000, 0x000000008ff00000, 0x0000000090000000|  0%| F|  |TAMS 0x000000008ff00000| PB 0x000000008ff00000| Untracked 
| 256|0x0000000090000000, 0x0000000090000000, 0x0000000090100000|  0%| F|  |TAMS 0x0000000090000000| PB 0x0000000090000000| Untracked 
| 257|0x0000000090100000, 0x0000000090100000, 0x0000000090200000|  0%| F|  |TAMS 0x0000000090100000| PB 0x0000000090100000| Untracked 
| 258|0x0000000090200000, 0x0000000090200000, 0x0000000090300000|  0%| F|  |TAMS 0x0000000090200000| PB 0x0000000090200000| Untracked 
| 259|0x0000000090300000, 0x0000000090300000, 0x0000000090400000|  0%| F|  |TAMS 0x0000000090300000| PB 0x0000000090300000| Untracked 
| 260|0x0000000090400000, 0x0000000090400000, 0x0000000090500000|  0%| F|  |TAMS 0x0000000090400000| PB 0x0000000090400000| Untracked 
| 261|0x0000000090500000, 0x0000000090500000, 0x0000000090600000|  0%| F|  |TAMS 0x0000000090500000| PB 0x0000000090500000| Untracked 
| 262|0x0000000090600000, 0x0000000090600000, 0x0000000090700000|  0%| F|  |TAMS 0x0000000090600000| PB 0x0000000090600000| Untracked 
| 263|0x0000000090700000, 0x0000000090700000, 0x0000000090800000|  0%| F|  |TAMS 0x0000000090700000| PB 0x0000000090700000| Untracked 
| 264|0x0000000090800000, 0x0000000090800000, 0x0000000090900000|  0%| F|  |TAMS 0x0000000090800000| PB 0x0000000090800000| Untracked 
| 265|0x0000000090900000, 0x0000000090900000, 0x0000000090a00000|  0%| F|  |TAMS 0x0000000090900000| PB 0x0000000090900000| Untracked 
| 266|0x0000000090a00000, 0x0000000090a00000, 0x0000000090b00000|  0%| F|  |TAMS 0x0000000090a00000| PB 0x0000000090a00000| Untracked 
| 267|0x0000000090b00000, 0x0000000090b00000, 0x0000000090c00000|  0%| F|  |TAMS 0x0000000090b00000| PB 0x0000000090b00000| Untracked 
| 268|0x0000000090c00000, 0x0000000090c00000, 0x0000000090d00000|  0%| F|  |TAMS 0x0000000090c00000| PB 0x0000000090c00000| Untracked 
| 269|0x0000000090d00000, 0x0000000090d00000, 0x0000000090e00000|  0%| F|  |TAMS 0x0000000090d00000| PB 0x0000000090d00000| Untracked 
| 270|0x0000000090e00000, 0x0000000090e00000, 0x0000000090f00000|  0%| F|  |TAMS 0x0000000090e00000| PB 0x0000000090e00000| Untracked 
| 271|0x0000000090f00000, 0x0000000090f00000, 0x0000000091000000|  0%| F|  |TAMS 0x0000000090f00000| PB 0x0000000090f00000| Untracked 
| 272|0x0000000091000000, 0x0000000091000000, 0x0000000091100000|  0%| F|  |TAMS 0x0000000091000000| PB 0x0000000091000000| Untracked 
| 273|0x0000000091100000, 0x0000000091100000, 0x0000000091200000|  0%| F|  |TAMS 0x0000000091100000| PB 0x0000000091100000| Untracked 
| 274|0x0000000091200000, 0x0000000091200000, 0x0000000091300000|  0%| F|  |TAMS 0x0000000091200000| PB 0x0000000091200000| Untracked 
| 275|0x0000000091300000, 0x0000000091300000, 0x0000000091400000|  0%| F|  |TAMS 0x0000000091300000| PB 0x0000000091300000| Untracked 
| 276|0x0000000091400000, 0x0000000091400000, 0x0000000091500000|  0%| F|  |TAMS 0x0000000091400000| PB 0x0000000091400000| Untracked 
| 277|0x0000000091500000, 0x0000000091500000, 0x0000000091600000|  0%| F|  |TAMS 0x0000000091500000| PB 0x0000000091500000| Untracked 
| 278|0x0000000091600000, 0x0000000091600000, 0x0000000091700000|  0%| F|  |TAMS 0x0000000091600000| PB 0x0000000091600000| Untracked 
| 279|0x0000000091700000, 0x0000000091700000, 0x0000000091800000|  0%| F|  |TAMS 0x0000000091700000| PB 0x0000000091700000| Untracked 
| 280|0x0000000091800000, 0x0000000091800000, 0x0000000091900000|  0%| F|  |TAMS 0x0000000091800000| PB 0x0000000091800000| Untracked 
| 281|0x0000000091900000, 0x0000000091900000, 0x0000000091a00000|  0%| F|  |TAMS 0x0000000091900000| PB 0x0000000091900000| Untracked 
| 282|0x0000000091a00000, 0x0000000091a00000, 0x0000000091b00000|  0%| F|  |TAMS 0x0000000091a00000| PB 0x0000000091a00000| Untracked 
| 283|0x0000000091b00000, 0x0000000091b00000, 0x0000000091c00000|  0%| F|  |TAMS 0x0000000091b00000| PB 0x0000000091b00000| Untracked 
| 284|0x0000000091c00000, 0x0000000091c00000, 0x0000000091d00000|  0%| F|  |TAMS 0x0000000091c00000| PB 0x0000000091c00000| Untracked 
| 285|0x0000000091d00000, 0x0000000091d00000, 0x0000000091e00000|  0%| F|  |TAMS 0x0000000091d00000| PB 0x0000000091d00000| Untracked 
| 286|0x0000000091e00000, 0x0000000091e00000, 0x0000000091f00000|  0%| F|  |TAMS 0x0000000091e00000| PB 0x0000000091e00000| Untracked 
| 287|0x0000000091f00000, 0x0000000091f00000, 0x0000000092000000|  0%| F|  |TAMS 0x0000000091f00000| PB 0x0000000091f00000| Untracked 
| 288|0x0000000092000000, 0x0000000092000000, 0x0000000092100000|  0%| F|  |TAMS 0x0000000092000000| PB 0x0000000092000000| Untracked 
| 289|0x0000000092100000, 0x0000000092100000, 0x0000000092200000|  0%| F|  |TAMS 0x0000000092100000| PB 0x0000000092100000| Untracked 
| 290|0x0000000092200000, 0x0000000092200000, 0x0000000092300000|  0%| F|  |TAMS 0x0000000092200000| PB 0x0000000092200000| Untracked 
| 291|0x0000000092300000, 0x0000000092300000, 0x0000000092400000|  0%| F|  |TAMS 0x0000000092300000| PB 0x0000000092300000| Untracked 
| 292|0x0000000092400000, 0x0000000092400000, 0x0000000092500000|  0%| F|  |TAMS 0x0000000092400000| PB 0x0000000092400000| Untracked 
| 293|0x0000000092500000, 0x0000000092500000, 0x0000000092600000|  0%| F|  |TAMS 0x0000000092500000| PB 0x0000000092500000| Untracked 
| 294|0x0000000092600000, 0x0000000092600000, 0x0000000092700000|  0%| F|  |TAMS 0x0000000092600000| PB 0x0000000092600000| Untracked 
| 295|0x0000000092700000, 0x0000000092700000, 0x0000000092800000|  0%| F|  |TAMS 0x0000000092700000| PB 0x0000000092700000| Untracked 
| 296|0x0000000092800000, 0x0000000092800000, 0x0000000092900000|  0%| F|  |TAMS 0x0000000092800000| PB 0x0000000092800000| Untracked 
| 297|0x0000000092900000, 0x0000000092900000, 0x0000000092a00000|  0%| F|  |TAMS 0x0000000092900000| PB 0x0000000092900000| Untracked 
| 298|0x0000000092a00000, 0x0000000092a00000, 0x0000000092b00000|  0%| F|  |TAMS 0x0000000092a00000| PB 0x0000000092a00000| Untracked 
| 299|0x0000000092b00000, 0x0000000092b00000, 0x0000000092c00000|  0%| F|  |TAMS 0x0000000092b00000| PB 0x0000000092b00000| Untracked 
| 300|0x0000000092c00000, 0x0000000092c00000, 0x0000000092d00000|  0%| F|  |TAMS 0x0000000092c00000| PB 0x0000000092c00000| Untracked 
| 301|0x0000000092d00000, 0x0000000092d00000, 0x0000000092e00000|  0%| F|  |TAMS 0x0000000092d00000| PB 0x0000000092d00000| Untracked 
| 302|0x0000000092e00000, 0x0000000092e00000, 0x0000000092f00000|  0%| F|  |TAMS 0x0000000092e00000| PB 0x0000000092e00000| Untracked 
| 303|0x0000000092f00000, 0x0000000092f00000, 0x0000000093000000|  0%| F|  |TAMS 0x0000000092f00000| PB 0x0000000092f00000| Untracked 
| 304|0x0000000093000000, 0x0000000093000000, 0x0000000093100000|  0%| F|  |TAMS 0x0000000093000000| PB 0x0000000093000000| Untracked 
| 305|0x0000000093100000, 0x0000000093100000, 0x0000000093200000|  0%| F|  |TAMS 0x0000000093100000| PB 0x0000000093100000| Untracked 
| 306|0x0000000093200000, 0x0000000093200000, 0x0000000093300000|  0%| F|  |TAMS 0x0000000093200000| PB 0x0000000093200000| Untracked 
| 307|0x0000000093300000, 0x0000000093300000, 0x0000000093400000|  0%| F|  |TAMS 0x0000000093300000| PB 0x0000000093300000| Untracked 
| 308|0x0000000093400000, 0x0000000093400000, 0x0000000093500000|  0%| F|  |TAMS 0x0000000093400000| PB 0x0000000093400000| Untracked 
| 309|0x0000000093500000, 0x0000000093500000, 0x0000000093600000|  0%| F|  |TAMS 0x0000000093500000| PB 0x0000000093500000| Untracked 
| 310|0x0000000093600000, 0x0000000093600000, 0x0000000093700000|  0%| F|  |TAMS 0x0000000093600000| PB 0x0000000093600000| Untracked 
| 311|0x0000000093700000, 0x0000000093700000, 0x0000000093800000|  0%| F|  |TAMS 0x0000000093700000| PB 0x0000000093700000| Untracked 
| 312|0x0000000093800000, 0x0000000093800000, 0x0000000093900000|  0%| F|  |TAMS 0x0000000093800000| PB 0x0000000093800000| Untracked 
| 313|0x0000000093900000, 0x0000000093900000, 0x0000000093a00000|  0%| F|  |TAMS 0x0000000093900000| PB 0x0000000093900000| Untracked 
| 314|0x0000000093a00000, 0x0000000093a00000, 0x0000000093b00000|  0%| F|  |TAMS 0x0000000093a00000| PB 0x0000000093a00000| Untracked 
| 315|0x0000000093b00000, 0x0000000093b00000, 0x0000000093c00000|  0%| F|  |TAMS 0x0000000093b00000| PB 0x0000000093b00000| Untracked 
| 316|0x0000000093c00000, 0x0000000093c00000, 0x0000000093d00000|  0%| F|  |TAMS 0x0000000093c00000| PB 0x0000000093c00000| Untracked 
| 317|0x0000000093d00000, 0x0000000093d00000, 0x0000000093e00000|  0%| F|  |TAMS 0x0000000093d00000| PB 0x0000000093d00000| Untracked 
| 318|0x0000000093e00000, 0x0000000093e00000, 0x0000000093f00000|  0%| F|  |TAMS 0x0000000093e00000| PB 0x0000000093e00000| Untracked 
| 319|0x0000000093f00000, 0x0000000093f00000, 0x0000000094000000|  0%| F|  |TAMS 0x0000000093f00000| PB 0x0000000093f00000| Untracked 
| 320|0x0000000094000000, 0x0000000094000000, 0x0000000094100000|  0%| F|  |TAMS 0x0000000094000000| PB 0x0000000094000000| Untracked 
| 321|0x0000000094100000, 0x0000000094100000, 0x0000000094200000|  0%| F|  |TAMS 0x0000000094100000| PB 0x0000000094100000| Untracked 
| 322|0x0000000094200000, 0x0000000094200000, 0x0000000094300000|  0%| F|  |TAMS 0x0000000094200000| PB 0x0000000094200000| Untracked 
| 323|0x0000000094300000, 0x0000000094300000, 0x0000000094400000|  0%| F|  |TAMS 0x0000000094300000| PB 0x0000000094300000| Untracked 
| 324|0x0000000094400000, 0x0000000094400000, 0x0000000094500000|  0%| F|  |TAMS 0x0000000094400000| PB 0x0000000094400000| Untracked 
| 325|0x0000000094500000, 0x0000000094500000, 0x0000000094600000|  0%| F|  |TAMS 0x0000000094500000| PB 0x0000000094500000| Untracked 
| 326|0x0000000094600000, 0x0000000094600000, 0x0000000094700000|  0%| F|  |TAMS 0x0000000094600000| PB 0x0000000094600000| Untracked 
| 327|0x0000000094700000, 0x0000000094700000, 0x0000000094800000|  0%| F|  |TAMS 0x0000000094700000| PB 0x0000000094700000| Untracked 
| 328|0x0000000094800000, 0x0000000094800000, 0x0000000094900000|  0%| F|  |TAMS 0x0000000094800000| PB 0x0000000094800000| Untracked 
| 329|0x0000000094900000, 0x0000000094900000, 0x0000000094a00000|  0%| F|  |TAMS 0x0000000094900000| PB 0x0000000094900000| Untracked 
| 330|0x0000000094a00000, 0x0000000094a00000, 0x0000000094b00000|  0%| F|  |TAMS 0x0000000094a00000| PB 0x0000000094a00000| Untracked 
| 331|0x0000000094b00000, 0x0000000094b00000, 0x0000000094c00000|  0%| F|  |TAMS 0x0000000094b00000| PB 0x0000000094b00000| Untracked 
| 332|0x0000000094c00000, 0x0000000094c00000, 0x0000000094d00000|  0%| F|  |TAMS 0x0000000094c00000| PB 0x0000000094c00000| Untracked 
| 333|0x0000000094d00000, 0x0000000094d00000, 0x0000000094e00000|  0%| F|  |TAMS 0x0000000094d00000| PB 0x0000000094d00000| Untracked 
| 334|0x0000000094e00000, 0x0000000094e00000, 0x0000000094f00000|  0%| F|  |TAMS 0x0000000094e00000| PB 0x0000000094e00000| Untracked 
| 335|0x0000000094f00000, 0x0000000094f00000, 0x0000000095000000|  0%| F|  |TAMS 0x0000000094f00000| PB 0x0000000094f00000| Untracked 
| 336|0x0000000095000000, 0x0000000095000000, 0x0000000095100000|  0%| F|  |TAMS 0x0000000095000000| PB 0x0000000095000000| Untracked 
| 337|0x0000000095100000, 0x0000000095100000, 0x0000000095200000|  0%| F|  |TAMS 0x0000000095100000| PB 0x0000000095100000| Untracked 
| 338|0x0000000095200000, 0x0000000095200000, 0x0000000095300000|  0%| F|  |TAMS 0x0000000095200000| PB 0x0000000095200000| Untracked 
| 339|0x0000000095300000, 0x0000000095300000, 0x0000000095400000|  0%| F|  |TAMS 0x0000000095300000| PB 0x0000000095300000| Untracked 
| 340|0x0000000095400000, 0x0000000095400000, 0x0000000095500000|  0%| F|  |TAMS 0x0000000095400000| PB 0x0000000095400000| Untracked 
| 341|0x0000000095500000, 0x0000000095500000, 0x0000000095600000|  0%| F|  |TAMS 0x0000000095500000| PB 0x0000000095500000| Untracked 
| 342|0x0000000095600000, 0x0000000095600000, 0x0000000095700000|  0%| F|  |TAMS 0x0000000095600000| PB 0x0000000095600000| Untracked 
| 343|0x0000000095700000, 0x0000000095700000, 0x0000000095800000|  0%| F|  |TAMS 0x0000000095700000| PB 0x0000000095700000| Untracked 
| 344|0x0000000095800000, 0x0000000095800000, 0x0000000095900000|  0%| F|  |TAMS 0x0000000095800000| PB 0x0000000095800000| Untracked 
| 345|0x0000000095900000, 0x0000000095900000, 0x0000000095a00000|  0%| F|  |TAMS 0x0000000095900000| PB 0x0000000095900000| Untracked 
| 346|0x0000000095a00000, 0x0000000095a00000, 0x0000000095b00000|  0%| F|  |TAMS 0x0000000095a00000| PB 0x0000000095a00000| Untracked 
| 347|0x0000000095b00000, 0x0000000095b00000, 0x0000000095c00000|  0%| F|  |TAMS 0x0000000095b00000| PB 0x0000000095b00000| Untracked 
| 348|0x0000000095c00000, 0x0000000095c00000, 0x0000000095d00000|  0%| F|  |TAMS 0x0000000095c00000| PB 0x0000000095c00000| Untracked 
| 349|0x0000000095d00000, 0x0000000095d00000, 0x0000000095e00000|  0%| F|  |TAMS 0x0000000095d00000| PB 0x0000000095d00000| Untracked 
| 350|0x0000000095e00000, 0x0000000095e00000, 0x0000000095f00000|  0%| F|  |TAMS 0x0000000095e00000| PB 0x0000000095e00000| Untracked 
| 351|0x0000000095f00000, 0x0000000095f00000, 0x0000000096000000|  0%| F|  |TAMS 0x0000000095f00000| PB 0x0000000095f00000| Untracked 
| 352|0x0000000096000000, 0x0000000096000000, 0x0000000096100000|  0%| F|  |TAMS 0x0000000096000000| PB 0x0000000096000000| Untracked 
| 353|0x0000000096100000, 0x0000000096100000, 0x0000000096200000|  0%| F|  |TAMS 0x0000000096100000| PB 0x0000000096100000| Untracked 
| 354|0x0000000096200000, 0x0000000096200000, 0x0000000096300000|  0%| F|  |TAMS 0x0000000096200000| PB 0x0000000096200000| Untracked 
| 355|0x0000000096300000, 0x0000000096300000, 0x0000000096400000|  0%| F|  |TAMS 0x0000000096300000| PB 0x0000000096300000| Untracked 
| 356|0x0000000096400000, 0x0000000096400000, 0x0000000096500000|  0%| F|  |TAMS 0x0000000096400000| PB 0x0000000096400000| Untracked 
| 357|0x0000000096500000, 0x0000000096500000, 0x0000000096600000|  0%| F|  |TAMS 0x0000000096500000| PB 0x0000000096500000| Untracked 
| 358|0x0000000096600000, 0x0000000096600000, 0x0000000096700000|  0%| F|  |TAMS 0x0000000096600000| PB 0x0000000096600000| Untracked 
| 359|0x0000000096700000, 0x0000000096700000, 0x0000000096800000|  0%| F|  |TAMS 0x0000000096700000| PB 0x0000000096700000| Untracked 
| 360|0x0000000096800000, 0x0000000096800000, 0x0000000096900000|  0%| F|  |TAMS 0x0000000096800000| PB 0x0000000096800000| Untracked 
| 361|0x0000000096900000, 0x0000000096900000, 0x0000000096a00000|  0%| F|  |TAMS 0x0000000096900000| PB 0x0000000096900000| Untracked 
| 362|0x0000000096a00000, 0x0000000096a00000, 0x0000000096b00000|  0%| F|  |TAMS 0x0000000096a00000| PB 0x0000000096a00000| Untracked 
| 363|0x0000000096b00000, 0x0000000096b00000, 0x0000000096c00000|  0%| F|  |TAMS 0x0000000096b00000| PB 0x0000000096b00000| Untracked 
| 364|0x0000000096c00000, 0x0000000096c00000, 0x0000000096d00000|  0%| F|  |TAMS 0x0000000096c00000| PB 0x0000000096c00000| Untracked 
| 365|0x0000000096d00000, 0x0000000096d00000, 0x0000000096e00000|  0%| F|  |TAMS 0x0000000096d00000| PB 0x0000000096d00000| Untracked 
| 366|0x0000000096e00000, 0x0000000096e00000, 0x0000000096f00000|  0%| F|  |TAMS 0x0000000096e00000| PB 0x0000000096e00000| Untracked 
| 367|0x0000000096f00000, 0x0000000096f00000, 0x0000000097000000|  0%| F|  |TAMS 0x0000000096f00000| PB 0x0000000096f00000| Untracked 
| 368|0x0000000097000000, 0x0000000097000000, 0x0000000097100000|  0%| F|  |TAMS 0x0000000097000000| PB 0x0000000097000000| Untracked 
| 369|0x0000000097100000, 0x0000000097100000, 0x0000000097200000|  0%| F|  |TAMS 0x0000000097100000| PB 0x0000000097100000| Untracked 
| 370|0x0000000097200000, 0x0000000097200000, 0x0000000097300000|  0%| F|  |TAMS 0x0000000097200000| PB 0x0000000097200000| Untracked 
| 371|0x0000000097300000, 0x0000000097300000, 0x0000000097400000|  0%| F|  |TAMS 0x0000000097300000| PB 0x0000000097300000| Untracked 
| 372|0x0000000097400000, 0x0000000097400000, 0x0000000097500000|  0%| F|  |TAMS 0x0000000097400000| PB 0x0000000097400000| Untracked 
| 373|0x0000000097500000, 0x0000000097500000, 0x0000000097600000|  0%| F|  |TAMS 0x0000000097500000| PB 0x0000000097500000| Untracked 
| 374|0x0000000097600000, 0x0000000097600000, 0x0000000097700000|  0%| F|  |TAMS 0x0000000097600000| PB 0x0000000097600000| Untracked 
| 375|0x0000000097700000, 0x0000000097700000, 0x0000000097800000|  0%| F|  |TAMS 0x0000000097700000| PB 0x0000000097700000| Untracked 
| 376|0x0000000097800000, 0x0000000097800000, 0x0000000097900000|  0%| F|  |TAMS 0x0000000097800000| PB 0x0000000097800000| Untracked 
| 377|0x0000000097900000, 0x0000000097900000, 0x0000000097a00000|  0%| F|  |TAMS 0x0000000097900000| PB 0x0000000097900000| Untracked 
| 378|0x0000000097a00000, 0x0000000097a00000, 0x0000000097b00000|  0%| F|  |TAMS 0x0000000097a00000| PB 0x0000000097a00000| Untracked 
| 379|0x0000000097b00000, 0x0000000097b00000, 0x0000000097c00000|  0%| F|  |TAMS 0x0000000097b00000| PB 0x0000000097b00000| Untracked 
| 380|0x0000000097c00000, 0x0000000097c00000, 0x0000000097d00000|  0%| F|  |TAMS 0x0000000097c00000| PB 0x0000000097c00000| Untracked 
| 381|0x0000000097d00000, 0x0000000097d00000, 0x0000000097e00000|  0%| F|  |TAMS 0x0000000097d00000| PB 0x0000000097d00000| Untracked 
| 382|0x0000000097e00000, 0x0000000097e00000, 0x0000000097f00000|  0%| F|  |TAMS 0x0000000097e00000| PB 0x0000000097e00000| Untracked 
| 383|0x0000000097f00000, 0x0000000097f00000, 0x0000000098000000|  0%| F|  |TAMS 0x0000000097f00000| PB 0x0000000097f00000| Untracked 
| 384|0x0000000098000000, 0x0000000098000000, 0x0000000098100000|  0%| F|  |TAMS 0x0000000098000000| PB 0x0000000098000000| Untracked 
| 385|0x0000000098100000, 0x0000000098100000, 0x0000000098200000|  0%| F|  |TAMS 0x0000000098100000| PB 0x0000000098100000| Untracked 
| 386|0x0000000098200000, 0x0000000098200000, 0x0000000098300000|  0%| F|  |TAMS 0x0000000098200000| PB 0x0000000098200000| Untracked 
| 387|0x0000000098300000, 0x0000000098300000, 0x0000000098400000|  0%| F|  |TAMS 0x0000000098300000| PB 0x0000000098300000| Untracked 
| 388|0x0000000098400000, 0x0000000098400000, 0x0000000098500000|  0%| F|  |TAMS 0x0000000098400000| PB 0x0000000098400000| Untracked 
| 389|0x0000000098500000, 0x0000000098500000, 0x0000000098600000|  0%| F|  |TAMS 0x0000000098500000| PB 0x0000000098500000| Untracked 
| 390|0x0000000098600000, 0x0000000098600000, 0x0000000098700000|  0%| F|  |TAMS 0x0000000098600000| PB 0x0000000098600000| Untracked 
| 391|0x0000000098700000, 0x0000000098700000, 0x0000000098800000|  0%| F|  |TAMS 0x0000000098700000| PB 0x0000000098700000| Untracked 
| 392|0x0000000098800000, 0x0000000098800000, 0x0000000098900000|  0%| F|  |TAMS 0x0000000098800000| PB 0x0000000098800000| Untracked 
| 393|0x0000000098900000, 0x0000000098900000, 0x0000000098a00000|  0%| F|  |TAMS 0x0000000098900000| PB 0x0000000098900000| Untracked 
| 394|0x0000000098a00000, 0x0000000098a00000, 0x0000000098b00000|  0%| F|  |TAMS 0x0000000098a00000| PB 0x0000000098a00000| Untracked 
| 395|0x0000000098b00000, 0x0000000098b00000, 0x0000000098c00000|  0%| F|  |TAMS 0x0000000098b00000| PB 0x0000000098b00000| Untracked 
| 396|0x0000000098c00000, 0x0000000098c00000, 0x0000000098d00000|  0%| F|  |TAMS 0x0000000098c00000| PB 0x0000000098c00000| Untracked 
| 397|0x0000000098d00000, 0x0000000098d00000, 0x0000000098e00000|  0%| F|  |TAMS 0x0000000098d00000| PB 0x0000000098d00000| Untracked 
| 398|0x0000000098e00000, 0x0000000098e00000, 0x0000000098f00000|  0%| F|  |TAMS 0x0000000098e00000| PB 0x0000000098e00000| Untracked 
| 399|0x0000000098f00000, 0x0000000098f00000, 0x0000000099000000|  0%| F|  |TAMS 0x0000000098f00000| PB 0x0000000098f00000| Untracked 
| 400|0x0000000099000000, 0x0000000099000000, 0x0000000099100000|  0%| F|  |TAMS 0x0000000099000000| PB 0x0000000099000000| Untracked 
| 401|0x0000000099100000, 0x0000000099100000, 0x0000000099200000|  0%| F|  |TAMS 0x0000000099100000| PB 0x0000000099100000| Untracked 
| 402|0x0000000099200000, 0x0000000099200000, 0x0000000099300000|  0%| F|  |TAMS 0x0000000099200000| PB 0x0000000099200000| Untracked 
| 403|0x0000000099300000, 0x0000000099300000, 0x0000000099400000|  0%| F|  |TAMS 0x0000000099300000| PB 0x0000000099300000| Untracked 
| 404|0x0000000099400000, 0x0000000099500000, 0x0000000099500000|100%| E|  |TAMS 0x0000000099400000| PB 0x0000000099400000| Complete 
| 405|0x0000000099500000, 0x0000000099600000, 0x0000000099600000|100%| E|CS|TAMS 0x0000000099500000| PB 0x0000000099500000| Complete 
| 406|0x0000000099600000, 0x0000000099700000, 0x0000000099700000|100%| E|CS|TAMS 0x0000000099600000| PB 0x0000000099600000| Complete 
| 407|0x0000000099700000, 0x0000000099800000, 0x0000000099800000|100%| E|CS|TAMS 0x0000000099700000| PB 0x0000000099700000| Complete 
| 408|0x0000000099800000, 0x0000000099900000, 0x0000000099900000|100%| E|CS|TAMS 0x0000000099800000| PB 0x0000000099800000| Complete 
| 409|0x0000000099900000, 0x0000000099a00000, 0x0000000099a00000|100%| E|CS|TAMS 0x0000000099900000| PB 0x0000000099900000| Complete 
| 410|0x0000000099a00000, 0x0000000099b00000, 0x0000000099b00000|100%| E|CS|TAMS 0x0000000099a00000| PB 0x0000000099a00000| Complete 
| 411|0x0000000099b00000, 0x0000000099c00000, 0x0000000099c00000|100%| E|CS|TAMS 0x0000000099b00000| PB 0x0000000099b00000| Complete 
| 412|0x0000000099c00000, 0x0000000099d00000, 0x0000000099d00000|100%| E|CS|TAMS 0x0000000099c00000| PB 0x0000000099c00000| Complete 
| 413|0x0000000099d00000, 0x0000000099e00000, 0x0000000099e00000|100%| E|CS|TAMS 0x0000000099d00000| PB 0x0000000099d00000| Complete 
| 414|0x0000000099e00000, 0x0000000099f00000, 0x0000000099f00000|100%| E|CS|TAMS 0x0000000099e00000| PB 0x0000000099e00000| Complete 
| 415|0x0000000099f00000, 0x000000009a000000, 0x000000009a000000|100%| E|CS|TAMS 0x0000000099f00000| PB 0x0000000099f00000| Complete 
| 416|0x000000009a000000, 0x000000009a100000, 0x000000009a100000|100%| E|CS|TAMS 0x000000009a000000| PB 0x000000009a000000| Complete 
| 417|0x000000009a100000, 0x000000009a200000, 0x000000009a200000|100%| E|CS|TAMS 0x000000009a100000| PB 0x000000009a100000| Complete 
| 418|0x000000009a200000, 0x000000009a300000, 0x000000009a300000|100%| E|CS|TAMS 0x000000009a200000| PB 0x000000009a200000| Complete 
| 419|0x000000009a300000, 0x000000009a400000, 0x000000009a400000|100%| E|CS|TAMS 0x000000009a300000| PB 0x000000009a300000| Complete 
| 420|0x000000009a400000, 0x000000009a500000, 0x000000009a500000|100%| E|CS|TAMS 0x000000009a400000| PB 0x000000009a400000| Complete 
| 421|0x000000009a500000, 0x000000009a600000, 0x000000009a600000|100%| E|CS|TAMS 0x000000009a500000| PB 0x000000009a500000| Complete 
| 422|0x000000009a600000, 0x000000009a700000, 0x000000009a700000|100%| E|CS|TAMS 0x000000009a600000| PB 0x000000009a600000| Complete 
| 423|0x000000009a700000, 0x000000009a800000, 0x000000009a800000|100%| E|CS|TAMS 0x000000009a700000| PB 0x000000009a700000| Complete 
| 424|0x000000009a800000, 0x000000009a900000, 0x000000009a900000|100%| E|CS|TAMS 0x000000009a800000| PB 0x000000009a800000| Complete 
| 425|0x000000009a900000, 0x000000009aa00000, 0x000000009aa00000|100%| E|CS|TAMS 0x000000009a900000| PB 0x000000009a900000| Complete 
| 426|0x000000009aa00000, 0x000000009ab00000, 0x000000009ab00000|100%| E|CS|TAMS 0x000000009aa00000| PB 0x000000009aa00000| Complete 
| 427|0x000000009ab00000, 0x000000009ac00000, 0x000000009ac00000|100%| E|CS|TAMS 0x000000009ab00000| PB 0x000000009ab00000| Complete 
| 428|0x000000009ac00000, 0x000000009ad00000, 0x000000009ad00000|100%| E|CS|TAMS 0x000000009ac00000| PB 0x000000009ac00000| Complete 
| 429|0x000000009ad00000, 0x000000009ae00000, 0x000000009ae00000|100%| E|CS|TAMS 0x000000009ad00000| PB 0x000000009ad00000| Complete 
| 430|0x000000009ae00000, 0x000000009af00000, 0x000000009af00000|100%| E|CS|TAMS 0x000000009ae00000| PB 0x000000009ae00000| Complete 
| 431|0x000000009af00000, 0x000000009b000000, 0x000000009b000000|100%| E|CS|TAMS 0x000000009af00000| PB 0x000000009af00000| Complete 
| 432|0x000000009b000000, 0x000000009b100000, 0x000000009b100000|100%| E|CS|TAMS 0x000000009b000000| PB 0x000000009b000000| Complete 
| 433|0x000000009b100000, 0x000000009b200000, 0x000000009b200000|100%| E|CS|TAMS 0x000000009b100000| PB 0x000000009b100000| Complete 
| 434|0x000000009b200000, 0x000000009b300000, 0x000000009b300000|100%| E|CS|TAMS 0x000000009b200000| PB 0x000000009b200000| Complete 
| 435|0x000000009b300000, 0x000000009b400000, 0x000000009b400000|100%| E|CS|TAMS 0x000000009b300000| PB 0x000000009b300000| Complete 
| 436|0x000000009b400000, 0x000000009b500000, 0x000000009b500000|100%| E|CS|TAMS 0x000000009b400000| PB 0x000000009b400000| Complete 
| 437|0x000000009b500000, 0x000000009b600000, 0x000000009b600000|100%| E|CS|TAMS 0x000000009b500000| PB 0x000000009b500000| Complete 
| 438|0x000000009b600000, 0x000000009b700000, 0x000000009b700000|100%| E|CS|TAMS 0x000000009b600000| PB 0x000000009b600000| Complete 
| 439|0x000000009b700000, 0x000000009b800000, 0x000000009b800000|100%| E|CS|TAMS 0x000000009b700000| PB 0x000000009b700000| Complete 
| 440|0x000000009b800000, 0x000000009b900000, 0x000000009b900000|100%| E|CS|TAMS 0x000000009b800000| PB 0x000000009b800000| Complete 
| 441|0x000000009b900000, 0x000000009ba00000, 0x000000009ba00000|100%| E|CS|TAMS 0x000000009b900000| PB 0x000000009b900000| Complete 
| 442|0x000000009ba00000, 0x000000009bb00000, 0x000000009bb00000|100%| E|CS|TAMS 0x000000009ba00000| PB 0x000000009ba00000| Complete 
| 443|0x000000009bb00000, 0x000000009bc00000, 0x000000009bc00000|100%| E|CS|TAMS 0x000000009bb00000| PB 0x000000009bb00000| Complete 
| 444|0x000000009bc00000, 0x000000009bd00000, 0x000000009bd00000|100%| E|CS|TAMS 0x000000009bc00000| PB 0x000000009bc00000| Complete 
| 445|0x000000009bd00000, 0x000000009be00000, 0x000000009be00000|100%| E|CS|TAMS 0x000000009bd00000| PB 0x000000009bd00000| Complete 
| 446|0x000000009be00000, 0x000000009bf00000, 0x000000009bf00000|100%| E|CS|TAMS 0x000000009be00000| PB 0x000000009be00000| Complete 
| 447|0x000000009bf00000, 0x000000009c000000, 0x000000009c000000|100%| E|CS|TAMS 0x000000009bf00000| PB 0x000000009bf00000| Complete 
| 448|0x000000009c000000, 0x000000009c100000, 0x000000009c100000|100%| E|CS|TAMS 0x000000009c000000| PB 0x000000009c000000| Complete 
| 449|0x000000009c100000, 0x000000009c200000, 0x000000009c200000|100%| E|CS|TAMS 0x000000009c100000| PB 0x000000009c100000| Complete 
| 450|0x000000009c200000, 0x000000009c300000, 0x000000009c300000|100%| E|CS|TAMS 0x000000009c200000| PB 0x000000009c200000| Complete 
| 451|0x000000009c300000, 0x000000009c400000, 0x000000009c400000|100%| E|CS|TAMS 0x000000009c300000| PB 0x000000009c300000| Complete 
| 452|0x000000009c400000, 0x000000009c500000, 0x000000009c500000|100%| E|CS|TAMS 0x000000009c400000| PB 0x000000009c400000| Complete 
| 453|0x000000009c500000, 0x000000009c600000, 0x000000009c600000|100%| E|CS|TAMS 0x000000009c500000| PB 0x000000009c500000| Complete 
| 454|0x000000009c600000, 0x000000009c700000, 0x000000009c700000|100%| E|CS|TAMS 0x000000009c600000| PB 0x000000009c600000| Complete 
| 455|0x000000009c700000, 0x000000009c800000, 0x000000009c800000|100%| E|CS|TAMS 0x000000009c700000| PB 0x000000009c700000| Complete 
| 456|0x000000009c800000, 0x000000009c900000, 0x000000009c900000|100%| E|CS|TAMS 0x000000009c800000| PB 0x000000009c800000| Complete 
| 457|0x000000009c900000, 0x000000009ca00000, 0x000000009ca00000|100%| E|CS|TAMS 0x000000009c900000| PB 0x000000009c900000| Complete 
| 458|0x000000009ca00000, 0x000000009cb00000, 0x000000009cb00000|100%| E|CS|TAMS 0x000000009ca00000| PB 0x000000009ca00000| Complete 
| 459|0x000000009cb00000, 0x000000009cc00000, 0x000000009cc00000|100%| E|CS|TAMS 0x000000009cb00000| PB 0x000000009cb00000| Complete 
| 460|0x000000009cc00000, 0x000000009cd00000, 0x000000009cd00000|100%| E|CS|TAMS 0x000000009cc00000| PB 0x000000009cc00000| Complete 
| 461|0x000000009cd00000, 0x000000009ce00000, 0x000000009ce00000|100%| E|CS|TAMS 0x000000009cd00000| PB 0x000000009cd00000| Complete 
| 462|0x000000009ce00000, 0x000000009cf00000, 0x000000009cf00000|100%| E|CS|TAMS 0x000000009ce00000| PB 0x000000009ce00000| Complete 
| 463|0x000000009cf00000, 0x000000009d000000, 0x000000009d000000|100%| E|CS|TAMS 0x000000009cf00000| PB 0x000000009cf00000| Complete 
| 464|0x000000009d000000, 0x000000009d100000, 0x000000009d100000|100%| E|CS|TAMS 0x000000009d000000| PB 0x000000009d000000| Complete 
| 465|0x000000009d100000, 0x000000009d200000, 0x000000009d200000|100%| E|CS|TAMS 0x000000009d100000| PB 0x000000009d100000| Complete 
| 466|0x000000009d200000, 0x000000009d300000, 0x000000009d300000|100%| E|CS|TAMS 0x000000009d200000| PB 0x000000009d200000| Complete 
| 467|0x000000009d300000, 0x000000009d400000, 0x000000009d400000|100%| E|CS|TAMS 0x000000009d300000| PB 0x000000009d300000| Complete 
| 468|0x000000009d400000, 0x000000009d500000, 0x000000009d500000|100%| E|CS|TAMS 0x000000009d400000| PB 0x000000009d400000| Complete 
| 469|0x000000009d500000, 0x000000009d600000, 0x000000009d600000|100%| E|CS|TAMS 0x000000009d500000| PB 0x000000009d500000| Complete 
| 470|0x000000009d600000, 0x000000009d700000, 0x000000009d700000|100%| E|CS|TAMS 0x000000009d600000| PB 0x000000009d600000| Complete 
| 471|0x000000009d700000, 0x000000009d781140, 0x000000009d800000| 50%| S|CS|TAMS 0x000000009d700000| PB 0x000000009d700000| Complete 
| 472|0x000000009d800000, 0x000000009d900000, 0x000000009d900000|100%| S|CS|TAMS 0x000000009d800000| PB 0x000000009d800000| Complete 
| 473|0x000000009d900000, 0x000000009da00000, 0x000000009da00000|100%| E|CS|TAMS 0x000000009d900000| PB 0x000000009d900000| Complete 
| 474|0x000000009da00000, 0x000000009db00000, 0x000000009db00000|100%| E|CS|TAMS 0x000000009da00000| PB 0x000000009da00000| Complete 
| 475|0x000000009db00000, 0x000000009dc00000, 0x000000009dc00000|100%| E|CS|TAMS 0x000000009db00000| PB 0x000000009db00000| Complete 
| 476|0x000000009dc00000, 0x000000009dd00000, 0x000000009dd00000|100%| E|CS|TAMS 0x000000009dc00000| PB 0x000000009dc00000| Complete 
| 477|0x000000009dd00000, 0x000000009de00000, 0x000000009de00000|100%| E|CS|TAMS 0x000000009dd00000| PB 0x000000009dd00000| Complete 
| 478|0x000000009de00000, 0x000000009df00000, 0x000000009df00000|100%| E|CS|TAMS 0x000000009de00000| PB 0x000000009de00000| Complete 
| 479|0x000000009df00000, 0x000000009e000000, 0x000000009e000000|100%| E|CS|TAMS 0x000000009df00000| PB 0x000000009df00000| Complete 
| 480|0x000000009e000000, 0x000000009e100000, 0x000000009e100000|100%| E|CS|TAMS 0x000000009e000000| PB 0x000000009e000000| Complete 
| 481|0x000000009e100000, 0x000000009e200000, 0x000000009e200000|100%| E|CS|TAMS 0x000000009e100000| PB 0x000000009e100000| Complete 
| 482|0x000000009e200000, 0x000000009e300000, 0x000000009e300000|100%| E|CS|TAMS 0x000000009e200000| PB 0x000000009e200000| Complete 
| 483|0x000000009e300000, 0x000000009e400000, 0x000000009e400000|100%| E|CS|TAMS 0x000000009e300000| PB 0x000000009e300000| Complete 
| 484|0x000000009e400000, 0x000000009e500000, 0x000000009e500000|100%| E|CS|TAMS 0x000000009e400000| PB 0x000000009e400000| Complete 
| 485|0x000000009e500000, 0x000000009e600000, 0x000000009e600000|100%| E|CS|TAMS 0x000000009e500000| PB 0x000000009e500000| Complete 
| 486|0x000000009e600000, 0x000000009e700000, 0x000000009e700000|100%| E|CS|TAMS 0x000000009e600000| PB 0x000000009e600000| Complete 
| 487|0x000000009e700000, 0x000000009e800000, 0x000000009e800000|100%| E|  |TAMS 0x000000009e700000| PB 0x000000009e700000| Complete 
| 488|0x000000009e800000, 0x000000009e900000, 0x000000009e900000|100%| E|CS|TAMS 0x000000009e800000| PB 0x000000009e800000| Complete 
| 489|0x000000009e900000, 0x000000009ea00000, 0x000000009ea00000|100%| E|CS|TAMS 0x000000009e900000| PB 0x000000009e900000| Complete 
| 490|0x000000009ea00000, 0x000000009eb00000, 0x000000009eb00000|100%| E|CS|TAMS 0x000000009ea00000| PB 0x000000009ea00000| Complete 
| 491|0x000000009eb00000, 0x000000009ec00000, 0x000000009ec00000|100%| E|CS|TAMS 0x000000009eb00000| PB 0x000000009eb00000| Complete 
| 492|0x000000009ec00000, 0x000000009ed00000, 0x000000009ed00000|100%| E|CS|TAMS 0x000000009ec00000| PB 0x000000009ec00000| Complete 
| 493|0x000000009ed00000, 0x000000009ee00000, 0x000000009ee00000|100%| E|CS|TAMS 0x000000009ed00000| PB 0x000000009ed00000| Complete 
| 494|0x000000009ee00000, 0x000000009ef00000, 0x000000009ef00000|100%| E|CS|TAMS 0x000000009ee00000| PB 0x000000009ee00000| Complete 
| 495|0x000000009ef00000, 0x000000009f000000, 0x000000009f000000|100%| E|CS|TAMS 0x000000009ef00000| PB 0x000000009ef00000| Complete 
| 496|0x000000009f000000, 0x000000009f100000, 0x000000009f100000|100%| E|CS|TAMS 0x000000009f000000| PB 0x000000009f000000| Complete 
| 497|0x000000009f100000, 0x000000009f200000, 0x000000009f200000|100%| E|CS|TAMS 0x000000009f100000| PB 0x000000009f100000| Complete 
| 498|0x000000009f200000, 0x000000009f300000, 0x000000009f300000|100%| E|CS|TAMS 0x000000009f200000| PB 0x000000009f200000| Complete 
| 499|0x000000009f300000, 0x000000009f400000, 0x000000009f400000|100%| E|CS|TAMS 0x000000009f300000| PB 0x000000009f300000| Complete 
| 500|0x000000009f400000, 0x000000009f500000, 0x000000009f500000|100%| E|CS|TAMS 0x000000009f400000| PB 0x000000009f400000| Complete 
| 501|0x000000009f500000, 0x000000009f600000, 0x000000009f600000|100%| E|CS|TAMS 0x000000009f500000| PB 0x000000009f500000| Complete 
| 502|0x000000009f600000, 0x000000009f700000, 0x000000009f700000|100%| E|CS|TAMS 0x000000009f600000| PB 0x000000009f600000| Complete 
| 503|0x000000009f700000, 0x000000009f800000, 0x000000009f800000|100%| E|CS|TAMS 0x000000009f700000| PB 0x000000009f700000| Complete 
| 504|0x000000009f800000, 0x000000009f900000, 0x000000009f900000|100%| E|CS|TAMS 0x000000009f800000| PB 0x000000009f800000| Complete 
| 505|0x000000009f900000, 0x000000009fa00000, 0x000000009fa00000|100%| E|CS|TAMS 0x000000009f900000| PB 0x000000009f900000| Complete 
| 506|0x000000009fa00000, 0x000000009fb00000, 0x000000009fb00000|100%| E|CS|TAMS 0x000000009fa00000| PB 0x000000009fa00000| Complete 
| 507|0x000000009fb00000, 0x000000009fc00000, 0x000000009fc00000|100%| E|CS|TAMS 0x000000009fb00000| PB 0x000000009fb00000| Complete 

Card table byte_map: [0x000001fe7efd0000,0x000001fe7f3d0000] _byte_map_base: 0x000001fe7ebd0000

Marking Bits: (CMBitMap*) 0x000001fe7e83f330
 Bits: [0x000001fe12140000, 0x000001fe14140000)

Polling page: 0x000001fe7c600000

Metaspace:

Usage:
  Non-class:     14.77 MB used.
      Class:      2.49 MB used.
       Both:     17.26 MB used.

Virtual space:
  Non-class space:       64.00 MB reserved,      15.06 MB ( 24%) committed,  1 nodes.
      Class space:      416.00 MB reserved,       2.75 MB ( <1%) committed,  1 nodes.
             Both:      480.00 MB reserved,      17.81 MB (  4%) committed. 

Chunk freelists:
   Non-Class:  995.00 KB
       Class:  13.29 MB
        Both:  14.26 MB

MaxMetaspaceSize: 512.00 MB
CompressedClassSpaceSize: 416.00 MB
Initial GC threshold: 21.00 MB
Current GC threshold: 21.00 MB
CDS: on
 - commit_granule_bytes: 65536.
 - commit_granule_words: 8192.
 - virtual_space_node_default_size: 8388608.
 - enlarge_chunks_in_place: 1.
 - use_allocation_guard: 0.


Internal statistics:

num_allocs_failed_limit: 0.
num_arena_births: 736.
num_arena_deaths: 0.
num_vsnodes_births: 2.
num_vsnodes_deaths: 0.
num_space_committed: 285.
num_space_uncommitted: 0.
num_chunks_returned_to_freelist: 0.
num_chunks_taken_from_freelist: 1388.
num_chunk_merges: 0.
num_chunk_splits: 904.
num_chunks_enlarged: 605.
num_inconsistent_stats: 0.

CodeHeap 'non-profiled nmethods': size=120000Kb used=1367Kb max_used=1367Kb free=118632Kb
 bounds [0x000001fe0ac10000, 0x000001fe0ae80000, 0x000001fe12140000]
CodeHeap 'profiled nmethods': size=120000Kb used=5612Kb max_used=5612Kb free=114387Kb
 bounds [0x000001fe03140000, 0x000001fe036c0000, 0x000001fe0a670000]
CodeHeap 'non-nmethods': size=5760Kb used=1549Kb max_used=1572Kb free=4210Kb
 bounds [0x000001fe0a670000, 0x000001fe0a8e0000, 0x000001fe0ac10000]
CodeCache: size=245760Kb, used=8528Kb, max_used=8551Kb, free=237229Kb
 total_blobs=3411, nmethods=2839, adapters=476, full_count=0
Compilation: enabled, stopped_count=0, restarted_count=0

Compilation events (20 events):
Event: 6.906 Thread 0x000001fe16261b10 2835       3       java.lang.invoke.LambdaForm::create (14 bytes)
Event: 6.906 Thread 0x000001fe16261b10 nmethod 2835 0x000001fe036b6e10 code [0x000001fe036b6fc0, 0x000001fe036b70f0]
Event: 6.906 Thread 0x000001fe16261b10 2836       3       java.lang.invoke.LambdaFormBuffer::setNames (22 bytes)
Event: 6.907 Thread 0x000001fe16261b10 nmethod 2836 0x000001fe036b7190 code [0x000001fe036b7340, 0x000001fe036b7518]
Event: 6.907 Thread 0x000001fe16261b10 2837       3       java.lang.invoke.LambdaFormBuffer::nameArray (15 bytes)
Event: 6.907 Thread 0x000001fe16261b10 nmethod 2837 0x000001fe036b7610 code [0x000001fe036b77e0, 0x000001fe036b7ab0]
Event: 6.907 Thread 0x000001fe16261b10 2838       3       java.lang.invoke.LambdaFormBuffer::resultIndex (41 bytes)
Event: 6.908 Thread 0x000001fe16261b10 nmethod 2838 0x000001fe036b7b90 code [0x000001fe036b7d40, 0x000001fe036b8000]
Event: 6.908 Thread 0x000001fe16261b10 2839       3       java.lang.invoke.MethodType::methodType (44 bytes)
Event: 6.908 Thread 0x000001fe16261b10 nmethod 2839 0x000001fe036b8110 code [0x000001fe036b8300, 0x000001fe036b87a8]
Event: 6.910 Thread 0x000001fe16261b10 2840       3       java.lang.invoke.ClassSpecializer$SpeciesData::fieldCount (10 bytes)
Event: 6.910 Thread 0x000001fe16261b10 nmethod 2840 0x000001fe036b8910 code [0x000001fe036b8ac0, 0x000001fe036b8c98]
Event: 6.915 Thread 0x000001fe16261b10 2841       3       java.lang.invoke.LambdaFormBuffer::replaceFunctions (121 bytes)
Event: 6.916 Thread 0x000001fe16261b10 nmethod 2841 0x000001fe036b8d90 code [0x000001fe036b8fe0, 0x000001fe036b9988]
Event: 6.916 Thread 0x000001fe16261b10 2842       3       java.lang.invoke.LambdaForm$NamedFunction::<init> (10 bytes)
Event: 6.916 Thread 0x000001fe16261b10 nmethod 2842 0x000001fe036b9d10 code [0x000001fe036b9ee0, 0x000001fe036ba238]
Event: 6.953 Thread 0x000001fe16261b10 2843       3       java.lang.invoke.LambdaFormBuffer::lambdaForm (37 bytes)
Event: 6.953 Thread 0x000001fe16261b10 nmethod 2843 0x000001fe036ba390 code [0x000001fe036ba580, 0x000001fe036ba960]
Event: 6.955 Thread 0x000001fe16261b10 2844       3       jdk.internal.org.objectweb.asm.Frame::addInitializedType (77 bytes)
Event: 6.955 Thread 0x000001fe16261b10 nmethod 2844 0x000001fe036bab10 code [0x000001fe036bace0, 0x000001fe036bb1e0]

GC Heap History (4 events):
Event: 1.495 GC heap before
{Heap before GC invocations=0 (full 0):
 garbage-first heap   total 520192K, used 29696K [0x0000000080000000, 0x0000000100000000)
  region size 1024K, 25 young (25600K), 0 survivors (0K)
 Metaspace       used 1646K, committed 1856K, reserved 491520K
  class space    used 155K, committed 256K, reserved 425984K
}
Event: 1.503 GC heap after
{Heap after GC invocations=1 (full 0):
 garbage-first heap   total 520192K, used 10420K [0x0000000080000000, 0x0000000100000000)
  region size 1024K, 4 young (4096K), 4 survivors (4096K)
 Metaspace       used 1646K, committed 1856K, reserved 491520K
  class space    used 155K, committed 256K, reserved 425984K
}
Event: 2.566 GC heap before
{Heap before GC invocations=1 (full 0):
 garbage-first heap   total 520192K, used 42164K [0x0000000080000000, 0x0000000100000000)
  region size 1024K, 35 young (35840K), 4 survivors (4096K)
 Metaspace       used 4286K, committed 4480K, reserved 491520K
  class space    used 545K, committed 640K, reserved 425984K
}
Event: 2.570 GC heap after
{Heap after GC invocations=2 (full 0):
 garbage-first heap   total 520192K, used 12442K [0x0000000080000000, 0x0000000100000000)
  region size 1024K, 2 young (2048K), 2 survivors (2048K)
 Metaspace       used 4286K, committed 4480K, reserved 491520K
  class space    used 545K, committed 640K, reserved 425984K
}

Dll operation events (14 events):
Event: 0.018 Loaded shared library C:\Users\notai\.vscode\extensions\redhat.java-1.54.0-win32-x64\jre\21.0.10-win32-x86_64\bin\java.dll
Event: 0.376 Loaded shared library C:\Users\notai\.vscode\extensions\redhat.java-1.54.0-win32-x64\jre\21.0.10-win32-x86_64\bin\zip.dll
Event: 0.473 Loaded shared library C:\Users\notai\.vscode\extensions\redhat.java-1.54.0-win32-x64\jre\21.0.10-win32-x86_64\bin\instrument.dll
Event: 0.524 Loaded shared library C:\Users\notai\.vscode\extensions\redhat.java-1.54.0-win32-x64\jre\21.0.10-win32-x86_64\bin\net.dll
Event: 0.529 Loaded shared library C:\Users\notai\.vscode\extensions\redhat.java-1.54.0-win32-x64\jre\21.0.10-win32-x86_64\bin\nio.dll
Event: 0.535 Loaded shared library C:\Users\notai\.vscode\extensions\redhat.java-1.54.0-win32-x64\jre\21.0.10-win32-x86_64\bin\zip.dll
Event: 1.089 Loaded shared library C:\Users\notai\.vscode\extensions\redhat.java-1.54.0-win32-x64\jre\21.0.10-win32-x86_64\bin\jimage.dll
Event: 1.383 Loaded shared library C:\Users\notai\.vscode\extensions\redhat.java-1.54.0-win32-x64\jre\21.0.10-win32-x86_64\bin\verify.dll
Event: 1.656 Loaded shared library C:\Users\notai\.gradle\native\c067742578af261105cb4f569cf0c3c89f3d7b1fecec35dd04571415982c5e48\windows-amd64\native-platform.dll
Event: 1.666 Loaded shared library C:\Users\notai\.gradle\native\100fb08df4bc3b14c8652ba06237920a3bd2aa13389f12d3474272988ae205f9\windows-amd64\native-platform-file-events.dll
Event: 3.516 Loaded shared library C:\Users\notai\.vscode\extensions\redhat.java-1.54.0-win32-x64\jre\21.0.10-win32-x86_64\bin\management.dll
Event: 3.520 Loaded shared library C:\Users\notai\.vscode\extensions\redhat.java-1.54.0-win32-x64\jre\21.0.10-win32-x86_64\bin\management_ext.dll
Event: 3.904 Loaded shared library C:\Users\notai\.vscode\extensions\redhat.java-1.54.0-win32-x64\jre\21.0.10-win32-x86_64\bin\extnet.dll
Event: 4.153 Loaded shared library C:\Users\notai\.vscode\extensions\redhat.java-1.54.0-win32-x64\jre\21.0.10-win32-x86_64\bin\sunmscapi.dll

Deoptimization events (20 events):
Event: 4.821 Thread 0x000001fe37015300 DEOPT PACKING pc=0x000001fe0ac9c5b0 sp=0x000000c9fb9fbb70
Event: 4.821 Thread 0x000001fe37015300 DEOPT UNPACKING pc=0x000001fe0a6c7ba2 sp=0x000000c9fb9fbad8 mode 2
Event: 5.336 Thread 0x000001fe37015300 Uncommon trap: trap_request=0xffffffde fr.pc=0x000001fe0acdc464 relative=0x0000000000000304
Event: 5.336 Thread 0x000001fe37015300 Uncommon trap: reason=class_check action=maybe_recompile pc=0x000001fe0acdc464 method=java.util.regex.Pattern$BmpCharPropertyGreedy.match(Ljava/util/regex/Matcher;ILjava/lang/CharSequence;)Z @ 26 c2
Event: 5.336 Thread 0x000001fe37015300 DEOPT PACKING pc=0x000001fe0acdc464 sp=0x000000c9fb9fc1c0
Event: 5.336 Thread 0x000001fe37015300 DEOPT UNPACKING pc=0x000001fe0a6c7ba2 sp=0x000000c9fb9fc178 mode 2
Event: 5.336 Thread 0x000001fe37015300 Uncommon trap: trap_request=0xffffffde fr.pc=0x000001fe0acdc464 relative=0x0000000000000304
Event: 5.336 Thread 0x000001fe37015300 Uncommon trap: reason=class_check action=maybe_recompile pc=0x000001fe0acdc464 method=java.util.regex.Pattern$BmpCharPropertyGreedy.match(Ljava/util/regex/Matcher;ILjava/lang/CharSequence;)Z @ 26 c2
Event: 5.336 Thread 0x000001fe37015300 DEOPT PACKING pc=0x000001fe0acdc464 sp=0x000000c9fb9fc130
Event: 5.336 Thread 0x000001fe37015300 DEOPT UNPACKING pc=0x000001fe0a6c7ba2 sp=0x000000c9fb9fc0e8 mode 2
Event: 6.240 Thread 0x000001fe37015300 Uncommon trap: trap_request=0xffffff45 fr.pc=0x000001fe0ac37598 relative=0x0000000000000e18
Event: 6.240 Thread 0x000001fe37015300 Uncommon trap: reason=unstable_if action=reinterpret pc=0x000001fe0ac37598 method=java.io.WinNTFileSystem.resolve(Ljava/lang/String;Ljava/lang/String;)Ljava/lang/String; @ 19 c2
Event: 6.240 Thread 0x000001fe37015300 DEOPT PACKING pc=0x000001fe0ac37598 sp=0x000000c9fb9fb8f0
Event: 6.240 Thread 0x000001fe37015300 DEOPT UNPACKING pc=0x000001fe0a6c7ba2 sp=0x000000c9fb9fb888 mode 2
Event: 6.246 Thread 0x000001fe37015300 DEOPT PACKING pc=0x000001fe032215d9 sp=0x000000c9fb9fb0f0
Event: 6.246 Thread 0x000001fe37015300 DEOPT UNPACKING pc=0x000001fe0a6c86e2 sp=0x000000c9fb9fa588 mode 0
Event: 6.247 Thread 0x000001fe37015300 Uncommon trap: trap_request=0xffffff45 fr.pc=0x000001fe0acaafe4 relative=0x0000000000000684
Event: 6.247 Thread 0x000001fe37015300 Uncommon trap: reason=unstable_if action=reinterpret pc=0x000001fe0acaafe4 method=java.io.File.getName()Ljava/lang/String; @ 16 c2
Event: 6.247 Thread 0x000001fe37015300 DEOPT PACKING pc=0x000001fe0acaafe4 sp=0x000000c9fb9fb8b0
Event: 6.247 Thread 0x000001fe37015300 DEOPT UNPACKING pc=0x000001fe0a6c7ba2 sp=0x000000c9fb9fb880 mode 2

Classes loaded (20 events):
Event: 6.553 Loading class java/lang/invoke/BoundMethodHandle$Species_LLLLLLLLLLLLLLLLLLLLLL
Event: 6.553 Loading class java/lang/invoke/BoundMethodHandle$Species_LLLLLLLLLLLLLLLLLLLLLL done
Event: 6.557 Loading class java/lang/invoke/BoundMethodHandle$Species_LLLLLLLLLLLLLLLLLLLLLLL
Event: 6.557 Loading class java/lang/invoke/BoundMethodHandle$Species_LLLLLLLLLLLLLLLLLLLLLLL done
Event: 6.719 Loading class java/util/function/LongFunction
Event: 6.719 Loading class java/util/function/LongFunction done
Event: 6.790 Loading class java/security/InvalidKeyException
Event: 6.790 Loading class java/security/KeyException
Event: 6.790 Loading class java/security/KeyException done
Event: 6.790 Loading class java/security/InvalidKeyException done
Event: 6.934 Loading class java/io/ObjectInputStream
Event: 6.935 Loading class java/io/ObjectInput
Event: 6.935 Loading class java/io/ObjectInput done
Event: 6.935 Loading class java/io/ObjectStreamConstants
Event: 6.935 Loading class java/io/ObjectStreamConstants done
Event: 6.935 Loading class java/io/ObjectInputStream done
Event: 6.938 Loading class java/io/ObjectOutputStream
Event: 6.938 Loading class java/io/ObjectOutput
Event: 6.938 Loading class java/io/ObjectOutput done
Event: 6.938 Loading class java/io/ObjectOutputStream done

Classes unloaded (0 events):
No events

Classes redefined (0 events):
No events

Internal exceptions (20 events):
Event: 6.325 Thread 0x000001fe37015300 Exception <a 'java/lang/NoSuchMethodError'{0x000000009a371518}: 'int java.lang.invoke.DirectMethodHandle$Holder.invokeSpecialIFC(java.lang.Object, java.lang.Object, java.lang.Object, java.lang.Object)'> (0x000000009a371518) 
thrown [s\src\hotspot\share\interpreter\linkResolver.cpp, line 773]
Event: 6.327 Thread 0x000001fe37015300 Exception <a 'java/lang/NoSuchMethodError'{0x000000009a37e9b0}: 'java.lang.Object java.lang.invoke.DirectMethodHandle$Holder.invokeInterface(java.lang.Object, java.lang.Object, java.lang.Object)'> (0x000000009a37e9b0) 
thrown [s\src\hotspot\share\interpreter\linkResolver.cpp, line 773]
Event: 6.328 Thread 0x000001fe37015300 Exception <a 'java/lang/IncompatibleClassChangeError'{0x000000009a382578}: Found class java.lang.Object, but interface was expected> (0x000000009a382578) 
thrown [s\src\hotspot\share\interpreter\linkResolver.cpp, line 840]
Event: 6.410 Thread 0x000001fe37015300 Exception <a 'java/lang/NoSuchMethodError'{0x000000009a16ff30}: 'int java.lang.invoke.DirectMethodHandle$Holder.invokeStatic(java.lang.Object, java.lang.Object, java.lang.Object, java.lang.Object)'> (0x000000009a16ff30) 
thrown [s\src\hotspot\share\interpreter\linkResolver.cpp, line 773]
Event: 6.508 Thread 0x000001fe37015300 Exception <a 'java/lang/NoSuchMethodError'{0x0000000099f47c98}: 'java.lang.Object java.lang.invoke.DelegatingMethodHandle$Holder.reinvoke_L(java.lang.Object, java.lang.Object, java.lang.Object, java.lang.Object, java.lang.Object, java.lang.Object, java.lang.Object, java.lang.Object, java.lang.Object, java.lang.Object, java.lang.Object, java.lang.Object, java.lang.Object, java.lang.Object, java.lang.Object, java.lang.Object, java.lang.Object, java.lang.Object, java.lang.Object, java.lang.Object, java.lang.O
Event: 6.520 Thread 0x000001fe37015300 Exception <a 'java/lang/NoSuchMethodError'{0x0000000099fb5af0}: 'java.lang.Object java.lang.invoke.DirectMethodHandle$Holder.invokeStatic(java.lang.Object, java.lang.Object, java.lang.Object, java.lang.Object, java.lang.Object, java.lang.Object, java.lang.Object, java.lang.Object, java.lang.Object, java.lang.Object, java.lang.Object, java.lang.Object, java.lang.Object, java.lang.Object, java.lang.Object, java.lang.Object, java.lang.Object)'> (0x0000000099fb5af0) 
thrown [s\src\hotspot\share\interpreter\lin
Event: 6.523 Thread 0x000001fe37015300 Exception <a 'java/lang/NoSuchMethodError'{0x0000000099fde880}: 'java.lang.Object java.lang.invoke.DirectMethodHandle$Holder.invokeStatic(java.lang.Object, java.lang.Object, java.lang.Object, java.lang.Object, java.lang.Object, java.lang.Object, java.lang.Object, java.lang.Object, java.lang.Object, java.lang.Object, java.lang.Object, java.lang.Object, java.lang.Object, java.lang.Object, java.lang.Object, java.lang.Object, java.lang.Object, java.lang.Object)'> (0x0000000099fde880) 
thrown [s\src\hotspot\sha
Event: 6.531 Thread 0x000001fe37015300 Exception <a 'java/lang/NoSuchMethodError'{0x0000000099e08b98}: 'java.lang.Object java.lang.invoke.DirectMethodHandle$Holder.invokeStatic(java.lang.Object, java.lang.Object, java.lang.Object, java.lang.Object, java.lang.Object, java.lang.Object, java.lang.Object, java.lang.Object, java.lang.Object, java.lang.Object, java.lang.Object, java.lang.Object, java.lang.Object, java.lang.Object, java.lang.Object, java.lang.Object, java.lang.Object, java.lang.Object, java.lang.Object)'> (0x0000000099e08b98) 
thrown 
Event: 6.534 Thread 0x000001fe37015300 Exception <a 'java/lang/NoSuchMethodError'{0x0000000099e340f0}: 'java.lang.Object java.lang.invoke.DirectMethodHandle$Holder.invokeStatic(java.lang.Object, java.lang.Object, java.lang.Object, java.lang.Object, java.lang.Object, java.lang.Object, java.lang.Object, java.lang.Object, java.lang.Object, java.lang.Object, java.lang.Object, java.lang.Object, java.lang.Object, java.lang.Object, java.lang.Object, java.lang.Object, java.lang.Object, java.lang.Object, java.lang.Object, java.lang.Object)'> (0x00000000
Event: 6.537 Thread 0x000001fe37015300 Exception <a 'java/lang/NoSuchMethodError'{0x0000000099e60828}: 'java.lang.Object java.lang.invoke.DirectMethodHandle$Holder.invokeStatic(java.lang.Object, java.lang.Object, java.lang.Object, java.lang.Object, java.lang.Object, java.lang.Object, java.lang.Object, java.lang.Object, java.lang.Object, java.lang.Object, java.lang.Object, java.lang.Object, java.lang.Object, java.lang.Object, java.lang.Object, java.lang.Object, java.lang.Object, java.lang.Object, java.lang.Object, java.lang.Object, java.lang.Obj
Event: 6.541 Thread 0x000001fe37015300 Exception <a 'java/lang/NoSuchMethodError'{0x0000000099e8e290}: 'java.lang.Object java.lang.invoke.DirectMethodHandle$Holder.invokeStatic(java.lang.Object, java.lang.Object, java.lang.Object, java.lang.Object, java.lang.Object, java.lang.Object, java.lang.Object, java.lang.Object, java.lang.Object, java.lang.Object, java.lang.Object, java.lang.Object, java.lang.Object, java.lang.Object, java.lang.Object, java.lang.Object, java.lang.Object, java.lang.Object, java.lang.Object, java.lang.Object, java.lang.Obj
Event: 6.547 Thread 0x000001fe37015300 Exception <a 'java/lang/NoSuchMethodError'{0x0000000099ebc550}: 'java.lang.Object java.lang.invoke.DirectMethodHandle$Holder.invokeStatic(java.lang.Object, java.lang.Object, java.lang.Object, java.lang.Object, java.lang.Object, java.lang.Object, java.lang.Object, java.lang.Object, java.lang.Object, java.lang.Object, java.lang.Object, java.lang.Object, java.lang.Object, java.lang.Object, java.lang.Object, java.lang.Object, java.lang.Object, java.lang.Object, java.lang.Object, java.lang.Object, java.lang.Obj
Event: 6.551 Thread 0x000001fe37015300 Exception <a 'java/lang/NoSuchMethodError'{0x0000000099eeb7b8}: 'java.lang.Object java.lang.invoke.DirectMethodHandle$Holder.invokeStatic(java.lang.Object, java.lang.Object, java.lang.Object, java.lang.Object, java.lang.Object, java.lang.Object, java.lang.Object, java.lang.Object, java.lang.Object, java.lang.Object, java.lang.Object, java.lang.Object, java.lang.Object, java.lang.Object, java.lang.Object, java.lang.Object, java.lang.Object, java.lang.Object, java.lang.Object, java.lang.Object, java.lang.Obj
Event: 6.555 Thread 0x000001fe37015300 Exception <a 'java/lang/NoSuchMethodError'{0x0000000099d1b810}: 'java.lang.Object java.lang.invoke.DirectMethodHandle$Holder.invokeStatic(java.lang.Object, java.lang.Object, java.lang.Object, java.lang.Object, java.lang.Object, java.lang.Object, java.lang.Object, java.lang.Object, java.lang.Object, java.lang.Object, java.lang.Object, java.lang.Object, java.lang.Object, java.lang.Object, java.lang.Object, java.lang.Object, java.lang.Object, java.lang.Object, java.lang.Object, java.lang.Object, java.lang.Obj
Event: 6.559 Thread 0x000001fe37015300 Exception <a 'java/lang/NoSuchMethodError'{0x0000000099d4cf50}: 'java.lang.Object java.lang.invoke.DirectMethodHandle$Holder.invokeStatic(java.lang.Object, java.lang.Object, java.lang.Object, java.lang.Object, java.lang.Object, java.lang.Object, java.lang.Object, java.lang.Object, java.lang.Object, java.lang.Object, java.lang.Object, java.lang.Object, java.lang.Object, java.lang.Object, java.lang.Object, java.lang.Object, java.lang.Object, java.lang.Object, java.lang.Object, java.lang.Object, java.lang.Obj
Event: 6.889 Thread 0x000001fe37015300 Exception <a 'java/lang/IncompatibleClassChangeError'{0x000000009956f670}: Found class java.lang.Object, but interface was expected> (0x000000009956f670) 
thrown [s\src\hotspot\share\interpreter\linkResolver.cpp, line 840]
Event: 6.904 Thread 0x000001fe37015300 Exception <a 'java/lang/NoSuchMethodError'{0x00000000995a3c90}: 'java.lang.Object java.lang.invoke.DirectMethodHandle$Holder.newInvokeSpecial(java.lang.Object, java.lang.Object, java.lang.Object, java.lang.Object, java.lang.Object, java.lang.Object, java.lang.Object, java.lang.Object, java.lang.Object, java.lang.Object, java.lang.Object, java.lang.Object, java.lang.Object)'> (0x00000000995a3c90) 
thrown [s\src\hotspot\share\interpreter\linkResolver.cpp, line 773]
Event: 6.904 Thread 0x000001fe37015300 Exception <a 'java/lang/NoSuchMethodError'{0x00000000995a9200}: 'java.lang.Object java.lang.invoke.DirectMethodHandle$Holder.invokeSpecial(java.lang.Object, java.lang.Object, java.lang.Object, java.lang.Object, java.lang.Object, java.lang.Object, java.lang.Object, java.lang.Object, java.lang.Object, java.lang.Object, java.lang.Object, java.lang.Object, java.lang.Object, java.lang.Object)'> (0x00000000995a9200) 
thrown [s\src\hotspot\share\interpreter\linkResolver.cpp, line 773]
Event: 6.905 Thread 0x000001fe37015300 Exception <a 'java/lang/NoSuchMethodError'{0x00000000995ada00}: 'java.lang.Object java.lang.invoke.DelegatingMethodHandle$Holder.reinvoke_L(java.lang.Object, java.lang.Object, java.lang.Object, java.lang.Object, java.lang.Object, java.lang.Object, java.lang.Object, java.lang.Object, java.lang.Object, java.lang.Object, java.lang.Object, java.lang.Object, java.lang.Object)'> (0x00000000995ada00) 
thrown [s\src\hotspot\share\interpreter\linkResolver.cpp, line 773]
Event: 6.962 Thread 0x000001fe37015300 Exception <a 'java/lang/NoSuchMethodError'{0x00000000994dd070}: 'java.lang.Object java.lang.invoke.DirectMethodHandle$Holder.newInvokeSpecial(java.lang.Object, java.lang.Object, java.lang.Object, java.lang.Object, java.lang.Object, java.lang.Object, java.lang.Object, java.lang.Object)'> (0x00000000994dd070) 
thrown [s\src\hotspot\share\interpreter\linkResolver.cpp, line 773]

ZGC Phase Switch (0 events):
No events

VM Operations (20 events):
Event: 3.800 Executing non-safepoint VM operation: HandshakeAllThreads (Deoptimize)
Event: 3.800 Executing non-safepoint VM operation: HandshakeAllThreads (Deoptimize) done
Event: 3.870 Executing non-safepoint VM operation: HandshakeAllThreads (Deoptimize)
Event: 3.870 Executing non-safepoint VM operation: HandshakeAllThreads (Deoptimize) done
Event: 4.013 Executing non-safepoint VM operation: HandshakeAllThreads (Deoptimize)
Event: 4.013 Executing non-safepoint VM operation: HandshakeAllThreads (Deoptimize) done
Event: 4.123 Executing non-safepoint VM operation: HandshakeAllThreads (Deoptimize)
Event: 4.123 Executing non-safepoint VM operation: HandshakeAllThreads (Deoptimize) done
Event: 4.856 Executing safepoint VM operation: ICBufferFull
Event: 4.857 Executing safepoint VM operation: ICBufferFull done
Event: 5.053 Executing non-safepoint VM operation: HandshakeAllThreads (Deoptimize)
Event: 5.053 Executing non-safepoint VM operation: HandshakeAllThreads (Deoptimize) done
Event: 5.379 Executing non-safepoint VM operation: HandshakeAllThreads (Deoptimize)
Event: 5.379 Executing non-safepoint VM operation: HandshakeAllThreads (Deoptimize) done
Event: 6.377 Executing safepoint VM operation: Cleanup
Event: 6.378 Executing safepoint VM operation: Cleanup done
Event: 6.575 Executing non-safepoint VM operation: HandshakeAllThreads (Deoptimize)
Event: 6.575 Executing non-safepoint VM operation: HandshakeAllThreads (Deoptimize) done
Event: 6.577 Executing non-safepoint VM operation: HandshakeAllThreads (Deoptimize)
Event: 6.577 Executing non-safepoint VM operation: HandshakeAllThreads (Deoptimize) done

Memory protections (0 events):
No events

Nmethod flushes (0 events):
No events

Events (20 events):
Event: 1.084 Thread 0x000001fe16261b10 Thread added: 0x000001fe165debf0
Event: 1.922 Thread 0x000001fe165debf0 Thread exited: 0x000001fe165debf0
Event: 2.532 Thread 0x000001fe165de540 Thread exited: 0x000001fe165de540
Event: 3.182 Thread 0x000001fe16261b10 Thread added: 0x000001fe36d951c0
Event: 3.594 Thread 0x000001fe7e7e6da0 Thread added: 0x000001fe370f41a0
Event: 3.967 Thread 0x000001fe7e7e6da0 Thread added: 0x000001fe370b3690
Event: 4.104 Thread 0x000001fe7e7e6da0 Thread added: 0x000001fe373ebc20
Event: 4.217 Thread 0x000001fe370b3690 Thread added: 0x000001fe3710dcc0
Event: 4.249 Thread 0x000001fe3710dcc0 Thread added: 0x000001fe37052c30
Event: 4.347 Thread 0x000001fe36d951c0 Thread exited: 0x000001fe36d951c0
Event: 4.370 Thread 0x000001fe3710dcc0 Thread added: 0x000001fe37056f40
Event: 4.389 Thread 0x000001fe3710dcc0 Thread added: 0x000001fe37015300
Event: 4.433 Thread 0x000001fe37015300 Thread added: 0x000001fe37013230
Event: 4.438 Thread 0x000001fe37015300 Thread added: 0x000001fe37013f50
Event: 4.445 Thread 0x000001fe37015300 Thread added: 0x000001fe37011e80
Event: 5.379 Thread 0x000001fe37015300 Thread added: 0x000001fe370145e0
Event: 5.402 Thread 0x000001fe37015300 Thread added: 0x000001fe37012ba0
Event: 6.120 Thread 0x000001fe37015300 Thread added: 0x000001fe370138c0
Event: 6.220 Thread 0x000001fe37012ba0 Thread added: 0x000001fe37014c70
Event: 6.515 Thread 0x000001fe16261b10 Thread added: 0x000001fe37c02be0


Dynamic libraries:
0x00007ff605190000 - 0x00007ff60519e000 	C:\Users\notai\.vscode\extensions\redhat.java-1.54.0-win32-x64\jre\21.0.10-win32-x86_64\bin\java.exe
0x00007ffdc2550000 - 0x00007ffdc2768000 	C:\WINDOWS\SYSTEM32\ntdll.dll
0x00007ffdc1c80000 - 0x00007ffdc1d44000 	C:\WINDOWS\System32\KERNEL32.DLL
0x00007ffdbfc70000 - 0x00007ffdc0043000 	C:\WINDOWS\System32\KERNELBASE.dll
0x00007ffdbf970000 - 0x00007ffdbfa81000 	C:\WINDOWS\System32\ucrtbase.dll
0x00007ffd99a50000 - 0x00007ffd99a68000 	C:\Users\notai\.vscode\extensions\redhat.java-1.54.0-win32-x64\jre\21.0.10-win32-x86_64\bin\jli.dll
0x00007ffdc2010000 - 0x00007ffdc21c2000 	C:\WINDOWS\System32\USER32.dll
0x00007ffdbf850000 - 0x00007ffdbf876000 	C:\WINDOWS\System32\win32u.dll
0x00007ffdc2450000 - 0x00007ffdc2479000 	C:\WINDOWS\System32\GDI32.dll
0x00007ffdc00d0000 - 0x00007ffdc01eb000 	C:\WINDOWS\System32\gdi32full.dll
0x00007ffdbfbd0000 - 0x00007ffdbfc6a000 	C:\WINDOWS\System32\msvcp_win.dll
0x00007ffd99a30000 - 0x00007ffd99a4e000 	C:\Users\notai\.vscode\extensions\redhat.java-1.54.0-win32-x64\jre\21.0.10-win32-x86_64\bin\VCRUNTIME140.dll
0x00007ffd89560000 - 0x00007ffd897fc000 	C:\WINDOWS\WinSxS\amd64_microsoft.windows.common-controls_6595b64144ccf1df_6.0.22621.6060_none_2712eda17382d24b\COMCTL32.dll
0x00007ffdc1ab0000 - 0x00007ffdc1b57000 	C:\WINDOWS\System32\msvcrt.dll
0x00007ffdc1a70000 - 0x00007ffdc1aa1000 	C:\WINDOWS\System32\IMM32.DLL
0x00007ffda4980000 - 0x00007ffda498c000 	C:\Users\notai\.vscode\extensions\redhat.java-1.54.0-win32-x64\jre\21.0.10-win32-x86_64\bin\vcruntime140_1.dll
0x00007ffd93240000 - 0x00007ffd932cd000 	C:\Users\notai\.vscode\extensions\redhat.java-1.54.0-win32-x64\jre\21.0.10-win32-x86_64\bin\msvcp140.dll
0x00007ffce4cb0000 - 0x00007ffce5a51000 	C:\Users\notai\.vscode\extensions\redhat.java-1.54.0-win32-x64\jre\21.0.10-win32-x86_64\bin\server\jvm.dll
0x00007ffdc19a0000 - 0x00007ffdc1a51000 	C:\WINDOWS\System32\ADVAPI32.dll
0x00007ffdc2250000 - 0x00007ffdc22f8000 	C:\WINDOWS\System32\sechost.dll
0x00007ffdbf880000 - 0x00007ffdbf8a8000 	C:\WINDOWS\System32\bcrypt.dll
0x00007ffdc1b60000 - 0x00007ffdc1c78000 	C:\WINDOWS\System32\RPCRT4.dll
0x00007ffdc1de0000 - 0x00007ffdc1e51000 	C:\WINDOWS\System32\WS2_32.dll
0x00007ffdbf530000 - 0x00007ffdbf57d000 	C:\WINDOWS\SYSTEM32\POWRPROF.dll
0x00007ffdb7e20000 - 0x00007ffdb7e54000 	C:\WINDOWS\SYSTEM32\WINMM.dll
0x00007ffdb8070000 - 0x00007ffdb807a000 	C:\WINDOWS\SYSTEM32\VERSION.dll
0x00007ffdbf510000 - 0x00007ffdbf523000 	C:\WINDOWS\SYSTEM32\UMPDC.dll
0x00007ffdbe5a0000 - 0x00007ffdbe5b8000 	C:\WINDOWS\SYSTEM32\kernel.appcore.dll
0x00007ffd99520000 - 0x00007ffd9952a000 	C:\Users\notai\.vscode\extensions\redhat.java-1.54.0-win32-x64\jre\21.0.10-win32-x86_64\bin\jimage.dll
0x00007ffdbca10000 - 0x00007ffdbcc43000 	C:\WINDOWS\SYSTEM32\DBGHELP.DLL
0x00007ffdc01f0000 - 0x00007ffdc0581000 	C:\WINDOWS\System32\combase.dll
0x00007ffdc2300000 - 0x00007ffdc23d8000 	C:\WINDOWS\System32\OLEAUT32.dll
0x00007ffda7890000 - 0x00007ffda78c2000 	C:\WINDOWS\SYSTEM32\dbgcore.DLL
0x00007ffdbf660000 - 0x00007ffdbf6db000 	C:\WINDOWS\System32\bcryptPrimitives.dll
0x00007ffd98870000 - 0x00007ffd9887f000 	C:\Users\notai\.vscode\extensions\redhat.java-1.54.0-win32-x64\jre\21.0.10-win32-x86_64\bin\instrument.dll
0x00007ffd982c0000 - 0x00007ffd982e0000 	C:\Users\notai\.vscode\extensions\redhat.java-1.54.0-win32-x64\jre\21.0.10-win32-x86_64\bin\java.dll
0x00007ffdc08a0000 - 0x00007ffdc113c000 	C:\WINDOWS\System32\SHELL32.dll
0x00007ffdbfa90000 - 0x00007ffdbfbcf000 	C:\WINDOWS\System32\wintypes.dll
0x00007ffdbd510000 - 0x00007ffdbde2a000 	C:\WINDOWS\SYSTEM32\windows.storage.dll
0x00007ffdc15c0000 - 0x00007ffdc16c4000 	C:\WINDOWS\System32\SHCORE.dll
0x00007ffdc23e0000 - 0x00007ffdc2449000 	C:\WINDOWS\System32\shlwapi.dll
0x00007ffdbf590000 - 0x00007ffdbf5b5000 	C:\WINDOWS\SYSTEM32\profapi.dll
0x00007ffd97250000 - 0x00007ffd97268000 	C:\Users\notai\.vscode\extensions\redhat.java-1.54.0-win32-x64\jre\21.0.10-win32-x86_64\bin\zip.dll
0x00007ffd987d0000 - 0x00007ffd987e0000 	C:\Users\notai\.vscode\extensions\redhat.java-1.54.0-win32-x64\jre\21.0.10-win32-x86_64\bin\net.dll
0x00007ffdb8990000 - 0x00007ffdb8abc000 	C:\WINDOWS\SYSTEM32\WINHTTP.dll
0x00007ffdbead0000 - 0x00007ffdbeb39000 	C:\WINDOWS\system32\mswsock.dll
0x00007ffd97230000 - 0x00007ffd97246000 	C:\Users\notai\.vscode\extensions\redhat.java-1.54.0-win32-x64\jre\21.0.10-win32-x86_64\bin\nio.dll
0x00007ffd98600000 - 0x00007ffd98610000 	C:\Users\notai\.vscode\extensions\redhat.java-1.54.0-win32-x64\jre\21.0.10-win32-x86_64\bin\verify.dll
0x00007ffda0660000 - 0x00007ffda0687000 	C:\Users\notai\.gradle\native\c067742578af261105cb4f569cf0c3c89f3d7b1fecec35dd04571415982c5e48\windows-amd64\native-platform.dll
0x00007ffd50860000 - 0x00007ffd509a4000 	C:\Users\notai\.gradle\native\100fb08df4bc3b14c8652ba06237920a3bd2aa13389f12d3474272988ae205f9\windows-amd64\native-platform-file-events.dll
0x00007ffd97200000 - 0x00007ffd9720a000 	C:\Users\notai\.vscode\extensions\redhat.java-1.54.0-win32-x64\jre\21.0.10-win32-x86_64\bin\management.dll
0x00007ffd971f0000 - 0x00007ffd971fc000 	C:\Users\notai\.vscode\extensions\redhat.java-1.54.0-win32-x64\jre\21.0.10-win32-x86_64\bin\management_ext.dll
0x00007ffdc24e0000 - 0x00007ffdc24e8000 	C:\WINDOWS\System32\PSAPI.DLL
0x00007ffdbed50000 - 0x00007ffdbed6b000 	C:\WINDOWS\SYSTEM32\CRYPTSP.dll
0x00007ffdbe560000 - 0x00007ffdbe597000 	C:\WINDOWS\system32\rsaenh.dll
0x00007ffdbebf0000 - 0x00007ffdbec18000 	C:\WINDOWS\SYSTEM32\USERENV.dll
0x00007ffdbed70000 - 0x00007ffdbed7c000 	C:\WINDOWS\SYSTEM32\CRYPTBASE.dll
0x00007ffdbe0d0000 - 0x00007ffdbe0fd000 	C:\WINDOWS\SYSTEM32\IPHLPAPI.DLL
0x00007ffdc1a60000 - 0x00007ffdc1a69000 	C:\WINDOWS\System32\NSI.dll
0x00007ffd983e0000 - 0x00007ffd983e9000 	C:\Users\notai\.vscode\extensions\redhat.java-1.54.0-win32-x64\jre\21.0.10-win32-x86_64\bin\extnet.dll
0x00007ffd98570000 - 0x00007ffd9857e000 	C:\Users\notai\.vscode\extensions\redhat.java-1.54.0-win32-x64\jre\21.0.10-win32-x86_64\bin\sunmscapi.dll
0x00007ffdbf6e0000 - 0x00007ffdbf848000 	C:\WINDOWS\System32\CRYPT32.dll
0x00007ffdbef30000 - 0x00007ffdbef5e000 	C:\WINDOWS\SYSTEM32\ncrypt.dll
0x00007ffdbeef0000 - 0x00007ffdbef27000 	C:\WINDOWS\SYSTEM32\NTASN1.dll
0x00007ffd45e80000 - 0x00007ffd45e88000 	C:\WINDOWS\system32\wshunix.dll

JVMTI agents:
C:\Users\notai\.gradle\wrapper\dists\gradle-8.9-bin\90cnw93cvbtalezasaz0blq0a\gradle-8.9\lib\agents\gradle-instrumentation-agent-8.9.jar path:C:\Users\notai\.vscode\extensions\redhat.java-1.54.0-win32-x64\jre\21.0.10-win32-x86_64\bin\instrument.dll, loaded, initialized, instrumentlib options:none

dbghelp: loaded successfully - version: 4.0.5 - missing functions: none
symbol engine: initialized successfully - sym options: 0x614 - pdb path: .;C:\Users\notai\.vscode\extensions\redhat.java-1.54.0-win32-x64\jre\21.0.10-win32-x86_64\bin;C:\WINDOWS\SYSTEM32;C:\WINDOWS\WinSxS\amd64_microsoft.windows.common-controls_6595b64144ccf1df_6.0.22621.6060_none_2712eda17382d24b;C:\Users\notai\.vscode\extensions\redhat.java-1.54.0-win32-x64\jre\21.0.10-win32-x86_64\bin\server;C:\Users\notai\.gradle\native\c067742578af261105cb4f569cf0c3c89f3d7b1fecec35dd04571415982c5e48\windows-amd64;C:\Users\notai\.gradle\native\100fb08df4bc3b14c8652ba06237920a3bd2aa13389f12d3474272988ae205f9\windows-amd64

VM Arguments:
jvm_args: -XX:MaxMetaspaceSize=512m -XX:+HeapDumpOnOutOfMemoryError --add-opens=java.base/java.util=ALL-UNNAMED --add-opens=java.base/java.lang=ALL-UNNAMED --add-opens=java.base/java.lang.invoke=ALL-UNNAMED --add-opens=java.prefs/java.util.prefs=ALL-UNNAMED --add-exports=jdk.compiler/com.sun.tools.javac.api=ALL-UNNAMED --add-exports=jdk.compiler/com.sun.tools.javac.util=ALL-UNNAMED --add-opens=java.base/java.nio.charset=ALL-UNNAMED --add-opens=java.base/java.net=ALL-UNNAMED --add-opens=java.base/java.util.concurrent.atomic=ALL-UNNAMED -Xmx2048m -Dfile.encoding=UTF-8 -Duser.country=US -Duser.language=en -Duser.variant -javaagent:C:\Users\notai\.gradle\wrapper\dists\gradle-8.9-bin\90cnw93cvbtalezasaz0blq0a\gradle-8.9\lib\agents\gradle-instrumentation-agent-8.9.jar 
java_command: org.gradle.launcher.daemon.bootstrap.GradleDaemon 8.9
java_class_path (initial): C:\Users\notai\.gradle\wrapper\dists\gradle-8.9-bin\90cnw93cvbtalezasaz0blq0a\gradle-8.9\lib\gradle-daemon-main-8.9.jar
Launcher Type: SUN_STANDARD

[Global flags]
     intx CICompilerCount                          = 4                                         {product} {ergonomic}
   size_t CompressedClassSpaceSize                 = 436207616                                 {product} {ergonomic}
     uint ConcGCThreads                            = 2                                         {product} {ergonomic}
     uint G1ConcRefinementThreads                  = 8                                         {product} {ergonomic}
   size_t G1HeapRegionSize                         = 1048576                                   {product} {ergonomic}
    uintx GCDrainStackTargetSize                   = 64                                        {product} {ergonomic}
     bool HeapDumpOnOutOfMemoryError               = true                                   {manageable} {command line}
   size_t InitialHeapSize                          = 532676608                                 {product} {ergonomic}
   size_t MarkStackSize                            = 4194304                                   {product} {ergonomic}
   size_t MaxHeapSize                              = 2147483648                                {product} {command line}
   size_t MaxMetaspaceSize                         = 536870912                                 {product} {command line}
   size_t MaxNewSize                               = 1287651328                                {product} {ergonomic}
   size_t MinHeapDeltaBytes                        = 1048576                                   {product} {ergonomic}
   size_t MinHeapSize                              = 8388608                                   {product} {ergonomic}
    uintx NonNMethodCodeHeapSize                   = 5839372                                {pd product} {ergonomic}
    uintx NonProfiledCodeHeapSize                  = 122909434                              {pd product} {ergonomic}
    uintx ProfiledCodeHeapSize                     = 122909434                              {pd product} {ergonomic}
    uintx ReservedCodeCacheSize                    = 251658240                              {pd product} {ergonomic}
     bool SegmentedCodeCache                       = true                                      {product} {ergonomic}
   size_t SoftMaxHeapSize                          = 2147483648                             {manageable} {ergonomic}
     bool UseCompressedOops                        = true                           {product lp64_product} {ergonomic}
     bool UseG1GC                                  = true                                      {product} {ergonomic}
     bool UseLargePagesIndividualAllocation        = false                                  {pd product} {ergonomic}

Logging:
Log output configuration:
 #0: stdout all=warning uptime,level,tags foldmultilines=false
 #1: stderr all=off uptime,level,tags foldmultilines=false

Release file:
JAVA_VERSION="21.0.10" 
MODULES="java.base java.compiler java.datatransfer java.xml java.prefs java.desktop java.instrument java.logging java.management java.security.sasl java.naming java.rmi java.management.rmi java.net.http java.scripting java.security.jgss java.transaction.xa java.sql java.sql.rowset java.xml.crypto java.se java.smartcardio jdk.accessibility jdk.internal.jvmstat jdk.attach jdk.charsets jdk.internal.opt jdk.zipfs jdk.compiler jdk.crypto.ec jdk.crypto.cryptoki jdk.crypto.mscapi jdk.dynalink jdk.internal.ed jdk.editpad jdk.hotspot.agent jdk.httpserver jdk.internal.le jdk.internal.vm.ci jdk.internal.vm.compiler jdk.internal.vm.compiler.management jdk.jartool jdk.javadoc jdk.jcmd jdk.management jdk.management.agent jdk.jconsole jdk.jdeps jdk.jdwp.agent jdk.jdi jdk.jfr jdk.jshell jdk.jsobject jdk.jstatd jdk.localedata jdk.management.jfr jdk.naming.dns jdk.naming.rmi jdk.net jdk.nio.mapmode jdk.random jdk.sctp jdk.security.auth jdk.security.jgss jdk.unsupported jdk.unsupported.desktop jdk.xml.dom" 

Environment Variables:
JAVA_HOME=C:\Program Files\Java\jdk-21
PATH=C:\Users\notai\AppData\Local\Programs\Microsoft VS Code;C:\Program Files (x86)\Common Files\Intel\Shared Libraries\redist\intel64\compiler;C:\Program Files\Java\jdk-21\bin;C:\Program Files\Java\jdk-17\bin;C:\Program Files\Common Files\Oracle\Java\javapath;C:\Program Files (x86)\Common Files\Oracle\Java\java8path;C:\Program Files (x86)\Common Files\Oracle\Java\javapath;C:\Program Files (x86)\Microsoft SDKs\Azure\CLI2\wbin;C:\Program Files (x86)\Common Files\Intel\Shared Files\cpp\bin\Intel64;C:\WINDOWS\system32;C:\WINDOWS;C:\WINDOWS\System32\Wbem;C:\WINDOWS\System32\WindowsPowerShell\v1.0\;C:\WINDOWS\System32\OpenSSH\;C:\Program Files\Microsoft SQL Server\Client SDK\ODBC\130\Tools\Binn\;C:\Program Files (x86)\Microsoft SQL Server\140\Tools\Binn\;C:\Program Files\Microsoft SQL Server\140\Tools\Binn\;C:\Program Files\Microsoft SQL Server\140\DTS\Binn\;C:\Program Files (x86)\HP\IdrsOCR_15.2.10.1114\;C:\Program Files\dotnet\;C:\Program Files\Git LFS;C:\Program Files\Microsoft SQL Server\Client SDK\ODBC\170\Tools\Binn\;C:\Program Files (x86)\Microsoft SQL Server\150\Tools\Binn\;C:\Program Files\Microsoft SQL Server\150\Tools\Binn\;C:\Program Files\Microsoft SQL Server\150\DTS\Binn\;C:\Program Files (x86)\QuickTime\QTSystem\;C:\Program Files\Git\cmd;C:\Program Files\HP\Common\HPDestPlgIn\;C:\Program Files (x86)\HP\Common\HPDestPlgIn\;C:\Program Files\nodejs\;C:\Users\notai\platform-tools;D:\Users\notai\AppData\Local\pnpm;C:\Users\notai\AppData\Local\Programs\Python\Python312\Scripts\;C:\Users\notai\AppData\Local\Programs\Python\Python312\;C:\Users\notai\AppData\Local\Programs\Python\Python311\Scripts;C:\Users\notai\AppData\Local\Programs\Python\Python311;C:\Users\notai\AppData\Roaming\Python\Python311\Scripts;C:\Python310\Scripts\;C:\Python310\;C:\Users\notai\AppData\Local\Programs\Python\Python310\Scripts\;C:\Users\notai\AppData\Local\Programs\Python\Python310\;C:\Users\notai\AppData\Local\Packages\PythonSoftwareFoundation.Python.3.9_qbz5n2kfra8p0\LocalCache\local-packages\Python39\Scripts;C:\Users\notai\AppData\Local\Microsoft\WindowsApps;C:\Users\notai\AppData\Local\Programs\Microsoft VS Code\bin;C:\Users\notai\.dotnet\tools;C:\Users\notai\AppData\Local\GitHubDesktop\bin;C:\Program Files\JetBrains\PyCharm Community Edition 2022.3\bin;C:\Program Files\heroku\bin;C:\Program Files\Azure Data Studio\bin;C:\Users\notai\Downloads\flutter\bin;C:\Users\notai\AppData\Local\Google\Cloud SDK\google-cloud-sdk\bin;C:\Users\notai\AppData\Local\JetBrains\Toolbox\scripts;C:\Program Files\JetBrains\PyCharm Community Edition 2024.1.2\bin;;E:\Program Files\JetBrains\IntelliJ IDEA Community Edition 2024.3.4.1\bin;;C:\Program Files\Azure Data Studio\bin;C:\Program Files\HP\Common\HPDestPlgIn\;C:\Program Files (x86)\HP\Common\HPDestPlgIn\;C:\Users\notai\AppData\Roaming\npm;C:\apache-maven-3.9.9\bin;D:\android\cmdline-tools\latest\bin;D:\android\platform-tools;C:\Users\notai\AppData\Local\Python\bin
USERNAME=notai
OS=Windows_NT
PROCESSOR_IDENTIFIER=Intel64 Family 6 Model 126 Stepping 5, GenuineIntel
TMP=C:\Users\notai\AppData\Local\Temp
TEMP=C:\Users\notai\AppData\Local\Temp




Periodic native trim disabled

---------------  S Y S T E M  ---------------

OS:
 Windows 11 , 64 bit Build 22621 (10.0.22621.5415)
OS uptime: 4 days 7:40 hours
Hyper-V role detected

CPU: total 8 (initial active 8) (4 cores per cpu, 2 threads per core) family 6 model 126 stepping 5 microcode 0xca, cx8, cmov, fxsr, ht, mmx, 3dnowpref, sse, sse2, sse3, ssse3, sse4.1, sse4.2, popcnt, lzcnt, tsc, tscinvbit, avx, avx2, aes, erms, clmul, bmi1, bmi2, adx, avx512f, avx512dq, avx512cd, avx512bw, avx512vl, sha, fma, vzeroupper, avx512_vpopcntdq, avx512_vpclmulqdq, avx512_vaes, avx512_vnni, clflush, clflushopt, avx512_vbmi2, avx512_vbmi, hv, rdtscp, rdpid, fsrm, gfni, avx512_bitalg, f16c, avx512_ifma
Processor Information for the first 8 processors :
  Max Mhz: 1201, Current Mhz: 1201, Mhz Limit: 1201

Memory: 4k page, system-wide physical 32455M (9123M free)
TotalPageFile size 32455M (AvailPageFile size 15M)
current process WorkingSet (physical memory assigned to process): 246M, peak: 246M
current process commit charge ("private bytes"): 696M, peak: 696M

vm_info: OpenJDK 64-Bit Server VM (21.0.10+7-LTS) for windows-amd64 JRE (21.0.10+7-LTS), built on 2026-01-20T00:00:00Z by "admin" with MS VC++ 17.12 (VS2022)

END.
